Workbook

Sheet RESUMEN SEPTIEMBRE
B2: RESUMEN DE COMPRAS · SEPTIEMBRE 2026
B3: LA MINA DE CHAMARTÍN
B4: Todo se calcula desde la hoja TOTAL SEPTIEMBRE. La columna de agosto es el importe fijo del Excel de agosto.
B6: BASE IMPONIBLE | D6: CUOTA IVA | F6: TOTAL CON IVA
B7: =SUM('TOTAL SEPTIEMBRE'!D4:D2000) | D7: =SUM('TOTAL SEPTIEMBRE'!F4:F2000)-SUM('TOTAL SEPTIEMBRE'!D4:D2000) | F7: =SUM('TOTAL SEPTIEMBRE'!F4:F2000)
B9: Nº ALBARANES | D9: Nº PROVEEDORES | F9: CUADRES A REVISAR
B10: =SUMPRODUCT(('TOTAL SEPTIEMBRE'!B4:B1000<>"")/COUNTIFS('TOTAL SEPTIEMBRE'!B4:B1000,'TOTAL SEPTIEMBRE'!B4:B1000&"",'TOTAL SEPTIEMBRE'!C4:C1000,'TOTAL SEPTIEMBRE'!C4:C1000&"")) | D10: =SUMPRODUCT(('TOTAL SEPTIEMBRE'!B4:B2000<>"")/COUNTIF('TOTAL SEPTIEMBRE'!B4:B2000,'TOTAL SEPTIEMBRE'!B4:B2000&"")) | F10: =COUNTIF('CUADRE ALBARANES'!H:H,"REVISAR")
B12: BASE AL 4% DE IVA | D12: BASE AL 10% DE IVA | F12: BASE AL 21% DE IVA | H12: SIN IVA EN EL TICKET
B13: =SUMIF('TOTAL SEPTIEMBRE'!$E$4:$E$2000,0.04,'TOTAL SEPTIEMBRE'!$D$4:$D$2000) | D13: =SUMIF('TOTAL SEPTIEMBRE'!$E$4:$E$2000,0.1,'TOTAL SEPTIEMBRE'!$D$4:$D$2000) | F13: =SUMIF('TOTAL SEPTIEMBRE'!$E$4:$E$2000,0.21,'TOTAL SEPTIEMBRE'!$D$4:$D$2000) | H13: =SUMIF('TOTAL SEPTIEMBRE'!$E$4:$E$2000,0,'TOTAL SEPTIEMBRE'!$D$4:$D$2000)
B16: COMPRAS POR PROVEEDOR
B17: PROVEEDOR | C17: Nº ALB. | D17: BASE SEPTIEMBRE | E17: % DEL MES | F17: BASE AGOSTO | G17: DIF. € | H17: DIF. %
B18: PESCARUM | C18: =SUMPRODUCT(('TOTAL SEPTIEMBRE'!$B$4:$B$1000=B18)/COUNTIFS('TOTAL SEPTIEMBRE'!$B$4:$B$1000,'TOTAL SEPTIEMBRE'!$B$4:$B$1000&"",'TOTAL SEPTIEMBRE'!$C$4:$C$1000,'TOTAL SEPTIEMBRE'!$C$4:$C$1000&"")) | D18: =SUMIF('TOTAL SEPTIEMBRE'!$B$4:$B$2000,B18,'TOTAL SEPTIEMBRE'!$D$4:$D$2000) | E18: =IF($D$61=0,0,D18/$D$61) | F18: 5112.89 | G18: =IF(F18="","",D18-F18) | H18: =IF(OR(F18="",N(F18)=0),"",D18/F18-1)
B19: MAHOU | C19: =SUMPRODUCT(('TOTAL SEPTIEMBRE'!$B$4:$B$1000=B19)/COUNTIFS('TOTAL SEPTIEMBRE'!$B$4:$B$1000,'TOTAL SEPTIEMBRE'!$B$4:$B$1000&"",'TOTAL SEPTIEMBRE'!$C$4:$C$1000,'TOTAL SEPTIEMBRE'!$C$4:$C$1000&"")) | D19: =SUMIF('TOTAL SEPTIEMBRE'!$B$4:$B$2000,B19,'TOTAL SEPTIEMBRE'!$D$4:$D$2000) | E19: =IF($D$61=0,0,D19/$D$61) | G19: =IF(F19="","",D19-F19) | H19: =IF(OR(F19="",N(F19)=0),"",D19/F19-1)
B20: VOLDIS | C20: =SUMPRODUCT(('TOTAL SEPTIEMBRE'!$B$4:$B$1000=B20)/COUNTIFS('TOTAL SEPTIEMBRE'!$B$4:$B$1000,'TOTAL SEPTIEMBRE'!$B$4:$B$1000&"",'TOTAL SEPTIEMBRE'!$C$4:$C$1000,'TOTAL SEPTIEMBRE'!$C$4:$C$1000&"")) | D20: =SUMIF('TOTAL SEPTIEMBRE'!$B$4:$B$2000,B20,'TOTAL SEPTIEMBRE'!$D$4:$D$2000) | E20: =IF($D$61=0,0,D20/$D$61) | F20: 780.87 | G20: =IF(F20="","",D20-F20) | H20: =IF(OR(F20="",N(F20)=0),"",D20/F20-1)
B21: AGROFOOD | C21: =SUMPRODUCT(('TOTAL SEPTIEMBRE'!$B$4:$B$1000=B21)/COUNTIFS('TOTAL SEPTIEMBRE'!$B$4:$B$1000,'TOTAL SEPTIEMBRE'!$B$4:$B$1000&"",'TOTAL SEPTIEMBRE'!$C$4:$C$1000,'TOTAL SEPTIEMBRE'!$C$4:$C$1000&"")) | D21: =SUMIF('TOTAL SEPTIEMBRE'!$B$4:$B$2000,B21,'TOTAL SEPTIEMBRE'!$D$4:$D$2000) | E21: =IF($D$61=0,0,D21/$D$61) | F21: 1199.46 | G21: =IF(F21="","",D21-F21) | H21: =IF(OR(F21="",N(F21)=0),"",D21/F21-1)
B22: MAKRO | C22: =SUMPRODUCT(('TOTAL SEPTIEMBRE'!$B$4:$B$1000=B22)/COUNTIFS('TOTAL SEPTIEMBRE'!$B$4:$B$1000,'TOTAL SEPTIEMBRE'!$B$4:$B$1000&"",'TOTAL SEPTIEMBRE'!$C$4:$C$1000,'TOTAL SEPTIEMBRE'!$C$4:$C$1000&"")) | D22: =SUMIF('TOTAL SEPTIEMBRE'!$B$4:$B$2000,B22,'TOTAL SEPTIEMBRE'!$D$4:$D$2000) | E22: =IF($D$61=0,0,D22/$D$61) | G22: =IF(F22="","",D22-F22) | H22: =IF(OR(F22="",N(F22)=0),"",D22/F22-1)
B23: MARTIN CANEDA | C23: =SUMPRODUCT(('TOTAL SEPTIEMBRE'!$B$4:$B$1000=B23)/COUNTIFS('TOTAL SEPTIEMBRE'!$B$4:$B$1000,'TOTAL SEPTIEMBRE'!$B$4:$B$1000&"",'TOTAL SEPTIEMBRE'!$C$4:$C$1000,'TOTAL SEPTIEMBRE'!$C$4:$C$1000&"")) | D23: =SUMIF('TOTAL SEPTIEMBRE'!$B$4:$B$2000,B23,'TOTAL SEPTIEMBRE'!$D$4:$D$2000) | E23: =IF($D$61=0,0,D23/$D$61) | F23: 1617.8 | G23: =IF(F23="","",D23-F23) | H23: =IF(OR(F23="",N(F23)=0),"",D23/F23-1)
B24: MUNDELA | C24: =SUMPRODUCT(('TOTAL SEPTIEMBRE'!$B$4:$B$1000=B24)/COUNTIFS('TOTAL SEPTIEMBRE'!$B$4:$B$1000,'TOTAL SEPTIEMBRE'!$B$4:$B$1000&"",'TOTAL SEPTIEMBRE'!$C$4:$C$1000,'TOTAL SEPTIEMBRE'!$C$4:$C$1000&"")) | D24: =SUMIF('TOTAL SEPTIEMBRE'!$B$4:$B$2000,B24,'TOTAL SEPTIEMBRE'!$D$4:$D$2000) | E24: =IF($D$61=0,0,D24/$D$61) | F24: 1920.54 | G24: =IF(F24="","",D24-F24) | H24: =IF(OR(F24="",N(F24)=0),"",D24/F24-1)
B25: DIST. TENA MTNEZ | C25: =SUMPRODUCT(('TOTAL SEPTIEMBRE'!$B$4:$B$1000=B25)/COUNTIFS('TOTAL SEPTIEMBRE'!$B$4:$B$1000,'TOTAL SEPTIEMBRE'!$B$4:$B$1000&"",'TOTAL SEPTIEMBRE'!$C$4:$C$1000,'TOTAL SEPTIEMBRE'!$C$4:$C$1000&"")) | D25: =SUMIF('TOTAL SEPTIEMBRE'!$B$4:$B$2000,B25,'TOTAL SEPTIEMBRE'!$D$4:$D$2000) | E25: =IF($D$61=0,0,D25/$D$61) | F25: 1320.36 | G25: =IF(F25="","",D25-F25) | H25: =IF(OR(F25="",N(F25)=0),"",D25/F25-1)
B26: ACEITE Y SAL | C26: =SUMPRODUCT(('TOTAL SEPTIEMBRE'!$B$4:$B$1000=B26)/COUNTIFS('TOTAL SEPTIEMBRE'!$B$4:$B$1000,'TOTAL SEPTIEMBRE'!$B$4:$B$1000&"",'TOTAL SEPTIEMBRE'!$C$4:$C$1000,'TOTAL SEPTIEMBRE'!$C$4:$C$1000&"")) | D26: =SUMIF('TOTAL SEPTIEMBRE'!$B$4:$B$2000,B26,'TOTAL SEPTIEMBRE'!$D$4:$D$2000) | E26: =IF($D$61=0,0,D26/$D$61) | G26: =IF(F26="","",D26-F26) | H26: =IF(OR(F26="",N(F26)=0),"",D26/F26-1)
B27: CONS. Y SAL. JIMENEZ | C27: =SUMPRODUCT(('TOTAL SEPTIEMBRE'!$B$4:$B$1000=B27)/COUNTIFS('TOTAL SEPTIEMBRE'!$B$4:$B$1000,'TOTAL SEPTIEMBRE'!$B$4:$B$1000&"",'TOTAL SEPTIEMBRE'!$C$4:$C$1000,'TOTAL SEPTIEMBRE'!$C$4:$C$1000&"")) | D27: =SUMIF('TOTAL SEPTIEMBRE'!$B$4:$B$2000,B27,'TOTAL SEPTIEMBRE'!$D$4:$D$2000) | E27: =IF($D$61=0,0,D27/$D$61) | F27: 1061.59 | G27: =IF(F27="","",D27-F27) | H27: =IF(OR(F27="",N(F27)=0),"",D27/F27-1)
B28: CRUSTAPESCA | C28: =SUMPRODUCT(('TOTAL SEPTIEMBRE'!$B$4:$B$1000=B28)/COUNTIFS('TOTAL SEPTIEMBRE'!$B$4:$B$1000,'TOTAL SEPTIEMBRE'!$B$4:$B$1000&"",'TOTAL SEPTIEMBRE'!$C$4:$C$1000,'TOTAL SEPTIEMBRE'!$C$4:$C$1000&"")) | D28: =SUMIF('TOTAL SEPTIEMBRE'!$B$4:$B$2000,B28,'TOTAL SEPTIEMBRE'!$D$4:$D$2000) | E28: =IF($D$61=0,0,D28/$D$61) | F28: 772 | G28: =IF(F28="","",D28-F28) | H28: =IF(OR(F28="",N(F28)=0),"",D28/F28-1)
B29: PEÑALASTALLAS | C29: =SUMPRODUCT(('TOTAL SEPTIEMBRE'!$B$4:$B$1000=B29)/COUNTIFS('TOTAL SEPTIEMBRE'!$B$4:$B$1000,'TOTAL SEPTIEMBRE'!$B$4:$B$1000&"",'TOTAL SEPTIEMBRE'!$C$4:$C$1000,'TOTAL SEPTIEMBRE'!$C$4:$C$1000&"")) | D29: =SUMIF('TOTAL SEPTIEMBRE'!$B$4:$B$2000,B29,'TOTAL SEPTIEMBRE'!$D$4:$D$2000) | E29: =IF($D$61=0,0,D29/$D$61) | F29: 519.69 | G29: =IF(F29="","",D29-F29) | H29: =IF(OR(F29="",N(F29)=0),"",D29/F29-1)
B30: MANUEL AMBRES | C30: =SUMPRODUCT(('TOTAL SEPTIEMBRE'!$B$4:$B$1000=B30)/COUNTIFS('TOTAL SEPTIEMBRE'!$B$4:$B$1000,'TOTAL SEPTIEMBRE'!$B$4:$B$1000&"",'TOTAL SEPTIEMBRE'!$C$4:$C$1000,'TOTAL SEPTIEMBRE'!$C$4:$C$1000&"")) | D30: =SUMIF('TOTAL SEPTIEMBRE'!$B$4:$B$2000,B30,'TOTAL SEPTIEMBRE'!$D$4:$D$2000) | E30: =IF($D$61=0,0,D30/$D$61) | F30: 425 | G30: =IF(F30="","",D30-F30) | H30: =IF(OR(F30="",N(F30)=0),"",D30/F30-1)
B31: AGMASFOOD | C31: =SUMPRODUCT(('TOTAL SEPTIEMBRE'!$B$4:$B$1000=B31)/COUNTIFS('TOTAL SEPTIEMBRE'!$B$4:$B$1000,'TOTAL SEPTIEMBRE'!$B$4:$B$1000&"",'TOTAL SEPTIEMBRE'!$C$4:$C$1000,'TOTAL SEPTIEMBRE'!$C$4:$C$1000&"")) | D31: =SUMIF('TOTAL SEPTIEMBRE'!$B$4:$B$2000,B31,'TOTAL SEPTIEMBRE'!$D$4:$D$2000) | E31: =IF($D$61=0,0,D31/$D$61) | F31: 1125.19 | G31: =IF(F31="","",D31-F31) | H31: =IF(OR(F31="",N(F31)=0),"",D31/F31-1)
B32: SUBMARINER | C32: =SUMPRODUCT(('TOTAL SEPTIEMBRE'!$B$4:$B$1000=B32)/COUNTIFS('TOTAL SEPTIEMBRE'!$B$4:$B$1000,'TOTAL SEPTIEMBRE'!$B$4:$B$1000&"",'TOTAL SEPTIEMBRE'!$C$4:$C$1000,'TOTAL SEPTIEMBRE'!$C$4:$C$1000&"")) | D32: =SUMIF('TOTAL SEPTIEMBRE'!$B$4:$B$2000,B32,'TOTAL SEPTIEMBRE'!$D$4:$D$2000) | E32: =IF($D$61=0,0,D32/$D$61) | F32: 712.94 | G32: =IF(F32="","",D32-F32) | H32: =IF(OR(F32="",N(F32)=0),"",D32/F32-1)
B33: CARNICAS MEAT | C33: =SUMPRODUCT(('TOTAL SEPTIEMBRE'!$B$4:$B$1000=B33)/COUNTIFS('TOTAL SEPTIEMBRE'!$B$4:$B$1000,'TOTAL SEPTIEMBRE'!$B$4:$B$1000&"",'TOTAL SEPTIEMBRE'!$C$4:$C$1000,'TOTAL SEPTIEMBRE'!$C$4:$C$1000&"")) | D33: =SUMIF('TOTAL SEPTIEMBRE'!$B$4:$B$2000,B33,'TOTAL SEPTIEMBRE'!$D$4:$D$2000) | E33: =IF($D$61=0,0,D33/$D$61) | F33: 640.26 | G33: =IF(F33="","",D33-F33) | H33: =IF(OR(F33="",N(F33)=0),"",D33/F33-1)
B34: ENRIQUE CAMPS | C34: =SUMPRODUCT(('TOTAL SEPTIEMBRE'!$B$4:$B$1000=B34)/COUNTIFS('TOTAL SEPTIEMBRE'!$B$4:$B$1000,'TOTAL SEPTIEMBRE'!$B$4:$B$1000&"",'TOTAL SEPTIEMBRE'!$C$4:$C$1000,'TOTAL SEPTIEMBRE'!$C$4:$C$1000&"")) | D34: =SUMIF('TOTAL SEPTIEMBRE'!$B$4:$B$2000,B34,'TOTAL SEPTIEMBRE'!$D$4:$D$2000) | E34: =IF($D$61=0,0,D34/$D$61) | F34: 432 | G34: =IF(F34="","",D34-F34) | H34: =IF(OR(F34="",N(F34)=0),"",D34/F34-1)
B35: CONS. SELEC. SANTO | C35: =SUMPRODUCT(('TOTAL SEPTIEMBRE'!$B$4:$B$1000=B35)/COUNTIFS('TOTAL SEPTIEMBRE'!$B$4:$B$1000,'TOTAL SEPTIEMBRE'!$B$4:$B$1000&"",'TOTAL SEPTIEMBRE'!$C$4:$C$1000,'TOTAL SEPTIEMBRE'!$C$4:$C$1000&"")) | D35: =SUMIF('TOTAL SEPTIEMBRE'!$B$4:$B$2000,B35,'TOTAL SEPTIEMBRE'!$D$4:$D$2000) | E35: =IF($D$61=0,0,D35/$D$61) | F35: 382.59 | G35: =IF(F35="","",D35-F35) | H35: =IF(OR(F35="",N(F35)=0),"",D35/F35-1)
B36: PESCADERIA PALACIO | C36: =SUMPRODUCT(('TOTAL SEPTIEMBRE'!$B$4:$B$1000=B36)/COUNTIFS('TOTAL SEPTIEMBRE'!$B$4:$B$1000,'TOTAL SEPTIEMBRE'!$B$4:$B$1000&"",'TOTAL SEPTIEMBRE'!$C$4:$C$1000,'TOTAL SEPTIEMBRE'!$C$4:$C$1000&"")) | D36: =SUMIF('TOTAL SEPTIEMBRE'!$B$4:$B$2000,B36,'TOTAL SEPTIEMBRE'!$D$4:$D$2000) | E36: =IF($D$61=0,0,D36/$D$61) | F36: 369.6 | G36: =IF(F36="","",D36-F36) | H36: =IF(OR(F36="",N(F36)=0),"",D36/F36-1)
B37: MAGOASE | C37: =SUMPRODUCT(('TOTAL SEPTIEMBRE'!$B$4:$B$1000=B37)/COUNTIFS('TOTAL SEPTIEMBRE'!$B$4:$B$1000,'TOTAL SEPTIEMBRE'!$B$4:$B$1000&"",'TOTAL SEPTIEMBRE'!$C$4:$C$1000,'TOTAL SEPTIEMBRE'!$C$4:$C$1000&"")) | D37: =SUMIF('TOTAL SEPTIEMBRE'!$B$4:$B$2000,B37,'TOTAL SEPTIEMBRE'!$D$4:$D$2000) | E37: =IF($D$61=0,0,D37/$D$61) | F37: 930.8 | G37: =IF(F37="","",D37-F37) | H37: =IF(OR(F37="",N(F37)=0),"",D37/F37-1)
B38: DISOLTRIGO | C38: =SUMPRODUCT(('TOTAL SEPTIEMBRE'!$B$4:$B$1000=B38)/COUNTIFS('TOTAL SEPTIEMBRE'!$B$4:$B$1000,'TOTAL SEPTIEMBRE'!$B$4:$B$1000&"",'TOTAL SEPTIEMBRE'!$C$4:$C$1000,'TOTAL SEPTIEMBRE'!$C$4:$C$1000&"")) | D38: =SUMIF('TOTAL SEPTIEMBRE'!$B$4:$B$2000,B38,'TOTAL SEPTIEMBRE'!$D$4:$D$2000) | E38: =IF($D$61=0,0,D38/$D$61) | F38: 318 | G38: =IF(F38="","",D38-F38) | H38: =IF(OR(F38="",N(F38)=0),"",D38/F38-1)
... B43: COCACOLA | C43: =SUMPRODUCT(('TOTAL SEPTIEMBRE'!$B$4:$B$1000=B43)/COUNTIFS('TOTAL SEPTIEMBRE'!$B$4:$B$1000,'TOTAL SEPTIEMBRE'!$B$4:$B$1000&"",'TOTAL SEPTIEMBRE'!$C$4:$C$1000,'TOTAL SEPTIEMBRE'!$C$4:$C$1000&"")) | D43: =SUMIF('TOTAL SEPTIEMBRE'!$B$4:$B$2000,B43,'TOTAL SEPTIEMBRE'!$D$4:$D$2000) | E43: =IF($D$61=0,0,D43/$D$61) | F43: 457.72 | G43: =IF(F43="","",D43-F43) | H43: =IF(OR(F43="",N(F43)=0),"",D43/F43-1)
B44: HIELOS ANGEL ICE | C44: =SUMPRODUCT(('TOTAL SEPTIEMBRE'!$B$4:$B$1000=B44)/COUNTIFS('TOTAL SEPTIEMBRE'!$B$4:$B$1000,'TOTAL SEPTIEMBRE'!$B$4:$B$1000&"",'TOTAL SEPTIEMBRE'!$C$4:$C$1000,'TOTAL SEPTIEMBRE'!$C$4:$C$1000&"")) | D44: =SUMIF('TOTAL SEPTIEMBRE'!$B$4:$B$2000,B44,'TOTAL SEPTIEMBRE'!$D$4:$D$2000) | E44: =IF($D$61=0,0,D44/$D$61) | G44: =IF(F44="","",D44-F44) | H44: =IF(OR(F44="",N(F44)=0),"",D44/F44-1)
B45: TOMATERIA DE CEA | C45: =SUMPRODUCT(('TOTAL SEPTIEMBRE'!$B$4:$B$1000=B45)/COUNTIFS('TOTAL SEPTIEMBRE'!$B$4:$B$1000,'TOTAL SEPTIEMBRE'!$B$4:$B$1000&"",'TOTAL SEPTIEMBRE'!$C$4:$C$1000,'TOTAL SEPTIEMBRE'!$C$4:$C$1000&"")) | D45: =SUMIF('TOTAL SEPTIEMBRE'!$B$4:$B$2000,B45,'TOTAL SEPTIEMBRE'!$D$4:$D$2000) | E45: =IF($D$61=0,0,D45/$D$61) | F45: 320 | G45: =IF(F45="","",D45-F45) | H45: =IF(OR(F45="",N(F45)=0),"",D45/F45-1)
B46: REGERE AOVE | C46: =SUMPRODUCT(('TOTAL SEPTIEMBRE'!$B$4:$B$1000=B46)/COUNTIFS('TOTAL SEPTIEMBRE'!$B$4:$B$1000,'TOTAL SEPTIEMBRE'!$B$4:$B$1000&"",'TOTAL SEPTIEMBRE'!$C$4:$C$1000,'TOTAL SEPTIEMBRE'!$C$4:$C$1000&"")) | D46: =SUMIF('TOTAL SEPTIEMBRE'!$B$4:$B$2000,B46,'TOTAL SEPTIEMBRE'!$D$4:$D$2000) | E46: =IF($D$61=0,0,D46/$D$61) | G46: =IF(F46="","",D46-F46) | H46: =IF(OR(F46="",N(F46)=0),"",D46/F46-1)
B47: PATATAS YAGO | C47: =SUMPRODUCT(('TOTAL SEPTIEMBRE'!$B$4:$B$1000=B47)/COUNTIFS('TOTAL SEPTIEMBRE'!$B$4:$B$1000,'TOTAL SEPTIEMBRE'!$B$4:$B$1000&"",'TOTAL SEPTIEMBRE'!$C$4:$C$1000,'TOTAL SEPTIEMBRE'!$C$4:$C$1000&"")) | D47: =SUMIF('TOTAL SEPTIEMBRE'!$B$4:$B$2000,B47,'TOTAL SEPTIEMBRE'!$D$4:$D$2000) | E47: =IF($D$61=0,0,D47/$D$61) | F47: 358.9 | G47: =IF(F47="","",D47-F47) | H47: =IF(OR(F47="",N(F47)=0),"",D47/F47-1)
B48: ESCRIBANO SANZ | C48: =SUMPRODUCT(('TOTAL SEPTIEMBRE'!$B$4:$B$1000=B48)/COUNTIFS('TOTAL SEPTIEMBRE'!$B$4:$B$1000,'TOTAL SEPTIEMBRE'!$B$4:$B$1000&"",'TOTAL SEPTIEMBRE'!$C$4:$C$1000,'TOTAL SEPTIEMBRE'!$C$4:$C$1000&"")) | D48: =SUMIF('TOTAL SEPTIEMBRE'!$B$4:$B$2000,B48,'TOTAL SEPTIEMBRE'!$D$4:$D$2000) | E48: =IF($D$61=0,0,D48/$D$61) | F48: 84.48 | G48: =IF(F48="","",D48-F48) | H48: =IF(OR(F48="",N(F48)=0),"",D48/F48-1)
B49: VINS DES DIEUX | C49: =SUMPRODUCT(('TOTAL SEPTIEMBRE'!$B$4:$B$1000=B49)/COUNTIFS('TOTAL SEPTIEMBRE'!$B$4:$B$1000,'TOTAL SEPTIEMBRE'!$B$4:$B$1000&"",'TOTAL SEPTIEMBRE'!$C$4:$C$1000,'TOTAL SEPTIEMBRE'!$C$4:$C$1000&"")) | D49: =SUMIF('TOTAL SEPTIEMBRE'!$B$4:$B$2000,B49,'TOTAL SEPTIEMBRE'!$D$4:$D$2000) | E49: =IF($D$61=0,0,D49/$D$61) | G49: =IF(F49="","",D49-F49) | H49: =IF(OR(F49="",N(F49)=0),"",D49/F49-1)
B50: INESCU SERVICES | C50: =SUMPRODUCT(('TOTAL SEPTIEMBRE'!$B$4:$B$1000=B50)/COUNTIFS('TOTAL SEPTIEMBRE'!$B$4:$B$1000,'TOTAL SEPTIEMBRE'!$B$4:$B$1000&"",'TOTAL SEPTIEMBRE'!$C$4:$C$1000,'TOTAL SEPTIEMBRE'!$C$4:$C$1000&"")) | D50: =SUMIF('TOTAL SEPTIEMBRE'!$B$4:$B$2000,B50,'TOTAL SEPTIEMBRE'!$D$4:$D$2000) | E50: =IF($D$61=0,0,D50/$D$61) | G50: =IF(F50="","",D50-F50) | H50: =IF(OR(F50="",N(F50)=0),"",D50/F50-1)
B51: CASA MISU | C51: =SUMPRODUCT(('TOTAL SEPTIEMBRE'!$B$4:$B$1000=B51)/COUNTIFS('TOTAL SEPTIEMBRE'!$B$4:$B$1000,'TOTAL SEPTIEMBRE'!$B$4:$B$1000&"",'TOTAL SEPTIEMBRE'!$C$4:$C$1000,'TOTAL SEPTIEMBRE'!$C$4:$C$1000&"")) | D51: =SUMIF('TOTAL SEPTIEMBRE'!$B$4:$B$2000,B51,'TOTAL SEPTIEMBRE'!$D$4:$D$2000) | E51: =IF($D$61=0,0,D51/$D$61) | G51: =IF(F51="","",D51-F51) | H51: =IF(OR(F51="",N(F51)=0),"",D51/F51-1)
B52: LEVADURA MADRE | C52: =SUMPRODUCT(('TOTAL SEPTIEMBRE'!$B$4:$B$1000=B52)/COUNTIFS('TOTAL SEPTIEMBRE'!$B$4:$B$1000,'TOTAL SEPTIEMBRE'!$B$4:$B$1000&"",'TOTAL SEPTIEMBRE'!$C$4:$C$1000,'TOTAL SEPTIEMBRE'!$C$4:$C$1000&"")) | D52: =SUMIF('TOTAL SEPTIEMBRE'!$B$4:$B$2000,B52,'TOTAL SEPTIEMBRE'!$D$4:$D$2000) | E52: =IF($D$61=0,0,D52/$D$61) | G52: =IF(F52="","",D52-F52) | H52: =IF(OR(F52="",N(F52)=0),"",D52/F52-1)
B53: JOSE ROMERO PLAZA | C53: =SUMPRODUCT(('TOTAL SEPTIEMBRE'!$B$4:$B$1000=B53)/COUNTIFS('TOTAL SEPTIEMBRE'!$B$4:$B$1000,'TOTAL SEPTIEMBRE'!$B$4:$B$1000&"",'TOTAL SEPTIEMBRE'!$C$4:$C$1000,'TOTAL SEPTIEMBRE'!$C$4:$C$1000&"")) | D53: =SUMIF('TOTAL SEPTIEMBRE'!$B$4:$B$2000,B53,'TOTAL SEPTIEMBRE'!$D$4:$D$2000) | E53: =IF($D$61=0,0,D53/$D$61) | G53: =IF(F53="","",D53-F53) | H53: =IF(OR(F53="",N(F53)=0),"",D53/F53-1)
B54: EXTRAMAR | C54: =SUMPRODUCT(('TOTAL SEPTIEMBRE'!$B$4:$B$1000=B54)/COUNTIFS('TOTAL SEPTIEMBRE'!$B$4:$B$1000,'TOTAL SEPTIEMBRE'!$B$4:$B$1000&"",'TOTAL SEPTIEMBRE'!$C$4:$C$1000,'TOTAL SEPTIEMBRE'!$C$4:$C$1000&"")) | D54: =SUMIF('TOTAL SEPTIEMBRE'!$B$4:$B$2000,B54,'TOTAL SEPTIEMBRE'!$D$4:$D$2000) | E54: =IF($D$61=0,0,D54/$D$61) | G54: =IF(F54="","",D54-F54) | H54: =IF(OR(F54="",N(F54)=0),"",D54/F54-1)
B55: MONVA | C55: =SUMPRODUCT(('TOTAL SEPTIEMBRE'!$B$4:$B$1000=B55)/COUNTIFS('TOTAL SEPTIEMBRE'!$B$4:$B$1000,'TOTAL SEPTIEMBRE'!$B$4:$B$1000&"",'TOTAL SEPTIEMBRE'!$C$4:$C$1000,'TOTAL SEPTIEMBRE'!$C$4:$C$1000&"")) | D55: =SUMIF('TOTAL SEPTIEMBRE'!$B$4:$B$2000,B55,'TOTAL SEPTIEMBRE'!$D$4:$D$2000) | E55: =IF($D$61=0,0,D55/$D$61) | G55: =IF(F55="","",D55-F55) | H55: =IF(OR(F55="",N(F55)=0),"",D55/F55-1)
B56: FCO JAVIER LABRADOR | C56: =SUMPRODUCT(('TOTAL SEPTIEMBRE'!$B$4:$B$1000=B56)/COUNTIFS('TOTAL SEPTIEMBRE'!$B$4:$B$1000,'TOTAL SEPTIEMBRE'!$B$4:$B$1000&"",'TOTAL SEPTIEMBRE'!$C$4:$C$1000,'TOTAL SEPTIEMBRE'!$C$4:$C$1000&"")) | D56: =SUMIF('TOTAL SEPTIEMBRE'!$B$4:$B$2000,B56,'TOTAL SEPTIEMBRE'!$D$4:$D$2000) | E56: =IF($D$61=0,0,D56/$D$61) | F56: 91.6 | G56: =IF(F56="","",D56-F56) | H56: =IF(OR(F56="",N(F56)=0),"",D56/F56-1)
B57: MAXXIMO (MOLLETES) | C57: =SUMPRODUCT(('TOTAL SEPTIEMBRE'!$B$4:$B$1000=B57)/COUNTIFS('TOTAL SEPTIEMBRE'!$B$4:$B$1000,'TOTAL SEPTIEMBRE'!$B$4:$B$1000&"",'TOTAL SEPTIEMBRE'!$C$4:$C$1000,'TOTAL SEPTIEMBRE'!$C$4:$C$1000&"")) | D57: =SUMIF('TOTAL SEPTIEMBRE'!$B$4:$B$2000,B57,'TOTAL SEPTIEMBRE'!$D$4:$D$2000) | E57: =IF($D$61=0,0,D57/$D$61) | G57: =IF(F57="","",D57-F57) | H57: =IF(OR(F57="",N(F57)=0),"",D57/F57-1)
B58: SENSORVISION | C58: =SUMPRODUCT(('TOTAL SEPTIEMBRE'!$B$4:$B$1000=B58)/COUNTIFS('TOTAL SEPTIEMBRE'!$B$4:$B$1000,'TOTAL SEPTIEMBRE'!$B$4:$B$1000&"",'TOTAL SEPTIEMBRE'!$C$4:$C$1000,'TOTAL SEPTIEMBRE'!$C$4:$C$1000&"")) | D58: =SUMIF('TOTAL SEPTIEMBRE'!$B$4:$B$2000,B58,'TOTAL SEPTIEMBRE'!$D$4:$D$2000) | E58: =IF($D$61=0,0,D58/$D$61) | G58: =IF(F58="","",D58-F58) | H58: =IF(OR(F58="",N(F58)=0),"",D58/F58-1)
B59: EIF DISTRIBUCIONES | C59: =SUMPRODUCT(('TOTAL SEPTIEMBRE'!$B$4:$B$1000=B59)/COUNTIFS('TOTAL SEPTIEMBRE'!$B$4:$B$1000,'TOTAL SEPTIEMBRE'!$B$4:$B$1000&"",'TOTAL SEPTIEMBRE'!$C$4:$C$1000,'TOTAL SEPTIEMBRE'!$C$4:$C$1000&"")) | D59: =SUMIF('TOTAL SEPTIEMBRE'!$B$4:$B$2000,B59,'TOTAL SEPTIEMBRE'!$D$4:$D$2000) | E59: =IF($D$61=0,0,D59/$D$61) | F59: 604.05 | G59: =IF(F59="","",D59-F59) | H59: =IF(OR(F59="",N(F59)=0),"",D59/F59-1)
B60: JC MACKINTOSH | C60: =SUMPRODUCT(('TOTAL SEPTIEMBRE'!$B$4:$B$1000=B60)/COUNTIFS('TOTAL SEPTIEMBRE'!$B$4:$B$1000,'TOTAL SEPTIEMBRE'!$B$4:$B$1000&"",'TOTAL SEPTIEMBRE'!$C$4:$C$1000,'TOTAL SEPTIEMBRE'!$C$4:$C$1000&"")) | D60: =SUMIF('TOTAL SEPTIEMBRE'!$B$4:$B$2000,B60,'TOTAL SEPTIEMBRE'!$D$4:$D$2000) | E60: =IF($D$61=0,0,D60/$D$61) | F60: 516 | G60: =IF(F60="","",D60-F60) | H60: =IF(OR(F60="",N(F60)=0),"",D60/F60-1)
B61: TOTAL | C61: =SUM(C18:C60) | D61: =SUM(D18:D60) | E61: =SUM(E18:E60) | F61: =SUM(F18:F60) | G61: =D61-F61 | H61: =IF(F61=0,"",D61/F61-1)
B62: Filas en gris: proveedores con compras en agosto y sin albaranes en septiembre. DIF. en rojo = sube respecto a agosto; en verde = baja.

Sheet TOTAL SEPTIEMBRE
B1: ALBARANES SEPTIEMBRE 2026 · LA MINA DE CHAMARTÍN
B2: PROVEEDOR | C2: ALBARAN | D2: BASE | E2: IVA | F2: TOTAL | H2: PROVEEDOR | I2: BASE | J2: CUOTA IVA | K2: TOTAL FRA | M2: TOTAL FACTURADO
B4: ACEITE Y SAL | C4: 26003920 | D4: 220.88 | E4: 0.1 | F4: =D4+(D4*E4) | H4: ACEITE Y SAL | I4: =SUMIF($B$4:$B$2000,H4,$D$4:$D$2000) | J4: =K4-I4 | K4: =SUMIF($B$4:$B$2000,H4,$F$4:$F$2000) | M4: =K45
B5: ACEITE Y SAL | C5: 26003939 | D5: 113.21 | E5: 0.1 | F5: =D5+(D5*E5) | H5: AGMASFOOD | I5: =SUMIF($B$4:$B$2000,H5,$D$4:$D$2000) | J5: =K5-I5 | K5: =SUMIF($B$4:$B$2000,H5,$F$4:$F$2000)
B6: ACEITE Y SAL | C6: 26003992 | D6: 309.15 | E6: 0.1 | F6: =D6+(D6*E6) | H6: AGROFOOD | I6: =SUMIF($B$4:$B$2000,H6,$D$4:$D$2000) | J6: =K6-I6 | K6: =SUMIF($B$4:$B$2000,H6,$F$4:$F$2000)
B7: ACEITE Y SAL | C7: 26004025 | D7: 330.41 | E7: 0.1 | F7: =D7+(D7*E7) | H7: CARNICAS MEAT | I7: =SUMIF($B$4:$B$2000,H7,$D$4:$D$2000) | J7: =K7-I7 | K7: =SUMIF($B$4:$B$2000,H7,$F$4:$F$2000)
B8: ACEITE Y SAL | C8: 26004078 | D8: 180.49 | E8: 0.1 | F8: =D8+(D8*E8) | H8: CASA MISU | I8: =SUMIF($B$4:$B$2000,H8,$D$4:$D$2000) | J8: =K8-I8 | K8: =SUMIF($B$4:$B$2000,H8,$F$4:$F$2000)
B9: ACEITE Y SAL | C9: 26004093 | D9: 284.89 | E9: 0.1 | F9: =D9+(D9*E9) | H9: COCACOLA | I9: =SUMIF($B$4:$B$2000,H9,$D$4:$D$2000) | J9: =K9-I9 | K9: =SUMIF($B$4:$B$2000,H9,$F$4:$F$2000)
B10: ACEITE Y SAL | C10: 26004113 | D10: 201.1 | E10: 0.1 | F10: =D10+(D10*E10) | H10: CONS. SELEC. SANTO | I10: =SUMIF($B$4:$B$2000,H10,$D$4:$D$2000) | J10: =K10-I10 | K10: =SUMIF($B$4:$B$2000,H10,$F$4:$F$2000)
B11: ACEITE Y SAL | C11: 26000075 | D11: 9.64 | E11: 0.1 | F11: =D11+(D11*E11) | H11: CONS. Y SAL. JIMENEZ | I11: =SUMIF($B$4:$B$2000,H11,$D$4:$D$2000) | J11: =K11-I11 | K11: =SUMIF($B$4:$B$2000,H11,$F$4:$F$2000)
B12: ACEITE Y SAL | C12: 26004189 | D12: 450.21 | E12: 0.1 | F12: =D12+(D12*E12) | H12: CRNAS SERVAN | I12: =SUMIF($B$4:$B$2000,H12,$D$4:$D$2000) | J12: =K12-I12 | K12: =SUMIF($B$4:$B$2000,H12,$F$4:$F$2000)
B13: ACEITE Y SAL | C13: 26004218 | D13: 258.91 | E13: 0.1 | F13: =D13+(D13*E13) | H13: CRUSTAPESCA | I13: =SUMIF($B$4:$B$2000,H13,$D$4:$D$2000) | J13: =K13-I13 | K13: =SUMIF($B$4:$B$2000,H13,$F$4:$F$2000)
B14: AGMASFOOD | C14: 26 7364 | D14: 128.7 | E14: 0.1 | F14: =D14+(D14*E14) | H14: DELIPAN | I14: =SUMIF($B$4:$B$2000,H14,$D$4:$D$2000) | J14: =K14-I14 | K14: =SUMIF($B$4:$B$2000,H14,$F$4:$F$2000)
B15: AGMASFOOD | C15: 26 7432 | D15: 343 | E15: 0.1 | F15: =D15+(D15*E15) | H15: DISOLTRIGO | I15: =SUMIF($B$4:$B$2000,H15,$D$4:$D$2000) | J15: =K15-I15 | K15: =SUMIF($B$4:$B$2000,H15,$F$4:$F$2000)
B16: AGMASFOOD | C16: 26 7607 | D16: 289.47 | E16: 0.1 | F16: =D16+(D16*E16) | H16: DIST. TENA MTNEZ | I16: =SUMIF($B$4:$B$2000,H16,$D$4:$D$2000) | J16: =K16-I16 | K16: =SUMIF($B$4:$B$2000,H16,$F$4:$F$2000)
... B44: COCACOLA | C44: 4536891120 | D44: 435.64 | E44: 0.21 | F44: =D44+(D44*E44) | H44: VOLDIS | I44: =SUMIF($B$4:$B$2000,H44,$D$4:$D$2000) | J44: =K44-I44 | K44: =SUMIF($B$4:$B$2000,H44,$F$4:$F$2000)
B45: COCACOLA | C45: 4537342018 | D45: 189.26 | E45: 0.21 | F45: =D45+(D45*E45) | H45: TOTAL | I45: =SUM(I4:I44) | J45: =SUM(J4:J44) | K45: =SUM(K4:K44)
B46: COCACOLA | C46: 4537429705 | D46: 304.19 | E46: 0.21 | F46: =D46+(D46*E46)
B47: CONS. SELEC. SANTO | C47: 5869 | D47: 385.56 | E47: 0.1 | F47: =D47+(D47*E47)
B48: CONS. SELEC. SANTO | C48: 6193 | D48: 368.01 | E48: 0.1 | F48: =D48+(D48*E48)
B49: CONS. SELEC. SANTO | C49: 6369 | D49: 365.85 | E49: 0.1 | F49: =D49+(D49*E49)
B50: CONS. SELEC. SANTO | C50: 6562 | D50: 185.49 | E50: 0.1 | F50: =D50+(D50*E50)
B51: CONS. Y SAL. JIMENEZ | C51: 26A01087 | D51: 587.22 | E51: 0.1 | F51: =D51+(D51*E51)
B52: CONS. Y SAL. JIMENEZ | C52: 26A01109 | D52: 264.99 | E52: 0.1 | F52: =D52+(D52*E52)
B53: CONS. Y SAL. JIMENEZ | C53: 26A01144 | D53: 374.14 | E53: 0.1 | F53: =D53+(D53*E53)
B54: CONS. Y SAL. JIMENEZ | C54: 26A01162 | D54: 670.95 | E54: 0.1 | F54: =D54+(D54*E54)
B55: CONS. Y SAL. JIMENEZ | C55: 26A01199 | D55: 301.02 | E55: 0.1 | F55: =D55+(D55*E55)
B56: CRNAS SERVAN | C56: A2609-0052 | D56: 71.82 | E56: 0.1 | F56: =D56+(D56*E56)
B57: CRNAS SERVAN | C57: A2609-0097 | D57: 113.22 | E57: 0.1 | F57: =D57+(D57*E57)
... B347: VOLDIS | C347: AP26-032600 | D347: 864.27 | E347: 0.21 | F347: =D347+(D347*E347)

Sheet CUADRE ALBARANES
A2: CUADRE POR PROVEEDOR Y MES
A3: Compara, en cada hoja de proveedor, la suma de las líneas de producto con la suma de albaranes, y ésta con la hoja TOTAL del mes (JULIO y AGOSTO: importe fijo de los Excel de esos meses; SEPTIEMBRE: fórmula sobre TOTAL SEPTIEMBRE). Tolerancia ±0,05 €.
A5: PROVEEDOR | B5: MES | C5: TOTAL LÍNEAS PRODUCTO | D5: TOTAL ALBARANES (hoja proveedor) | E5: TOTAL EN HOJA TOTAL DEL MES | F5: DIF. LÍNEAS − ALBARANES | G5: DIF. ALBARANES − HOJA TOTAL | H5: ¿CUADRA? | I5: NOTA
A6: ACEITE Y SAL | B6: SEPTIEMBRE | C6: =SUM('_____ACEITE Y SAL'!F6:F300) | D6: =SUM('_____ACEITE Y SAL'!I9:I300) | E6: =SUMIF('TOTAL SEPTIEMBRE'!$B$4:$B$2000,"ACEITE Y SAL",'TOTAL SEPTIEMBRE'!$D$4:$D$2000) | F6: =IF(D6="","",ROUND(C6-D6,2)) | G6: =IF(D6="",ROUND(C6-E6,2),ROUND(D6-E6,2)) | H6: =IF(AND(ABS(N(F6))<=0.05,ABS(G6)<=0.05),"OK","REVISAR")
A7: AGMASFOOD | B7: JULIO | C7: =SUM(_____AGMASFOOD!F6:F300) | D7: =SUM(_____AGMASFOOD!I9:I300) | E7: 1122.99 | F7: =IF(D7="","",ROUND(C7-D7,2)) | G7: =IF(D7="",ROUND(C7-E7,2),ROUND(D7-E7,2)) | H7: =IF(AND(ABS(N(F7))<=0.05,ABS(G7)<=0.05),"OK","REVISAR")
A8: AGMASFOOD | B8: AGOSTO | C8: =SUM(_____AGMASFOOD!P6:P300) | D8: =SUM(_____AGMASFOOD!S9:S300) | E8: 1125.19 | F8: =IF(D8="","",ROUND(C8-D8,2)) | G8: =IF(D8="",ROUND(C8-E8,2),ROUND(D8-E8,2)) | H8: =IF(AND(ABS(N(F8))<=0.05,ABS(G8)<=0.05),"OK","REVISAR")
A9: AGMASFOOD | B9: SEPTIEMBRE | C9: =SUM(_____AGMASFOOD!Z6:Z300) | D9: =SUM(_____AGMASFOOD!AC9:AC300) | E9: =SUMIF('TOTAL SEPTIEMBRE'!$B$4:$B$2000,"AGMASFOOD",'TOTAL SEPTIEMBRE'!$D$4:$D$2000) | F9: =IF(D9="","",ROUND(C9-D9,2)) | G9: =IF(D9="",ROUND(C9-E9,2),ROUND(D9-E9,2)) | H9: =IF(AND(ABS(N(F9))<=0.05,ABS(G9)<=0.05),"OK","REVISAR")
A10: AGROFOOD | B10: JULIO | C10: =SUM(_____AGROFOOD!F6:F300) | D10: =SUM(_____AGROFOOD!I9:I300) | E10: 4059.72 | F10: =IF(D10="","",ROUND(C10-D10,2)) | G10: =IF(D10="",ROUND(C10-E10,2),ROUND(D10-E10,2)) | H10: =IF(AND(ABS(N(F10))<=0.05,ABS(G10)<=0.05),"OK","REVISAR")
A11: AGROFOOD | B11: AGOSTO | C11: =SUM(_____AGROFOOD!P6:P300) | D11: =SUM(_____AGROFOOD!S9:S300) | E11: 1199.46 | F11: =IF(D11="","",ROUND(C11-D11,2)) | G11: =IF(D11="",ROUND(C11-E11,2),ROUND(D11-E11,2)) | H11: =IF(AND(ABS(N(F11))<=0.05,ABS(G11)<=0.05),"OK","REVISAR")
A12: AGROFOOD | B12: SEPTIEMBRE | C12: =SUM(_____AGROFOOD!Z6:Z300) | D12: =SUM(_____AGROFOOD!AC9:AC300) | E12: =SUMIF('TOTAL SEPTIEMBRE'!$B$4:$B$2000,"AGROFOOD",'TOTAL SEPTIEMBRE'!$D$4:$D$2000) | F12: =IF(D12="","",ROUND(C12-D12,2)) | G12: =IF(D12="",ROUND(C12-E12,2),ROUND(D12-E12,2)) | H12: =IF(AND(ABS(N(F12))<=0.05,ABS(G12)<=0.05),"OK","REVISAR")
A13: ANTONIO DE MIGUEL | B13: JULIO | C13: =SUM('_____ANTONIO DE MIGUEL'!F6:F300) | D13: =SUM('_____ANTONIO DE MIGUEL'!I9:I300) | E13: 280.3 | F13: =IF(D13="","",ROUND(C13-D13,2)) | G13: =IF(D13="",ROUND(C13-E13,2),ROUND(D13-E13,2)) | H13: =IF(AND(ABS(N(F13))<=0.05,ABS(G13)<=0.05),"OK","REVISAR")
A14: CALIDOSCOPI | B14: JULIO | C14: =SUM(_____CALIDOSCOPI!F6:F300) | D14: =SUM(_____CALIDOSCOPI!I9:I300) | E14: 339 | F14: =IF(D14="","",ROUND(C14-D14,2)) | G14: =IF(D14="",ROUND(C14-E14,2),ROUND(D14-E14,2)) | H14: =IF(AND(ABS(N(F14))<=0.05,ABS(G14)<=0.05),"OK","REVISAR")
A15: CARNICAS MEAT | B15: JULIO | C15: =SUM('_____CARNICAS MEAT'!F6:F300) | D15: =SUM('_____CARNICAS MEAT'!I9:I300) | E15: 1412.35 | F15: =IF(D15="","",ROUND(C15-D15,2)) | G15: =IF(D15="",ROUND(C15-E15,2),ROUND(D15-E15,2)) | H15: =IF(AND(ABS(N(F15))<=0.05,ABS(G15)<=0.05),"OK","REVISAR") | I15: Diferencia de redondeo en las líneas (A1/209: 6,48 kg x 34,55 = 223,88 € y el albarán pone 223,85 €).
A16: CARNICAS MEAT | B16: AGOSTO | C16: =SUM('_____CARNICAS MEAT'!P6:P300) | D16: =SUM('_____CARNICAS MEAT'!S9:S300) | E16: 640.26 | F16: =IF(D16="","",ROUND(C16-D16,2)) | G16: =IF(D16="",ROUND(C16-E16,2),ROUND(D16-E16,2)) | H16: =IF(AND(ABS(N(F16))<=0.05,ABS(G16)<=0.05),"OK","REVISAR")
A17: CARNICAS MEAT | B17: SEPTIEMBRE | C17: =SUM('_____CARNICAS MEAT'!Z6:Z300) | D17: =SUM('_____CARNICAS MEAT'!AC9:AC300) | E17: =SUMIF('TOTAL SEPTIEMBRE'!$B$4:$B$2000,"CARNICAS MEAT",'TOTAL SEPTIEMBRE'!$D$4:$D$2000) | F17: =IF(D17="","",ROUND(C17-D17,2)) | G17: =IF(D17="",ROUND(C17-E17,2),ROUND(D17-E17,2)) | H17: =IF(AND(ABS(N(F17))<=0.05,ABS(G17)<=0.05),"OK","REVISAR")
A18: CARNICAS OPC | B18: JULIO | C18: =SUM('_____CARNICAS OPC'!F6:F300) | D18: =SUM('_____CARNICAS OPC'!I9:I300) | E18: 240.66 | F18: =IF(D18="","",ROUND(C18-D18,2)) | G18: =IF(D18="",ROUND(C18-E18,2),ROUND(D18-E18,2)) | H18: =IF(AND(ABS(N(F18))<=0.05,ABS(G18)<=0.05),"OK","REVISAR")
A19: CASA MISU | B19: SEPTIEMBRE | C19: =SUM('_____CASA MISU'!F6:F300) | D19: =SUM('_____CASA MISU'!I9:I300) | E19: =SUMIF('TOTAL SEPTIEMBRE'!$B$4:$B$2000,"CASA MISU",'TOTAL SEPTIEMBRE'!$D$4:$D$2000) | F19: =IF(D19="","",ROUND(C19-D19,2)) | G19: =IF(D19="",ROUND(C19-E19,2),ROUND(D19-E19,2)) | H19: =IF(AND(ABS(N(F19))<=0.05,ABS(G19)<=0.05),"OK","REVISAR")
A20: COCACOLA | B20: JULIO | C20: =SUM('_____COCA-COLA'!F6:F300) | D20: =SUM('_____COCA-COLA'!I9:I300) | E20: 2124.02 | F20: =IF(D20="","",ROUND(C20-D20,2)) | G20: =IF(D20="",ROUND(C20-E20,2),ROUND(D20-E20,2)) | H20: =IF(AND(ABS(N(F20))<=0.05,ABS(G20)<=0.05),"OK","REVISAR")
A21: COCACOLA | B21: AGOSTO | C21: =SUM('_____COCA-COLA'!P6:P300) | D21: =SUM('_____COCA-COLA'!S9:S300) | E21: 457.72 | F21: =IF(D21="","",ROUND(C21-D21,2)) | G21: =IF(D21="",ROUND(C21-E21,2),ROUND(D21-E21,2)) | H21: =IF(AND(ABS(N(F21))<=0.05,ABS(G21)<=0.05),"OK","REVISAR")
A22: COCACOLA | B22: SEPTIEMBRE | C22: =SUM('_____COCA-COLA'!Z6:Z300) | D22: =SUM('_____COCA-COLA'!AC9:AC300) | E22: =SUMIF('TOTAL SEPTIEMBRE'!$B$4:$B$2000,"COCACOLA",'TOTAL SEPTIEMBRE'!$D$4:$D$2000) | F22: =IF(D22="","",ROUND(C22-D22,2)) | G22: =IF(D22="",ROUND(C22-E22,2),ROUND(D22-E22,2)) | H22: =IF(AND(ABS(N(F22))<=0.05,ABS(G22)<=0.05),"OK","REVISAR")
A23: CONS. SELEC. SANTO | B23: JULIO | C23: =SUM('_____CONS. SELEC. SANT'!F6:F300) | D23: =SUM('_____CONS. SELEC. SANT'!I9:I300) | E23: 705.24 | F23: =IF(D23="","",ROUND(C23-D23,2)) | G23: =IF(D23="",ROUND(C23-E23,2),ROUND(D23-E23,2)) | H23: =IF(AND(ABS(N(F23))<=0.05,ABS(G23)<=0.05),"OK","REVISAR")
A24: CONS. SELEC. SANTO | B24: AGOSTO | C24: =SUM('_____CONS. SELEC. SANT'!P6:P300) | D24: =SUM('_____CONS. SELEC. SANT'!S9:S300) | E24: 382.59 | F24: =IF(D24="","",ROUND(C24-D24,2)) | G24: =IF(D24="",ROUND(C24-E24,2),ROUND(D24-E24,2)) | H24: =IF(AND(ABS(N(F24))<=0.05,ABS(G24)<=0.05),"OK","REVISAR")
A25: CONS. SELEC. SANTO | B25: SEPTIEMBRE | C25: =SUM('_____CONS. SELEC. SANT'!Z6:Z300) | D25: =SUM('_____CONS. SELEC. SANT'!AC9:AC300) | E25: =SUMIF('TOTAL SEPTIEMBRE'!$B$4:$B$2000,"CONS. SELEC. SANTO",'TOTAL SEPTIEMBRE'!$D$4:$D$2000) | F25: =IF(D25="","",ROUND(C25-D25,2)) | G25: =IF(D25="",ROUND(C25-E25,2),ROUND(D25-E25,2)) | H25: =IF(AND(ABS(N(F25))<=0.05,ABS(G25)<=0.05),"OK","REVISAR")
A26: CONS. Y SAL. JIMENEZ | B26: JULIO | C26: =SUM('_____CONS. Y SALAZONES'!F6:F300) | D26: =SUM('_____CONS. Y SALAZONES'!I9:I300) | E26: 3739.92 | F26: =IF(D26="","",ROUND(C26-D26,2)) | G26: =IF(D26="",ROUND(C26-E26,2),ROUND(D26-E26,2)) | H26: =IF(AND(ABS(N(F26))<=0.05,ABS(G26)<=0.05),"OK","REVISAR")
A27: CONS. Y SAL. JIMENEZ | B27: AGOSTO | C27: =SUM('_____CONS. Y SALAZONES'!P6:P300) | D27: =SUM('_____CONS. Y SALAZONES'!S9:S300) | E27: 1061.59 | F27: =IF(D27="","",ROUND(C27-D27,2)) | G27: =IF(D27="",ROUND(C27-E27,2),ROUND(D27-E27,2)) | H27: =IF(AND(ABS(N(F27))<=0.05,ABS(G27)<=0.05),"OK","REVISAR")
A28: CONS. Y SAL. JIMENEZ | B28: SEPTIEMBRE | C28: =SUM('_____CONS. Y SALAZONES'!Z6:Z300) | D28: =SUM('_____CONS. Y SALAZONES'!AC9:AC300) | E28: =SUMIF('TOTAL SEPTIEMBRE'!$B$4:$B$2000,"CONS. Y SAL. JIMENEZ",'TOTAL SEPTIEMBRE'!$D$4:$D$2000) | F28: =IF(D28="","",ROUND(C28-D28,2)) | G28: =IF(D28="",ROUND(C28-E28,2),ROUND(D28-E28,2)) | H28: =IF(AND(ABS(N(F28))<=0.05,ABS(G28)<=0.05),"OK","REVISAR")
A29: CRNAS SERVAN | B29: JULIO | C29: =SUM('_____CRNAS SERVAN'!F6:F300) | D29: =SUM('_____CRNAS SERVAN'!I9:I300) | E29: 1086.03 | F29: =IF(D29="","",ROUND(C29-D29,2)) | G29: =IF(D29="",ROUND(C29-E29,2),ROUND(D29-E29,2)) | H29: =IF(AND(ABS(N(F29))<=0.05,ABS(G29)<=0.05),"OK","REVISAR")
A30: CRNAS SERVAN | B30: AGOSTO | C30: =SUM('_____CRNAS SERVAN'!P6:P300) | D30: =SUM('_____CRNAS SERVAN'!S9:S300) | E30: 890.28 | F30: =IF(D30="","",ROUND(C30-D30,2)) | G30: =IF(D30="",ROUND(C30-E30,2),ROUND(D30-E30,2)) | H30: =IF(AND(ABS(N(F30))<=0.05,ABS(G30)<=0.05),"OK","REVISAR")
A31: CRNAS SERVAN | B31: SEPTIEMBRE | C31: =SUM('_____CRNAS SERVAN'!Z6:Z300) | D31: =SUM('_____CRNAS SERVAN'!AC9:AC300) | E31: =SUMIF('TOTAL SEPTIEMBRE'!$B$4:$B$2000,"CRNAS SERVAN",'TOTAL SEPTIEMBRE'!$D$4:$D$2000) | F31: =IF(D31="","",ROUND(C31-D31,2)) | G31: =IF(D31="",ROUND(C31-E31,2),ROUND(D31-E31,2)) | H31: =IF(AND(ABS(N(F31))<=0.05,ABS(G31)<=0.05),"OK","REVISAR")
A32: CRUSTAPESCA | B32: JULIO | C32: =SUM(_____CRUSTAPESCA!F6:F300) | D32: =SUM(_____CRUSTAPESCA!I9:I300) | E32: 1970.46 | F32: =IF(D32="","",ROUND(C32-D32,2)) | G32: =IF(D32="",ROUND(C32-E32,2),ROUND(D32-E32,2)) | H32: =IF(AND(ABS(N(F32))<=0.05,ABS(G32)<=0.05),"OK","REVISAR")
A33: CRUSTAPESCA | B33: AGOSTO | C33: =SUM(_____CRUSTAPESCA!P6:P300) | D33: =SUM(_____CRUSTAPESCA!S9:S300) | E33: 772 | F33: =IF(D33="","",ROUND(C33-D33,2)) | G33: =IF(D33="",ROUND(C33-E33,2),ROUND(D33-E33,2)) | H33: =IF(AND(ABS(N(F33))<=0.05,ABS(G33)<=0.05),"OK","REVISAR")
A34: CRUSTAPESCA | B34: SEPTIEMBRE | C34: =SUM(_____CRUSTAPESCA!Z6:Z300) | D34: =SUM(_____CRUSTAPESCA!AC9:AC300) | E34: =SUMIF('TOTAL SEPTIEMBRE'!$B$4:$B$2000,"CRUSTAPESCA",'TOTAL SEPTIEMBRE'!$D$4:$D$2000) | F34: =IF(D34="","",ROUND(C34-D34,2)) | G34: =IF(D34="",ROUND(C34-E34,2),ROUND(D34-E34,2)) | H34: =IF(AND(ABS(N(F34))<=0.05,ABS(G34)<=0.05),"OK","REVISAR")
A35: DELIPAN | B35: JULIO | C35: =SUM(_____DELIPAN!F6:F300) | D35: =SUM(_____DELIPAN!I9:I300) | E35: 1032.66 | F35: =IF(D35="","",ROUND(C35-D35,2)) | G35: =IF(D35="",ROUND(C35-E35,2),ROUND(D35-E35,2)) | H35: =IF(AND(ABS(N(F35))<=0.05,ABS(G35)<=0.05),"OK","REVISAR")
A36: DELIPAN | B36: AGOSTO | C36: =SUM(_____DELIPAN!P6:P300) | D36: =SUM(_____DELIPAN!S9:S300) | E36: 381.21 | F36: =IF(D36="","",ROUND(C36-D36,2)) | G36: =IF(D36="",ROUND(C36-E36,2),ROUND(D36-E36,2)) | H36: =IF(AND(ABS(N(F36))<=0.05,ABS(G36)<=0.05),"OK","REVISAR")
A37: DELIPAN | B37: SEPTIEMBRE | C37: =SUM(_____DELIPAN!Z6:Z300) | D37: =SUM(_____DELIPAN!AC9:AC300) | E37: =SUMIF('TOTAL SEPTIEMBRE'!$B$4:$B$2000,"DELIPAN",'TOTAL SEPTIEMBRE'!$D$4:$D$2000) | F37: =IF(D37="","",ROUND(C37-D37,2)) | G37: =IF(D37="",ROUND(C37-E37,2),ROUND(D37-E37,2)) | H37: =IF(AND(ABS(N(F37))<=0.05,ABS(G37)<=0.05),"OK","REVISAR")
A38: DISOLTRIGO | B38: JULIO | C38: =SUM(_____DISOLTRIGO!F6:F300) | D38: =SUM(_____DISOLTRIGO!I9:I300) | E38: 1295.5 | F38: =IF(D38="","",ROUND(C38-D38,2)) | G38: =IF(D38="",ROUND(C38-E38,2),ROUND(D38-E38,2)) | H38: =IF(AND(ABS(N(F38))<=0.05,ABS(G38)<=0.05),"OK","REVISAR")
A39: DISOLTRIGO | B39: AGOSTO | C39: =SUM(_____DISOLTRIGO!P6:P300) | D39: =SUM(_____DISOLTRIGO!S9:S300) | E39: 318 | F39: =IF(D39="","",ROUND(C39-D39,2)) | G39: =IF(D39="",ROUND(C39-E39,2),ROUND(D39-E39,2)) | H39: =IF(AND(ABS(N(F39))<=0.05,ABS(G39)<=0.05),"OK","REVISAR")
A40: DISOLTRIGO | B40: SEPTIEMBRE | C40: =SUM(_____DISOLTRIGO!Z6:Z300) | D40: =SUM(_____DISOLTRIGO!AC9:AC300) | E40: =SUMIF('TOTAL SEPTIEMBRE'!$B$4:$B$2000,"DISOLTRIGO",'TOTAL SEPTIEMBRE'!$D$4:$D$2000) | F40: =IF(D40="","",ROUND(C40-D40,2)) | G40: =IF(D40="",ROUND(C40-E40,2),ROUND(D40-E40,2)) | H40: =IF(AND(ABS(N(F40))<=0.05,ABS(G40)<=0.05),"OK","REVISAR")
A41: DIST. TENA MTNEZ | B41: JULIO | C41: =SUM('_____DIST. TENA'!F6:F300) | D41: =SUM('_____DIST. TENA'!I9:I300) | E41: 3131.64 | F41: =IF(D41="","",ROUND(C41-D41,2)) | G41: =IF(D41="",ROUND(C41-E41,2),ROUND(D41-E41,2)) | H41: =IF(AND(ABS(N(F41))<=0.05,ABS(G41)<=0.05),"OK","REVISAR")
A42: DIST. TENA MTNEZ | B42: AGOSTO | C42: =SUM('_____DIST. TENA'!P6:P300) | D42: =SUM('_____DIST. TENA'!S9:S300) | E42: 1320.36 | F42: =IF(D42="","",ROUND(C42-D42,2)) | G42: =IF(D42="",ROUND(C42-E42,2),ROUND(D42-E42,2)) | H42: =IF(AND(ABS(N(F42))<=0.05,ABS(G42)<=0.05),"OK","REVISAR")
A43: DIST. TENA MTNEZ | B43: SEPTIEMBRE | C43: =SUM('_____DIST. TENA'!Z6:Z300) | D43: =SUM('_____DIST. TENA'!AC9:AC300) | E43: =SUMIF('TOTAL SEPTIEMBRE'!$B$4:$B$2000,"DIST. TENA MTNEZ",'TOTAL SEPTIEMBRE'!$D$4:$D$2000) | F43: =IF(D43="","",ROUND(C43-D43,2)) | G43: =IF(D43="",ROUND(C43-E43,2),ROUND(D43-E43,2)) | H43: =IF(AND(ABS(N(F43))<=0.05,ABS(G43)<=0.05),"OK","REVISAR")
A44: EIF DISTRIBUCIONES | B44: JULIO | C44: =SUM('_____EIF DISTRIBUCIONES'!F6:F300) | D44: =SUM('_____EIF DISTRIBUCIONES'!I9:I300) | E44: 646.58 | F44: =IF(D44="","",ROUND(C44-D44,2)) | G44: =IF(D44="",ROUND(C44-E44,2),ROUND(D44-E44,2)) | H44: =IF(AND(ABS(N(F44))<=0.05,ABS(G44)<=0.05),"OK","REVISAR")
A45: EIF DISTRIBUCIONES | B45: AGOSTO | C45: =SUM('_____EIF DISTRIBUCIONES'!P6:P300) | D45: =SUM('_____EIF DISTRIBUCIONES'!S9:S300) | E45: 604.05 | F45: =IF(D45="","",ROUND(C45-D45,2)) | G45: =IF(D45="",ROUND(C45-E45,2),ROUND(D45-E45,2)) | H45: =IF(AND(ABS(N(F45))<=0.05,ABS(G45)<=0.05),"OK","REVISAR")
A46: ENRIQUE CAMPS | B46: JULIO | C46: =SUM('_____ENRIQUE CAMPS'!F6:F300) | D46: =SUM('_____ENRIQUE CAMPS'!I9:I300) | E46: 1189 | F46: =IF(D46="","",ROUND(C46-D46,2)) | G46: =IF(D46="",ROUND(C46-E46,2),ROUND(D46-E46,2)) | H46: =IF(AND(ABS(N(F46))<=0.05,ABS(G46)<=0.05),"OK","REVISAR")
A47: ENRIQUE CAMPS | B47: AGOSTO | C47: =SUM('_____ENRIQUE CAMPS'!P6:P300) | D47: =SUM('_____ENRIQUE CAMPS'!S9:S300) | E47: 432 | F47: =IF(D47="","",ROUND(C47-D47,2)) | G47: =IF(D47="",ROUND(C47-E47,2),ROUND(D47-E47,2)) | H47: =IF(AND(ABS(N(F47))<=0.05,ABS(G47)<=0.05),"OK","REVISAR")
A48: ENRIQUE CAMPS | B48: SEPTIEMBRE | C48: =SUM('_____ENRIQUE CAMPS'!Z6:Z300) | D48: =SUM('_____ENRIQUE CAMPS'!AC9:AC300) | E48: =SUMIF('TOTAL SEPTIEMBRE'!$B$4:$B$2000,"ENRIQUE CAMPS",'TOTAL SEPTIEMBRE'!$D$4:$D$2000) | F48: =IF(D48="","",ROUND(C48-D48,2)) | G48: =IF(D48="",ROUND(C48-E48,2),ROUND(D48-E48,2)) | H48: =IF(AND(ABS(N(F48))<=0.05,ABS(G48)<=0.05),"OK","REVISAR")
A49: ESCRIBANO SANZ | B49: JULIO | C49: =SUM('_____ESCRIBANO SANZ'!F6:F300) | D49: =SUM('_____ESCRIBANO SANZ'!I9:I300) | E49: 193.7 | F49: =IF(D49="","",ROUND(C49-D49,2)) | G49: =IF(D49="",ROUND(C49-E49,2),ROUND(D49-E49,2)) | H49: =IF(AND(ABS(N(F49))<=0.05,ABS(G49)<=0.05),"OK","REVISAR")
A50: ESCRIBANO SANZ | B50: AGOSTO | C50: =SUM('_____ESCRIBANO SANZ'!P6:P300) | D50: =SUM('_____ESCRIBANO SANZ'!S9:S300) | E50: 84.48 | F50: =IF(D50="","",ROUND(C50-D50,2)) | G50: =IF(D50="",ROUND(C50-E50,2),ROUND(D50-E50,2)) | H50: =IF(AND(ABS(N(F50))<=0.05,ABS(G50)<=0.05),"OK","REVISAR")
A51: ESCRIBANO SANZ | B51: SEPTIEMBRE | C51: =SUM('_____ESCRIBANO SANZ'!Z6:Z300) | D51: =SUM('_____ESCRIBANO SANZ'!AC9:AC300) | E51: =SUMIF('TOTAL SEPTIEMBRE'!$B$4:$B$2000,"ESCRIBANO SANZ",'TOTAL SEPTIEMBRE'!$D$4:$D$2000) | F51: =IF(D51="","",ROUND(C51-D51,2)) | G51: =IF(D51="",ROUND(C51-E51,2),ROUND(D51-E51,2)) | H51: =IF(AND(ABS(N(F51))<=0.05,ABS(G51)<=0.05),"OK","REVISAR")
A52: EXTRAMAR | B52: SEPTIEMBRE | C52: =SUM(_____EXTRAMAR!F6:F300) | D52: =SUM(_____EXTRAMAR!I9:I300) | E52: =SUMIF('TOTAL SEPTIEMBRE'!$B$4:$B$2000,"EXTRAMAR",'TOTAL SEPTIEMBRE'!$D$4:$D$2000) | F52: =IF(D52="","",ROUND(C52-D52,2)) | G52: =IF(D52="",ROUND(C52-E52,2),ROUND(D52-E52,2)) | H52: =IF(AND(ABS(N(F52))<=0.05,ABS(G52)<=0.05),"OK","REVISAR")
A53: FCO JAVIER LABRADOR | B53: JULIO | C53: =SUM('_____FCO JAVIER LABRADOR'!F6:F300) | D53: =SUM('_____FCO JAVIER LABRADOR'!I9:I300) | E53: 183.2 | F53: =IF(D53="","",ROUND(C53-D53,2)) | G53: =IF(D53="",ROUND(C53-E53,2),ROUND(D53-E53,2)) | H53: =IF(AND(ABS(N(F53))<=0.05,ABS(G53)<=0.05),"OK","REVISAR")
A54: FCO JAVIER LABRADOR | B54: AGOSTO | C54: =SUM('_____FCO JAVIER LABRADOR'!P6:P300) | D54: =SUM('_____FCO JAVIER LABRADOR'!S9:S300) | E54: 91.6 | F54: =IF(D54="","",ROUND(C54-D54,2)) | G54: =IF(D54="",ROUND(C54-E54,2),ROUND(D54-E54,2)) | H54: =IF(AND(ABS(N(F54))<=0.05,ABS(G54)<=0.05),"OK","REVISAR")
A55: FCO JAVIER LABRADOR | B55: SEPTIEMBRE | C55: =SUM('_____FCO JAVIER LABRADOR'!Z6:Z300) | D55: =SUM('_____FCO JAVIER LABRADOR'!AC9:AC300) | E55: =SUMIF('TOTAL SEPTIEMBRE'!$B$4:$B$2000,"FCO JAVIER LABRADOR",'TOTAL SEPTIEMBRE'!$D$4:$D$2000) | F55: =IF(D55="","",ROUND(C55-D55,2)) | G55: =IF(D55="",ROUND(C55-E55,2),ROUND(D55-E55,2)) | H55: =IF(AND(ABS(N(F55))<=0.05,ABS(G55)<=0.05),"OK","REVISAR")
A56: FRUTERIA D'ALISTE | B56: JULIO | C56: =SUM('_____FRUTERIA DALISTE'!F6:F300) | D56: =SUM('_____FRUTERIA DALISTE'!I9:I300) | E56: 158.99 | F56: =IF(D56="","",ROUND(C56-D56,2)) | G56: =IF(D56="",ROUND(C56-E56,2),ROUND(D56-E56,2)) | H56: =IF(AND(ABS(N(F56))<=0.05,ABS(G56)<=0.05),"OK","REVISAR")
A57: HIELOS ANGEL ICE | B57: SEPTIEMBRE | C57: =SUM('_____HIELOS ANGEL ICE'!F6:F300) | D57: =SUM('_____HIELOS ANGEL ICE'!I9:I300) | E57: =SUMIF('TOTAL SEPTIEMBRE'!$B$4:$B$2000,"HIELOS ANGEL ICE",'TOTAL SEPTIEMBRE'!$D$4:$D$2000) | F57: =IF(D57="","",ROUND(C57-D57,2)) | G57: =IF(D57="",ROUND(C57-E57,2),ROUND(D57-E57,2)) | H57: =IF(AND(ABS(N(F57))<=0.05,ABS(G57)<=0.05),"OK","REVISAR")
A58: INESCU SERVICES | B58: SEPTIEMBRE | C58: =SUM('_____INESCU SERVICES'!F6:F300) | D58: =SUM('_____INESCU SERVICES'!I9:I300) | E58: =SUMIF('TOTAL SEPTIEMBRE'!$B$4:$B$2000,"INESCU SERVICES",'TOTAL SEPTIEMBRE'!$D$4:$D$2000) | F58: =IF(D58="","",ROUND(C58-D58,2)) | G58: =IF(D58="",ROUND(C58-E58,2),ROUND(D58-E58,2)) | H58: =IF(AND(ABS(N(F58))<=0.05,ABS(G58)<=0.05),"OK","REVISAR")
A59: JC MACKINTOSH | B59: AGOSTO | C59: =SUM('_____JC MACKINTOSH'!F6:F300) | D59: =SUM('_____JC MACKINTOSH'!I9:I300) | E59: 516 | F59: =IF(D59="","",ROUND(C59-D59,2)) | G59: =IF(D59="",ROUND(C59-E59,2),ROUND(D59-E59,2)) | H59: =IF(AND(ABS(N(F59))<=0.05,ABS(G59)<=0.05),"OK","REVISAR")
A60: JOSE PEÑA | B60: JULIO | C60: =SUM('_____JOSE PEÑA'!F6:F300) | D60: =SUM('_____JOSE PEÑA'!I9:I300) | E60: 748.5 | F60: =IF(D60="","",ROUND(C60-D60,2)) | G60: =IF(D60="",ROUND(C60-E60,2),ROUND(D60-E60,2)) | H60: =IF(AND(ABS(N(F60))<=0.05,ABS(G60)<=0.05),"OK","REVISAR")
A61: JOSE ROMERO PLAZA | B61: JULIO | C61: =SUM('_____JOSE ROMERO PLAZA'!F6:F300) | D61: =SUM('_____JOSE ROMERO PLAZA'!I9:I300) | E61: 444.1 | F61: =IF(D61="","",ROUND(C61-D61,2)) | G61: =IF(D61="",ROUND(C61-E61,2),ROUND(D61-E61,2)) | H61: =IF(AND(ABS(N(F61))<=0.05,ABS(G61)<=0.05),"OK","REVISAR")
A62: JOSE ROMERO PLAZA | B62: SEPTIEMBRE | C62: =SUM('_____JOSE ROMERO PLAZA'!P6:P300) | D62: =SUM('_____JOSE ROMERO PLAZA'!S9:S300) | E62: =SUMIF('TOTAL SEPTIEMBRE'!$B$4:$B$2000,"JOSE ROMERO PLAZA",'TOTAL SEPTIEMBRE'!$D$4:$D$2000) | F62: =IF(D62="","",ROUND(C62-D62,2)) | G62: =IF(D62="",ROUND(C62-E62,2),ROUND(D62-E62,2)) | H62: =IF(AND(ABS(N(F62))<=0.05,ABS(G62)<=0.05),"OK","REVISAR")
A63: LEVADURA MADRE | B63: SEPTIEMBRE | C63: =SUM('_____LEVADURA MADRE'!F6:F300) | D63: =SUM('_____LEVADURA MADRE'!I9:I300) | E63: =SUMIF('TOTAL SEPTIEMBRE'!$B$4:$B$2000,"LEVADURA MADRE",'TOTAL SEPTIEMBRE'!$D$4:$D$2000) | F63: =IF(D63="","",ROUND(C63-D63,2)) | G63: =IF(D63="",ROUND(C63-E63,2),ROUND(D63-E63,2)) | H63: =IF(AND(ABS(N(F63))<=0.05,ABS(G63)<=0.05),"OK","REVISAR")
A64: MAGOASE | B64: JULIO | C64: =SUM(_____MAGOASE!F6:F300) | D64: =SUM(_____MAGOASE!I9:I300) | E64: 1815.6 | F64: =IF(D64="","",ROUND(C64-D64,2)) | G64: =IF(D64="",ROUND(C64-E64,2),ROUND(D64-E64,2)) | H64: =IF(AND(ABS(N(F64))<=0.05,ABS(G64)<=0.05),"OK","REVISAR")
A65: MAGOASE | B65: AGOSTO | C65: =SUM(_____MAGOASE!P6:P300) | D65: =SUM(_____MAGOASE!S9:S300) | E65: 930.8 | F65: =IF(D65="","",ROUND(C65-D65,2)) | G65: =IF(D65="",ROUND(C65-E65,2),ROUND(D65-E65,2)) | H65: =IF(AND(ABS(N(F65))<=0.05,ABS(G65)<=0.05),"OK","REVISAR")
A66: MAGOASE | B66: SEPTIEMBRE | C66: =SUM(_____MAGOASE!Z6:Z300) | D66: =SUM(_____MAGOASE!AC9:AC300) | E66: =SUMIF('TOTAL SEPTIEMBRE'!$B$4:$B$2000,"MAGOASE",'TOTAL SEPTIEMBRE'!$D$4:$D$2000) | F66: =IF(D66="","",ROUND(C66-D66,2)) | G66: =IF(D66="",ROUND(C66-E66,2),ROUND(D66-E66,2)) | H66: =IF(AND(ABS(N(F66))<=0.05,ABS(G66)<=0.05),"OK","REVISAR")
A67: MAHOU | B67: SEPTIEMBRE | C67: =SUM(_____MAHOU!F6:F300) | D67: =SUM(_____MAHOU!I9:I300) | E67: =SUMIF('TOTAL SEPTIEMBRE'!$B$4:$B$2000,"MAHOU",'TOTAL SEPTIEMBRE'!$D$4:$D$2000) | F67: =IF(D67="","",ROUND(C67-D67,2)) | G67: =IF(D67="",ROUND(C67-E67,2),ROUND(D67-E67,2)) | H67: =IF(AND(ABS(N(F67))<=0.05,ABS(G67)<=0.05),"OK","REVISAR")
A68: MAKRO | B68: JULIO | C68: =SUM(_____MAKRO!F6:F300) | D68: =SUM(_____MAKRO!I9:I300) | E68: 227.89 | F68: =IF(D68="","",ROUND(C68-D68,2)) | G68: =IF(D68="",ROUND(C68-E68,2),ROUND(D68-E68,2)) | H68: =IF(AND(ABS(N(F68))<=0.05,ABS(G68)<=0.05),"OK","REVISAR")
A69: MAKRO | B69: SEPTIEMBRE | C69: =SUM(_____MAKRO!P6:P300) | D69: =SUM(_____MAKRO!S9:S300) | E69: =SUMIF('TOTAL SEPTIEMBRE'!$B$4:$B$2000,"MAKRO",'TOTAL SEPTIEMBRE'!$D$4:$D$2000) | F69: =IF(D69="","",ROUND(C69-D69,2)) | G69: =IF(D69="",ROUND(C69-E69,2),ROUND(D69-E69,2)) | H69: =IF(AND(ABS(N(F69))<=0.05,ABS(G69)<=0.05),"OK","REVISAR")
A70: MANUEL AMBRES | B70: JULIO | C70: =SUM('_____MANU AMBRES'!F6:F300) | D70: =SUM('_____MANU AMBRES'!I9:I300) | E70: 904.82 | F70: =IF(D70="","",ROUND(C70-D70,2)) | G70: =IF(D70="",ROUND(C70-E70,2),ROUND(D70-E70,2)) | H70: =IF(AND(ABS(N(F70))<=0.05,ABS(G70)<=0.05),"OK","REVISAR")
A71: MANUEL AMBRES | B71: AGOSTO | C71: =SUM('_____MANU AMBRES'!P6:P300) | D71: =SUM('_____MANU AMBRES'!S9:S300) | E71: 425 | F71: =IF(D71="","",ROUND(C71-D71,2)) | G71: =IF(D71="",ROUND(C71-E71,2),ROUND(D71-E71,2)) | H71: =IF(AND(ABS(N(F71))<=0.05,ABS(G71)<=0.05),"OK","REVISAR")
A72: MANUEL AMBRES | B72: SEPTIEMBRE | C72: =SUM('_____MANU AMBRES'!Z6:Z300) | D72: =SUM('_____MANU AMBRES'!AC9:AC300) | E72: =SUMIF('TOTAL SEPTIEMBRE'!$B$4:$B$2000,"MANUEL AMBRES",'TOTAL SEPTIEMBRE'!$D$4:$D$2000) | F72: =IF(D72="","",ROUND(C72-D72,2)) | G72: =IF(D72="",ROUND(C72-E72,2),ROUND(D72-E72,2)) | H72: =IF(AND(ABS(N(F72))<=0.05,ABS(G72)<=0.05),"OK","REVISAR")
A73: MARTIN CANEDA | B73: JULIO | C73: =SUM('_____MARTIN CANEDA'!F6:F300) | D73: =SUM('_____MARTIN CANEDA'!I9:I300) | E73: 3561.4 | F73: =IF(D73="","",ROUND(C73-D73,2)) | G73: =IF(D73="",ROUND(C73-E73,2),ROUND(D73-E73,2)) | H73: =IF(AND(ABS(N(F73))<=0.05,ABS(G73)<=0.05),"OK","REVISAR")
A74: MARTIN CANEDA | B74: AGOSTO | C74: =SUM('_____MARTIN CANEDA'!P6:P300) | D74: =SUM('_____MARTIN CANEDA'!S9:S300) | E74: 1617.8 | F74: =IF(D74="","",ROUND(C74-D74,2)) | G74: =IF(D74="",ROUND(C74-E74,2),ROUND(D74-E74,2)) | H74: =IF(AND(ABS(N(F74))<=0.05,ABS(G74)<=0.05),"OK","REVISAR")
A75: MARTIN CANEDA | B75: SEPTIEMBRE | C75: =SUM('_____MARTIN CANEDA'!Z6:Z300) | D75: =SUM('_____MARTIN CANEDA'!AC9:AC300) | E75: =SUMIF('TOTAL SEPTIEMBRE'!$B$4:$B$2000,"MARTIN CANEDA",'TOTAL SEPTIEMBRE'!$D$4:$D$2000) | F75: =IF(D75="","",ROUND(C75-D75,2)) | G75: =IF(D75="",ROUND(C75-E75,2),ROUND(D75-E75,2)) | H75: =IF(AND(ABS(N(F75))<=0.05,ABS(G75)<=0.05),"OK","REVISAR")
A76: MAXXIMO (MOLLETES) | B76: SEPTIEMBRE | C76: =SUM(_____MAXXIMO!F6:F300) | D76: =SUM(_____MAXXIMO!I9:I300) | E76: =SUMIF('TOTAL SEPTIEMBRE'!$B$4:$B$2000,"MAXXIMO (MOLLETES)",'TOTAL SEPTIEMBRE'!$D$4:$D$2000) | F76: =IF(D76="","",ROUND(C76-D76,2)) | G76: =IF(D76="",ROUND(C76-E76,2),ROUND(D76-E76,2)) | H76: =IF(AND(ABS(N(F76))<=0.05,ABS(G76)<=0.05),"OK","REVISAR")
A77: MONVA | B77: JULIO | C77: =SUM(_____MONVA!F6:F300) | D77: =SUM(_____MONVA!I9:I300) | E77: 171 | F77: =IF(D77="","",ROUND(C77-D77,2)) | G77: =IF(D77="",ROUND(C77-E77,2),ROUND(D77-E77,2)) | H77: =IF(AND(ABS(N(F77))<=0.05,ABS(G77)<=0.05),"OK","REVISAR")
A78: MONVA | B78: SEPTIEMBRE | C78: =SUM(_____MONVA!P6:P300) | D78: =SUM(_____MONVA!S9:S300) | E78: =SUMIF('TOTAL SEPTIEMBRE'!$B$4:$B$2000,"MONVA",'TOTAL SEPTIEMBRE'!$D$4:$D$2000) | F78: =IF(D78="","",ROUND(C78-D78,2)) | G78: =IF(D78="",ROUND(C78-E78,2),ROUND(D78-E78,2)) | H78: =IF(AND(ABS(N(F78))<=0.05,ABS(G78)<=0.05),"OK","REVISAR")
A79: MUNDELA | B79: JULIO | C79: =SUM(_____MUNDELA!F6:F300) | D79: =SUM(_____MUNDELA!I9:I300) | E79: 5092.38 | F79: =IF(D79="","",ROUND(C79-D79,2)) | G79: =IF(D79="",ROUND(C79-E79,2),ROUND(D79-E79,2)) | H79: =IF(AND(ABS(N(F79))<=0.05,ABS(G79)<=0.05),"OK","REVISAR")
A80: MUNDELA | B80: AGOSTO | C80: =SUM(_____MUNDELA!P6:P300) | D80: =SUM(_____MUNDELA!S9:S300) | E80: 1920.54 | F80: =IF(D80="","",ROUND(C80-D80,2)) | G80: =IF(D80="",ROUND(C80-E80,2),ROUND(D80-E80,2)) | H80: =IF(AND(ABS(N(F80))<=0.05,ABS(G80)<=0.05),"OK","REVISAR")
A81: MUNDELA | B81: SEPTIEMBRE | C81: =SUM(_____MUNDELA!Z6:Z300) | D81: =SUM(_____MUNDELA!AC9:AC300) | E81: =SUMIF('TOTAL SEPTIEMBRE'!$B$4:$B$2000,"MUNDELA",'TOTAL SEPTIEMBRE'!$D$4:$D$2000) | F81: =IF(D81="","",ROUND(C81-D81,2)) | G81: =IF(D81="",ROUND(C81-E81,2),ROUND(D81-E81,2)) | H81: =IF(AND(ABS(N(F81))<=0.05,ABS(G81)<=0.05),"OK","REVISAR")
A82: PATATAS YAGO | B82: JULIO | C82: =SUM('_____PATATAS YAGO'!F6:F300) | D82: =SUM('_____PATATAS YAGO'!I9:I300) | E82: 611.4 | F82: =IF(D82="","",ROUND(C82-D82,2)) | G82: =IF(D82="",ROUND(C82-E82,2),ROUND(D82-E82,2)) | H82: =IF(AND(ABS(N(F82))<=0.05,ABS(G82)<=0.05),"OK","REVISAR")
A83: PATATAS YAGO | B83: AGOSTO | C83: =SUM('_____PATATAS YAGO'!P6:P300) | D83: =SUM('_____PATATAS YAGO'!S9:S300) | E83: 358.9 | F83: =IF(D83="","",ROUND(C83-D83,2)) | G83: =IF(D83="",ROUND(C83-E83,2),ROUND(D83-E83,2)) | H83: =IF(AND(ABS(N(F83))<=0.05,ABS(G83)<=0.05),"OK","REVISAR")
A84: PATATAS YAGO | B84: SEPTIEMBRE | C84: =SUM('_____PATATAS YAGO'!Z6:Z300) | D84: =SUM('_____PATATAS YAGO'!AC9:AC300) | E84: =SUMIF('TOTAL SEPTIEMBRE'!$B$4:$B$2000,"PATATAS YAGO",'TOTAL SEPTIEMBRE'!$D$4:$D$2000) | F84: =IF(D84="","",ROUND(C84-D84,2)) | G84: =IF(D84="",ROUND(C84-E84,2),ROUND(D84-E84,2)) | H84: =IF(AND(ABS(N(F84))<=0.05,ABS(G84)<=0.05),"OK","REVISAR")
A85: PESCADERIA PALACIO | B85: JULIO | C85: =SUM('_____PESCADERIA PALACIO'!F6:F300) | D85: =SUM('_____PESCADERIA PALACIO'!I9:I300) | E85: 1400.16 | F85: =IF(D85="","",ROUND(C85-D85,2)) | G85: =IF(D85="",ROUND(C85-E85,2),ROUND(D85-E85,2)) | H85: =IF(AND(ABS(N(F85))<=0.05,ABS(G85)<=0.05),"OK","REVISAR")
A86: PESCADERIA PALACIO | B86: AGOSTO | C86: =SUM('_____PESCADERIA PALACIO'!P6:P300) | D86: =SUM('_____PESCADERIA PALACIO'!S9:S300) | E86: 369.6 | F86: =IF(D86="","",ROUND(C86-D86,2)) | G86: =IF(D86="",ROUND(C86-E86,2),ROUND(D86-E86,2)) | H86: =IF(AND(ABS(N(F86))<=0.05,ABS(G86)<=0.05),"OK","REVISAR")
A87: PESCADERIA PALACIO | B87: SEPTIEMBRE | C87: =SUM('_____PESCADERIA PALACIO'!Z6:Z300) | D87: =SUM('_____PESCADERIA PALACIO'!AC9:AC300) | E87: =SUMIF('TOTAL SEPTIEMBRE'!$B$4:$B$2000,"PESCADERIA PALACIO",'TOTAL SEPTIEMBRE'!$D$4:$D$2000) | F87: =IF(D87="","",ROUND(C87-D87,2)) | G87: =IF(D87="",ROUND(C87-E87,2),ROUND(D87-E87,2)) | H87: =IF(AND(ABS(N(F87))<=0.05,ABS(G87)<=0.05),"OK","REVISAR")
A88: PESCARUM | B88: JULIO | C88: =SUM(_____PESCARUM!F6:F300) | D88: =SUM(_____PESCARUM!I9:I300) | E88: 10740.83 | F88: =IF(D88="","",ROUND(C88-D88,2)) | G88: =IF(D88="",ROUND(C88-E88,2),ROUND(D88-E88,2)) | H88: =IF(AND(ABS(N(F88))<=0.05,ABS(G88)<=0.05),"OK","REVISAR")
A89: PESCARUM | B89: AGOSTO | C89: =SUM(_____PESCARUM!P6:P300) | D89: =SUM(_____PESCARUM!S9:S300) | E89: 5112.89 | F89: =IF(D89="","",ROUND(C89-D89,2)) | G89: =IF(D89="",ROUND(C89-E89,2),ROUND(D89-E89,2)) | H89: =IF(AND(ABS(N(F89))<=0.05,ABS(G89)<=0.05),"OK","REVISAR") | I89: Albarán 04/08: las líneas suman 992,87 € y el albarán dice 922,87 € (70 € de diferencia, ver incidencias).
A90: PESCARUM | B90: SEPTIEMBRE | C90: =SUM(_____PESCARUM!Z6:Z300) | D90: =SUM(_____PESCARUM!AC9:AC300) | E90: =SUMIF('TOTAL SEPTIEMBRE'!$B$4:$B$2000,"PESCARUM",'TOTAL SEPTIEMBRE'!$D$4:$D$2000) | F90: =IF(D90="","",ROUND(C90-D90,2)) | G90: =IF(D90="",ROUND(C90-E90,2),ROUND(D90-E90,2)) | H90: =IF(AND(ABS(N(F90))<=0.05,ABS(G90)<=0.05),"OK","REVISAR")
A91: PEÑALASTALLAS | B91: JULIO | C91: =SUM(_____PEÑALASTALLAS!F6:F300) | D91: =SUM(_____PEÑALASTALLAS!I9:I300) | E91: 1568.32 | F91: =IF(D91="","",ROUND(C91-D91,2)) | G91: =IF(D91="",ROUND(C91-E91,2),ROUND(D91-E91,2)) | H91: =IF(AND(ABS(N(F91))<=0.05,ABS(G91)<=0.05),"OK","REVISAR") | I91: Importe suelto de 67,29 € en la hoja sin nº de albarán ni reflejo en TOTAL JULIO (ver incidencias).
A92: PEÑALASTALLAS | B92: AGOSTO | C92: =SUM(_____PEÑALASTALLAS!P6:P300) | D92: =SUM(_____PEÑALASTALLAS!S9:S300) | E92: 519.69 | F92: =IF(D92="","",ROUND(C92-D92,2)) | G92: =IF(D92="",ROUND(C92-E92,2),ROUND(D92-E92,2)) | H92: =IF(AND(ABS(N(F92))<=0.05,ABS(G92)<=0.05),"OK","REVISAR")
A93: PEÑALASTALLAS | B93: SEPTIEMBRE | C93: =SUM(_____PEÑALASTALLAS!Z6:Z300) | D93: =SUM(_____PEÑALASTALLAS!AC9:AC300) | E93: =SUMIF('TOTAL SEPTIEMBRE'!$B$4:$B$2000,"PEÑALASTALLAS",'TOTAL SEPTIEMBRE'!$D$4:$D$2000) | F93: =IF(D93="","",ROUND(C93-D93,2)) | G93: =IF(D93="",ROUND(C93-E93,2),ROUND(D93-E93,2)) | H93: =IF(AND(ABS(N(F93))<=0.05,ABS(G93)<=0.05),"OK","REVISAR")
A94: REGERE AOVE | B94: SEPTIEMBRE | C94: =SUM('_____REGERE AOVE'!F6:F300) | D94: =SUM('_____REGERE AOVE'!I9:I300) | E94: =SUMIF('TOTAL SEPTIEMBRE'!$B$4:$B$2000,"REGERE AOVE",'TOTAL SEPTIEMBRE'!$D$4:$D$2000) | F94: =IF(D94="","",ROUND(C94-D94,2)) | G94: =IF(D94="",ROUND(C94-E94,2),ROUND(D94-E94,2)) | H94: =IF(AND(ABS(N(F94))<=0.05,ABS(G94)<=0.05),"OK","REVISAR")
A95: ROMERO ALVAREZ | B95: JULIO | C95: =SUM('_____ROMERO ALVAREZ'!F6:F300) | D95: =SUM('_____ROMERO ALVAREZ'!I9:I300) | E95: 533.74 | F95: =IF(D95="","",ROUND(C95-D95,2)) | G95: =IF(D95="",ROUND(C95-E95,2),ROUND(D95-E95,2)) | H95: =IF(AND(ABS(N(F95))<=0.05,ABS(G95)<=0.05),"OK","REVISAR")
A96: ROMERO ALVAREZ | B96: AGOSTO | C96: =SUM('_____ROMERO ALVAREZ'!P6:P300) | D96: =SUM('_____ROMERO ALVAREZ'!S9:S300) | E96: 654.19 | F96: =IF(D96="","",ROUND(C96-D96,2)) | G96: =IF(D96="",ROUND(C96-E96,2),ROUND(D96-E96,2)) | H96: =IF(AND(ABS(N(F96))<=0.05,ABS(G96)<=0.05),"OK","REVISAR")
A97: ROMERO ALVAREZ | B97: SEPTIEMBRE | C97: =SUM('_____ROMERO ALVAREZ'!Z6:Z300) | D97: =SUM('_____ROMERO ALVAREZ'!AC9:AC300) | E97: =SUMIF('TOTAL SEPTIEMBRE'!$B$4:$B$2000,"ROMERO ALVAREZ",'TOTAL SEPTIEMBRE'!$D$4:$D$2000) | F97: =IF(D97="","",ROUND(C97-D97,2)) | G97: =IF(D97="",ROUND(C97-E97,2),ROUND(D97-E97,2)) | H97: =IF(AND(ABS(N(F97))<=0.05,ABS(G97)<=0.05),"OK","REVISAR")
A98: SENSORVISION | B98: SEPTIEMBRE | C98: =SUM(_____SENSORVISION!F6:F300) | D98: =SUM(_____SENSORVISION!I9:I300) | E98: =SUMIF('TOTAL SEPTIEMBRE'!$B$4:$B$2000,"SENSORVISION",'TOTAL SEPTIEMBRE'!$D$4:$D$2000) | F98: =IF(D98="","",ROUND(C98-D98,2)) | G98: =IF(D98="",ROUND(C98-E98,2),ROUND(D98-E98,2)) | H98: =IF(AND(ABS(N(F98))<=0.05,ABS(G98)<=0.05),"OK","REVISAR")
A99: SUBMARINER | B99: JULIO | C99: =SUM(_____SUBMARINER!F6:F300) | D99: =SUM(_____SUBMARINER!I9:I300) | E99: 3291.32 | F99: =IF(D99="","",ROUND(C99-D99,2)) | G99: =IF(D99="",ROUND(C99-E99,2),ROUND(D99-E99,2)) | H99: =IF(AND(ABS(N(F99))<=0.05,ABS(G99)<=0.05),"OK","REVISAR")
A100: SUBMARINER | B100: AGOSTO | C100: =SUM(_____SUBMARINER!P6:P300) | D100: =SUM(_____SUBMARINER!S9:S300) | E100: 712.94 | F100: =IF(D100="","",ROUND(C100-D100,2)) | G100: =IF(D100="",ROUND(C100-E100,2),ROUND(D100-E100,2)) | H100: =IF(AND(ABS(N(F100))<=0.05,ABS(G100)<=0.05),"OK","REVISAR")
A101: SUBMARINER | B101: SEPTIEMBRE | C101: =SUM(_____SUBMARINER!Z6:Z300) | D101: =SUM(_____SUBMARINER!AC9:AC300) | E101: =SUMIF('TOTAL SEPTIEMBRE'!$B$4:$B$2000,"SUBMARINER",'TOTAL SEPTIEMBRE'!$D$4:$D$2000) | F101: =IF(D101="","",ROUND(C101-D101,2)) | G101: =IF(D101="",ROUND(C101-E101,2),ROUND(D101-E101,2)) | H101: =IF(AND(ABS(N(F101))<=0.05,ABS(G101)<=0.05),"OK","REVISAR")
A102: TOMATERIA DE CEA | B102: JULIO | C102: =SUM('_____TOMATERIA CEA'!F6:F300) | D102: =SUM('_____TOMATERIA CEA'!I9:I300) | E102: 584.97 | F102: =IF(D102="","",ROUND(C102-D102,2)) | G102: =IF(D102="",ROUND(C102-E102,2),ROUND(D102-E102,2)) | H102: =IF(AND(ABS(N(F102))<=0.05,ABS(G102)<=0.05),"OK","REVISAR")
...

Sheet _____ACEITE Y SAL
B2: 46266
H4: TOTAL | I4: =SUM(F6:F300)
B5: PRODUCTO | C5: UNIDADES | D5: PRECIO | E5: DTO | F5: TOTAL | H5: ALBARANES | I5: =SUM(I9:I300)
B6: PATATAS SAL CARTUCHO (2bx500g) | C6: =25+20+15+10+10+15+25+10 | D6: 4.5 | E6: 0.02 | F6: =(C6*D6)-((C6*D6)*E6) | H6: DIFERENCIA | I6: =I5-I4
B7: BANDERILLAS DULCES cortada (1cux1,7kg) | C7: =6+3+9+10+10+8+1+14+6 | D7: 9.84 | E7: 0.02 | F7: =(C7*D7)-((C7*D7)*E7)
B8: MINI MIX PICA (1bx1kg) | C8: =7+7+6+5+6 | D8: 5.25 | E8: 0.02 | F8: =(C8*D8)-((C8*D8)*E8) | H8: Nº ALBARÁN | I8: BASE | J8: % IVA
B9: ACEITUNA MANZANILLA (200) (1cux4,3kg) | C9: =1+1+1+1+1+1 | D9: 17.1 | E9: 0.02 | F9: =(C9*D9)-((C9*D9)*E9) | H9: 26003920 | I9: 220.88 | J9: 0.1
B10: MEJILLON MEDIA CONCHA (1cux1,5kg) | C10: =4+2+4+2+4+4 | D10: 21.5 | E10: 0.02 | F10: =(C10*D10)-((C10*D10)*E10) | H10: 26003939 | I10: 113.21 | J10: 0.1
B11: ALMENDRA COMUNA REP. FRITA (1bx1kg) | C11: =1+1 | D11: 12.7 | E11: 0.02 | F11: =(C11*D11)-((C11*D11)*E11) | H11: 26003992 | I11: 309.15 | J11: 0.1
B12: ACEITUNA RELL. ANCHOA 160/180 (1botex2k) | C12: =2+2+2+1+3+3 | D12: 15.7 | E12: 0.02 | F12: =(C12*D12)-((C12*D12)*E12) | H12: 26004025 | I12: 330.41 | J12: 0.1
B13: PIPARRA VASCA (tarro 1800g) | C13: =3+4+3+3+3 | D13: 10.9 | E13: 0.02 | F13: =(C13*D13)-((C13*D13)*E13) | H13: 26004078 | I13: 180.49 | J13: 0.1
B14: MEZCLA DE FRUTOS SECOS N01 (1bx2kg) | C14: 2 | D14: 10.585 | E14: 0.02 | F14: =(C14*D14)-((C14*D14)*E14) | H14: 26004093 | I14: 284.89 | J14: 0.1
B15: MEZCLA DE FRUTOS SECOS N01 (1bx2kg) | C15: =1+3 | D15: 10.5825 | E15: 0.02 | F15: =(C15*D15)-((C15*D15)*E15) | H15: 26004113 | I15: 201.1 | J15: 0.1
H16: 26000075 | I16: 9.64 | J16: 0.1
H17: 26004189 | I17: 450.21 | J17: 0.1
H18: 26004218 | I18: 258.91 | J18: 0.1

Sheet _____AGMASFOOD
B2: 46204 | L2: 46235 | V2: 46266
H4: TOTAL | I4: =SUM(F6:F300) | R4: TOTAL | S4: =SUM(P6:P300) | AB4: TOTAL | AC4: =SUM(Z6:Z300)
B5: PRODUCTO | C5: UNIDADES | D5: PRECIO | E5: DTO | F5: TOTAL | H5: ALBARANES | I5: =SUM(I9:I300) | L5: PRODUCTO | M5: UNIDADES | N5: PRECIO | O5: DTO | P5: TOTAL | R5: ALBARANES | S5: =SUM(S9:S300) | V5: PRODUCTO | W5: UNIDADES | X5: PRECIO | Y5: DTO | Z5: TOTAL | AB5: ALBARANES | AC5: =SUM(AC9:AC300)
B6: LOMO NEGRO SIN COLA LIMPIO | C6: =4.9+5+5.2 | D6: 39.05 | E6: 0 | F6: =(C6*D6)-((C6*D6)*E6) | H6: DIFERENCIA | I6: =I5-I4 | L6: LOMO NEGRO SIN COLA LIMPIO | M6: =4.9+5.05+4.75 | N6: 39.05 | O6: 0 | P6: =(M6*N6)-((M6*N6)*O6) | R6: DIFERENCIA | S6: =S5-S4 | V6: GAMBA ROJA ALISTADA 15-20P | W6: =1.2+1.3+1.3+1 | X6: 89 | Y6: 0 | Z6: =(W6*X6)-((W6*X6)*Y6) | AB6: DIFERENCIA | AC6: =AC5-AC4
B7: GAMBA ROJA ALISTADA 15-20P | C7: =1.3+1.2 | D7: 79 | E7: 0 | F7: =(C7*D7)-((C7*D7)*E7) | L7: GAMBA ROJA ALISTADA 15-20P | M7: =1.3+1+1.2 | N7: 84 | O7: 0 | P7: =(M7*N7)-((M7*N7)*O7) | V7: BOQUERON GORDO | W7: =3+3 | X7: 7.3 | Y7: 0 | Z7: =(W7*X7)-((W7*X7)*Y7)
B8: BOQUERON GORDO | C8: =3.5 | D8: 11.95 | E8: 0 | F8: =(C8*D8)-((C8*D8)*E8) | H8: Nº ALBARÁN | I8: BASE | J8: % IVA | L8: BOQUERON GORDO | M8: 3 | N8: 11.95 | O8: 0 | P8: =(M8*N8)-((M8*N8)*O8) | R8: Nº ALBARÁN | S8: BASE | T8: % IVA | V8: LOMO NEGRO SIN COLA LIMPIO | W8: =5.26+4.45+4.8+5.36+5.26 | X8: 39.05 | Y8: 0 | Z8: =(W8*X8)-((W8*X8)*Y8) | AB8: Nº ALBARÁN | AC8: BASE | AD8: % IVA
B9: GAMBA ROJA ALISTADA 15-20P | C9: =1.5+1+1 | D9: 84 | E9: 0 | F9: =(C9*D9)-((C9*D9)*E9) | H9: 26 6093 | I9: 191.35 | J9: 0.1 | L9: BOQUERON GORDO | M9: =3+3.5+3+4 | N9: 9.8 | O9: 0 | P9: =(M9*N9)-((M9*N9)*O9) | R9: 26 6717 | S9: 300.55 | T9: 0.1 | V9: GAMBA ROJA ALISTADA 15-20P | W9: =1+1+1.3 | X9: 95 | Y9: 0 | Z9: =(W9*X9)-((W9*X9)*Y9) | AB9: 26 7364 | AC9: 128.7 | AD9: 0.1
H10: 26 6075 | I10: 102.7 | J10: 0.1 | L10: GAMBA ROJA ALISTADA 15-20P | M10: 1 | N10: 89 | O10: 0 | P10: =(M10*N10)-((M10*N10)*O10) | R10: 26 6980 | S10: 35.85 | T10: 0.1 | AB10: 26 7432 | AC10: 343 | AD10: 0.1
H11: 26 6029 | I11: 41.83 | J11: 0.1 | R11: 26 7006 | S11: 84 | T11: 0.1 | AB11: 26 7607 | AC11: 289.47 | AD11: 0.1
H12: 26 5876 | I12: 195.25 | J12: 0.1 | R12: 26 7016 | S12: 226.6 | T12: 0.1 | AB12: 26 7678 | AC12: 276.44 | AD12: 0.1
H13: 26 5951 | I13: 94.8 | J13: 0.1 | R13: 26 7048 | S13: 100.8 | T13: 0.1 | AB13: 26 7923 | AC13: 304.31 | AD13: 0.1
H14: 26 6564 | I14: 203.06 | J14: 0.1 | R14: 26 7103 | S14: 34.3 | T14: 0.1 | AB14: 26 8103 | AC14: 95 | AD14: 0.1
H15: 26 6530 | I15: 126 | J15: 0.1 | R15: 26 7151 | S15: 0 | T15: 0.1 | AB15: 26 8111 | AC15: 328.9 | AD15: 0.1
H16: 26 6503 | I16: 84 | J16: 0.1 | R16: 26 7202 | S16: 29.4 | T16: 0.1
H17: 26 6629 | I17: 84 | J17: 0.1 | R17: 26 7226 | S17: 185.49 | T17: 0.1
R18: 26 7264 | S18: 128.2 | T18: 0.1

Sheet _____AGROFOOD
B2: 46204 | L2: 46235 | V2: 46266
H4: TOTAL | I4: =SUM(F6:F300) | R4: TOTAL | S4: =SUM(P6:P300) | AB4: TOTAL | AC4: =SUM(Z6:Z300)
B5: PRODUCTO | C5: UNIDADES | D5: PRECIO | E5: DTO | F5: TOTAL | H5: ALBARANES | I5: =SUM(I9:I300) | L5: PRODUCTO | M5: UNIDADES | N5: PRECIO | O5: DTO | P5: TOTAL | R5: ALBARANES | S5: =SUM(S9:S300) | V5: PRODUCTO | W5: UNIDADES | X5: PRECIO | Y5: DTO | Z5: TOTAL | AB5: ALBARANES | AC5: =SUM(AC9:AC300)
B6: ENTRECOT T. MORUCHA | C6: =6.95+3.4+7.12+3.42+15.16+10.41+3.21+8.21+13.51+3.29+7.16+3.57+13.04+10.45 | D6: 27.5 | E6: 0 | F6: =(C6*D6)-((C6*D6)*E6) | H6: DIFERENCIA | I6: =I5-I4 | L6: MEDALLON P. SOLOMILLO VACUNO (precio+MER 0,07) | M6: =6.17+4.19+4 | N6: 36.97 | O6: 0 | P6: =(M6*N6)-((M6*N6)*O6) | R6: DIFERENCIA | S6: =S5-S4 | V6: ENTRECOT T. MORUCHA (precio+MER 0,07) | W6: =6.48+6.83+13.87+17.78+13.13+3.54+7.21+6.73+13.63+3.45+13.26+13.82 | X6: 27.57 | Y6: 0 | Z6: =(W6*X6)-((W6*X6)*Y6) | AB6: DIFERENCIA | AC6: =AC5-AC4
B7: MEDALLON P. SOLOMILLO VACUNO | C7: =2.09+2.12+2.08+2+2.05+2.04+4.19+2.03+2.01+1.94+3.95+2.1 | D7: 36.9 | E7: 0 | F7: =(C7*D7)-((C7*D7)*E7) | L7: ENTRECOT T. MORUCHA (precio+MER 0,07) | M7: =13.34+10.91 | N7: 27.57 | O7: 0 | P7: =(M7*N7)-((M7*N7)*O7) | V7: MEDALLON P. SOLOMILLO VACUNO (precio+MER 0,07) | W7: =2.09+4.09+4.03+4.04+4.25+4.25+4.16+2.06+2.01+5.97+2.21 | X7: 36.97 | Y7: 0 | Z7: =(W7*X7)-((W7*X7)*Y7)
B8: TASA DE ELIMINACION DE RESIDUOS | C8: 1 | D8: 1.02 | E8: 0 | F8: =(C8*D8)-((C8*D8)*E8) | H8: Nº ALBARÁN | I8: BASE | J8: % IVA | R8: Nº ALBARÁN | S8: BASE | T8: % IVA | AB8: Nº ALBARÁN | AC8: BASE | AD8: % IVA
B9: TASA DE ELIMINACION DE RESIDUOS | C9: 1 | D9: 0.74 | E9: 0 | F9: =(C9*D9)-((C9*D9)*E9) | H9: M26/810 | I9: 441 | J9: 0.1 | R9: M26/935 | S9: 228.11 | T9: 0.1 | AB9: M26/963 | AC9: 178.65 | AD9: 0.1
B10: TASA DE ELIMINACION DE RESIDUOS | C10: 1 | D10: 1.21 | E10: 0 | F10: =(C10*D10)-((C10*D10)*E10) | H10: M26/787 | I10: 290.59 | J10: 0.1 | R10: M26/952 | S10: 522.68 | T10: 0.1 | AB10: M26/967 | AC10: 188.3 | AD10: 0.1
B11: TASA DE ELIMINACION DE RESIDUOS | C11: 1 | D11: 1.15 | E11: 0 | F11: =(C11*D11)-((C11*D11)*E11) | H11: M26/776 | I11: 494.86 | J11: 0.1 | R11: M26/928 | S11: 448.67 | T11: 0.1 | AB11: M26/985 | AC11: 610.88 | AD11: 0.1
B12: TASA DE ELIMINACION DE RESIDUOS | C12: 1 | D12: 0.22 | E12: 0 | F12: =(C12*D12)-((C12*D12)*E12) | H12: M26/865 | I12: 512.15 | J12: 0.1 | AB12: M26/999 | AC12: 788.54 | AD12: 0.1
B13: TASA DE ELIMINACION DE RESIDUOS | C13: 1 | D13: 0.57 | E13: 0 | F13: =(C13*D13)-((C13*D13)*E13) | H13: M26/849 | I13: 88.5 | J13: 0.1 | AB13: M26/1032 | AC13: 361.99 | AD13: 0.1
B14: TASA DE ELIMINACION DE RESIDUOS | C14: 1 | D14: 1.47 | E14: 0 | F14: =(C14*D14)-((C14*D14)*E14) | H14: M26/844 | I14: 226.35 | J14: 0.1 | AB14: M26/1036 | AC14: 157.12 | AD14: 0.1
B15: TASA DE ELIMINACION DE RESIDUOS | C15: 1 | D15: 1.03 | E15: 0 | F15: =(C15*D15)-((C15*D15)*E15) | H15: M26/839 | I15: 618.08 | J15: 0.1 | AB15: M26/1043 | AC15: 408.52 | AD15: 0.1
B16: TASA DE ELIMINACION DE RESIDUOS | C16: 1 | D16: 1.33 | E16: 0 | F16: =(C16*D16)-((C16*D16)*E16) | H16: M26/817 | I16: 445.18 | J16: 0.1 | AB16: M26/1067 | AC16: 349.25 | AD16: 0.1
B17: TASA DE ELIMINACION DE RESIDUOS | C17: 1 | D17: 0.88 | E17: 0 | F17: =(C17*D17)-((C17*D17)*E17) | H17: M26/890 | I17: 577.26 | J17: 0.1 | AB17: M26/1075 | AC17: 185.55 | AD17: 0.1
H18: M26/872 | I18: 365.75 | J18: 0.1 | AB18: M26/1081 | AC18: 375.78 | AD18: 0.1
AB19: M26/1102 | AC19: 681.41 | AD19: 0.1
AB20: M26/1117 | AC20: 462.72 | AD20: 0.1

Sheet _____ANTONIO DE MIGUEL
B2: 46204
H4: TOTAL | I4: =SUM(F6:F300)
B5: PRODUCTO | C5: UNIDADES | D5: PRECIO | E5: DTO | F5: TOTAL | H5: ALBARANES | I5: =SUM(I9:I300)
B6: PATO CEBADO-FOIE RESTAURACION (400-900) | C6: 10 | D6: 28.03 | E6: 0 | F6: =(C6*D6)-((C6*D6)*E6) | H6: DIFERENCIA | I6: =I5-I4
H8: Nº ALBARÁN | I8: BASE | J8: % IVA
H9: A/2066113 | I9: 280.3 | J9: 0.1

Sheet _____CALIDOSCOPI
B2: 46204
H4: TOTAL | I4: =SUM(F6:F300)
B5: PRODUCTO | C5: UNIDADES | D5: PRECIO | E5: DTO | F5: TOTAL | H5: ALBARANES | I5: =SUM(I9:I300)
B6: PAGO DE CARRAOVEJAS 2023 | C6: 12 | D6: 28.25 | E6: 0 | F6: =(C6*D6)-((C6*D6)*E6) | H6: DIFERENCIA | I6: =I5-I4
H8: Nº ALBARÁN | I8: BASE | J8: % IVA
H9: AV-CV26-004508 | I9: 339 | J9: 0.21

Sheet _____CARNICAS MEAT
B2: 46204 | L2: 46235 | V2: 46266
H4: TOTAL | I4: =SUM(F6:F300) | R4: TOTAL | S4: =SUM(P6:P300) | AB4: TOTAL | AC4: =SUM(Z6:Z300)
B5: PRODUCTO | C5: UNIDADES | D5: PRECIO | E5: DTO | F5: TOTAL | H5: ALBARANES | I5: =SUM(I9:I300) | L5: PRODUCTO | M5: UNIDADES | N5: PRECIO | O5: DTO | P5: TOTAL | R5: ALBARANES | S5: =SUM(S9:S300) | V5: PRODUCTO | W5: UNIDADES | X5: PRECIO | Y5: DTO | Z5: TOTAL | AB5: ALBARANES | AC5: =SUM(AC9:AC300)
B6: CHULETA CORDERO LECHAL | C6: =8.86+6.715+4.685 | D6: 25 | E6: 0 | F6: =(C6*D6)-((C6*D6)*E6) | H6: DIFERENCIA | I6: =I5-I4 | L6: SOLOMILLO VACA | M6: =6.65+4.375 | N6: 35 | O6: 0 | P6: =(M6*N6)-((M6*N6)*O6) | R6: DIFERENCIA | S6: =S5-S4 | V6: SOLOMILLO VACA | W6: =5.32+7.1+3.785 | X6: 35 | Y6: 0 | Z6: =(W6*X6)-((W6*X6)*Y6) | AB6: DIFERENCIA | AC6: =AC5-AC4
B7: TERNERA MIXTA | C7: =5.11 | D7: 10.9 | E7: 0 | F7: =(C7*D7)-((C7*D7)*E7) | L7: CHULETA CORDERO LECHAL | M7: =5.925+4.25 | N7: 25 | O7: 0 | P7: =(M7*N7)-((M7*N7)*O7) | V7: CHULETA CORDERO LECHAL | W7: =2.85+7.65+9.2+8.6 | X7: 25 | Y7: 0 | Z7: =(W7*X7)-((W7*X7)*Y7)
B8: SOLOMILLO VACA | C8: =5.445+6.48 | D8: 34.55 | E8: 0 | F8: =(C8*D8)-((C8*D8)*E8) | H8: Nº ALBARÁN | I8: BASE | J8: % IVA | R8: Nº ALBARÁN | S8: BASE | T8: % IVA | V8: SOLOMILLO VACA | W8: 5.095 | X8: 34.5456 | Y8: 0 | Z8: =(W8*X8)-((W8*X8)*Y8) | AB8: Nº ALBARÁN | AC8: BASE | AD8: % IVA
B9: SOLOMILLO VACA | C9: =5.795+6.725 | D9: 35 | E9: 0 | F9: =(C9*D9)-((C9*D9)*E9) | H9: A1/195 | I9: 221.5 | J9: 0.1 | R9: A1/221 | S9: 380.88 | T9: 0.1 | AB9: A1/234 | AC9: 186.2 | AD9: 0.1
H10: A1/191 | I10: 243.8 | J10: 0.1 | R10: A1/227 | S10: 259.38 | T10: 0.1 | AB10: A1/247 | AC10: 452.23 | AD10: 0.1
H11: A1/188 | I11: 370.7 | J11: 0.1 | AB11: A1/250 | AC11: 191.25 | AD11: 0.1
H12: A1/209 | I12: 340.98 | J12: 0.1 | AB12: A1/258 | AC12: 230 | AD12: 0.1
H13: A1/202 | I13: 235.37 | J13: 0.1 | AB13: A1/261 | AC13: 391.01 | AD13: 0.1

Sheet _____CARNICAS OPC
B2: 46204
H4: TOTAL | I4: =SUM(F6:F300)
B5: PRODUCTO | C5: UNIDADES | D5: PRECIO | E5: DTO | F5: TOTAL | H5: ALBARANES | I5: =SUM(I9:I300)
B6: MEDIA CAJA HUEVO | C6: 1 | D6: 45 | E6: 0 | F6: =(C6*D6)-((C6*D6)*E6) | H6: DIFERENCIA | I6: =I5-I4
B7: PANCETA ADOBADA | C7: =4.2+4+3 | D7: 8.8 | E7: 0 | F7: =(C7*D7)-((C7*D7)*E7)
B8: CAJA HUEVOS CORRAL | C8: 1 | D8: 52.5 | E8: 0 | F8: =(C8*D8)-((C8*D8)*E8) | H8: Nº ALBARÁN | I8: BASE | J8: % IVA
B9: POLLO TROCEADO | C9: =5.2 | D9: 3.5 | E9: 0 | F9: =(C9*D9)-((C9*D9)*E9) | H9: A2607-0221 | I9: 81.96 | J9: 0.1
B10: OREJA DE CERDO | C10: =4.4 | D10: 6 | E10: 0 | F10: =(C10*D10)-((C10*D10)*E10) | H10: A2607-0169 | I10: 105.9 | J10: 0.21
H11: A2607-0092 | I11: 52.8 | J11: 0.1

Sheet _____CASA MISU
B2: 46266
H4: TOTAL | I4: =SUM(F6:F300)
B5: PRODUCTO | C5: UNIDADES | D5: PRECIO | E5: DTO | F5: TOTAL | H5: ALBARANES | I5: =SUM(I9:I300)
B6: BANDEJA TIRAMISU PISTACCHIO | C6: =1+1+1+1+1+1 | D6: 70 | E6: 0 | F6: =(C6*D6)-((C6*D6)*E6) | H6: DIFERENCIA | I6: =I5-I4
H8: Nº ALBARÁN | I8: BASE | J8: % IVA
H9: FRA 2026-118 | I9: 70 | J9: 0.1
H10: FRA 2026-122 | I10: 70 | J10: 0.1
H11: FRA 2026-126 | I11: 70 | J11: 0.1
H12: FRA 2026-127 | I12: 70 | J12: 0.1
H13: FRA 2026-132 | I13: 70 | J13: 0.1
H14: FRA 2026-134 | I14: 70 | J14: 0.1

Sheet _____COCA-COLA
B2: 46204 | L2: 46235 | V2: 46266
H4: TOTAL | I4: =SUM(F6:F300) | R4: TOTAL | S4: =SUM(P6:P300) | AB4: TOTAL | AC4: =SUM(Z6:Z300)
B5: PRODUCTO | C5: UNIDADES | D5: PRECIO | E5: DTO | F5: TOTAL | H5: ALBARANES | I5: =SUM(I9:I300) | L5: PRODUCTO | M5: UNIDADES | N5: PRECIO | O5: DTO | P5: TOTAL | R5: ALBARANES | S5: =SUM(S9:S300) | V5: PRODUCTO | W5: UNIDADES | X5: PRECIO | Y5: DTO | Z5: TOTAL | AB5: ALBARANES | AC5: =SUM(AC9:AC300)
B6: CAJA+BOTELLAS VR237 | C6: 20 | D6: 4.8 | E6: 0 | F6: =(C6*D6)-((C6*D6)*E6) | H6: DIFERENCIA | I6: =I5-I4 | L6: COCACOLA VR237 C24 (neto caja) | M6: 3 | N6: 20.28 | O6: 0 | P6: =(M6*N6)-((M6*N6)*O6) | R6: DIFERENCIA | S6: =S5-S4 | V6: COCACOLA VR237 C24 (neto caja) | W6: =5+6+3 | X6: 20.2793 | Y6: 0 | Z6: =(W6*X6)-((W6*X6)*Y6) | AB6: DIFERENCIA | AC6: =AC5-AC4
B7: COCACOLA PET2L C6 | C7: 36 | D7: 2.504 | E7: 0 | F7: =(C7*D7)-((C7*D7)*E7) | L7: COCACOLA ZERO VR237 C24 (neto caja) | M7: 6 | N7: 20.2783 | O7: 0 | P7: =(M7*N7)-((M7*N7)*O7) | V7: COCACOLA ZERO VR237 C24 (neto caja) | W7: =14+12 | X7: 20.2792 | Y7: 0 | Z7: =(W7*X7)-((W7*X7)*Y7)
B8: COCACOLA VR237 C24 | C8: =48+48+96+96+96+144 | D8: 0.845 | E8: 0 | F8: =(C8*D8)-((C8*D8)*E8) | H8: Nº ALBARÁN | I8: BASE | J8: % IVA | L8: COCACOLA ZERO ZERO VR237 C24 (neto caja) | M8: =2+1 | N8: 20.28 | O8: 0 | P8: =(M8*N8)-((M8*N8)*O8) | R8: Nº ALBARÁN | S8: BASE | T8: % IVA | V8: COCACOLA ZERO ZERO VR237 C24 (neto caja) | W8: =1+2 | X8: 20.28 | Y8: 0 | Z8: =(W8*X8)-((W8*X8)*Y8) | AB8: Nº ALBARÁN | AC8: BASE | AD8: % IVA
B9: COCACOLA VR237 C24 | C9: 21 | D9: 4.8 | E9: 0 | F9: =(C9*D9)-((C9*D9)*E9) | H9: 521604 | I9: 200.66 | J9: 0.21 | L9: COCACOLA PET 2L C6 (neto caja) | M9: 1 | N9: 15.02 | O9: 0 | P9: =(M9*N9)-((M9*N9)*O9) | R9: 4536210096 | S9: 238.09 | T9: 0.21 | V9: COCACOLA PET 2L C6 (neto caja) | W9: 2 | X9: 15.025 | Y9: 0 | Z9: =(W9*X9)-((W9*X9)*Y9) | AB9: 4536891120 | AC9: 435.64 | AD9: 0.21
B10: COCACOLA ZER VR237 C24 | C10: =144+120+168+216+144+360+288 | D10: 0.845 | E10: 0 | F10: =(C10*D10)-((C10*D10)*E10) | H10: 629349 | I10: 141.96 | J10: 0.21 | L10: COCACOLA VR237 C24 (neto caja) | M10: 6 | N10: 20.2783 | O10: 0 | P10: =(M10*N10)-((M10*N10)*O10) | R10: 4536386996 | S10: 223.07 | T10: 0.21 | V10: COCACOLA VNR20 P4 C6 (neto caja) | W10: 1 | X10: 27.03 | Y10: 0 | Z10: =(W10*X10)-((W10*X10)*Y10) | AB10: 4537342018 | AC10: 189.26 | AD10: 0.21
B11: COCACOLA ZER ZER VR237 C24 | C11: =48+24+72 | D11: 0.845 | E11: 0 | F11: =(C11*D11)-((C11*D11)*E11) | H11: 658014 | I11: 34.96 | J11: 0.1 | L11: COCACOLA ZERO VR237 C24 (neto caja) | M11: 4 | N11: 20.28 | O11: 0 | P11: =(M11*N11)-((M11*N11)*O11) | R11: 4536386996 | S11: 34.96 | T11: 0.1 | AB11: 4537429705 | AC11: 304.19 | AD11: 0.21
B12: MINUTE MAID TOM VNR20 C24 | C12: =48+24 | D12: 0.728 | E12: 0 | F12: =(C12*D12)-((C12*D12)*E12) | H12: 658014 | I12: 293.69 | J12: 0.21 | L12: MINUTE MAID TOMATE VNR20 C24 (neto caja) | M12: 2 | N12: 17.48 | O12: 0 | P12: =(M12*N12)-((M12*N12)*O12) | R12: 4536386995 | S12: -38.4 | T12: 0.21
H13: 657975 | I13: 48 | J13: 0.21 | L13: DEVOLUCION CAJA+BOTELLAS VR237 | M13: -8 | N13: 4.8 | O13: 0 | P13: =(M13*N13)-((M13*N13)*O13)
H14: 874907 | I14: 17.48 | J14: 0.1
H15: 874907 | I15: 287.64 | J15: 0.21
H16: 970813 | I16: 232.84 | J16: 0.21
H17: 122492 | I17: 484.55 | J17: 0.21
H18: 366393 | I18: 334.24 | J18: 0.1
H19: 366398 | I19: 48 | J19: 0.21

Sheet _____CONS. SELEC. SANT
B2: 46204 | L2: 46235 | V2: 46266
H4: TOTAL | I4: =SUM(F6:F300) | R4: TOTAL | S4: =SUM(P6:P300) | AB4: TOTAL | AC4: =SUM(Z6:Z300)
B5: PRODUCTO | C5: UNIDADES | D5: PRECIO | E5: DTO | F5: TOTAL | H5: ALBARANES | I5: =SUM(I9:I300) | L5: PRODUCTO | M5: UNIDADES | N5: PRECIO | O5: DTO | P5: TOTAL | R5: ALBARANES | S5: =SUM(S9:S300) | V5: PRODUCTO | W5: UNIDADES | X5: PRECIO | Y5: DTO | Z5: TOTAL | AB5: ALBARANES | AC5: =SUM(AC9:AC300)
B6: DON BOCARTE MEDIO PULPO 360-400 gr | C6: =12.88+13.24 | D6: 27 | E6: 0 | F6: =(C6*D6)-((C6*D6)*E6) | H6: DIFERENCIA | I6: =I5-I4 | L6: DON BOCARTE MEDIO PULPO 360-400 gr | M6: 14.17 | N6: 27 | O6: 0 | P6: =(M6*N6)-((M6*N6)*O6) | R6: DIFERENCIA | S6: =S5-S4 | V6: DON BOCARTE MEDIO PULPO 360-400 gr | W6: =14.28+13.63+6.69+6.86+6.87 | X6: 27 | Y6: 0 | Z6: =(W6*X6)-((W6*X6)*Y6) | AB6: DIFERENCIA | AC6: =AC5-AC4
H8: Nº ALBARÁN | I8: BASE | J8: % IVA | R8: Nº ALBARÁN | S8: BASE | T8: % IVA | AB8: Nº ALBARÁN | AC8: BASE | AD8: % IVA
H9: 4604 | I9: 347.76 | J9: 0.1 | R9: 5653 | S9: 382.59 | T9: 0.1 | AB9: 5869 | AC9: 385.56 | AD9: 0.1
H10: 5016 | I10: 357.48 | J10: 0.1 | AB10: 6193 | AC10: 368.01 | AD10: 0.1
AB11: 6369 | AC11: 365.85 | AD11: 0.1
AB12: 6562 | AC12: 185.49 | AD12: 0.1

Sheet _____CONS. Y SALAZONES
B2: 46204 | L2: 46235 | V2: 46266
H4: TOTAL | I4: =SUM(F6:F300) | R4: TOTAL | S4: =SUM(P6:P300) | AB4: TOTAL | AC4: =SUM(Z6:Z300)
B5: PRODUCTO | C5: UNIDADES | D5: PRECIO | E5: DTO | F5: TOTAL | H5: ALBARANES | I5: =SUM(I9:I300) | L5: PRODUCTO | M5: UNIDADES | N5: PRECIO | O5: DTO | P5: TOTAL | R5: ALBARANES | S5: =SUM(S9:S300) | V5: PRODUCTO | W5: UNIDADES | X5: PRECIO | Y5: DTO | Z5: TOTAL | AB5: ALBARANES | AC5: =SUM(AC9:AC300)
B6: ANCHOAS CANTABRICO COSTERA | C6: =8+8+8+8+8+8 | D6: 16.9 | E6: 0.02 | F6: =(C6*D6)-((C6*D6)*E6) | H6: DIFERENCIA | I6: =I5-I4 | L6: ANCHOAS CANTABRICO COSTERA | M6: =8+8 | N6: 16.9 | O6: 0.02 | P6: =(M6*N6)-((M6*N6)*O6) | R6: DIFERENCIA | S6: =S5-S4 | V6: VENTRESCA DE BONITO EXTRA | W6: =24+24 | X6: 5.86 | Y6: 0.02 | Z6: =(W6*X6)-((W6*X6)*Y6) | AB6: DIFERENCIA | AC6: =AC5-AC4
B7: ANCHOAS DEL CANTABRICO GRAN RESERVA | C7: =16+16+16+16 | D7: 28.66 | E7: 0.02 | F7: =(C7*D7)-((C7*D7)*E7) | L7: VENTRESCA DE BONITO EXTRA | M7: 24 | N7: 5.86 | O7: 0.02 | P7: =(M7*N7)-((M7*N7)*O7) | V7: ANCHOAS DEL CANTABRICO GRAN RESERVA | W7: =16+8+8+6 | X7: 28.66 | Y7: 0.02 | Z7: =(W7*X7)-((W7*X7)*Y7)
B8: VENTRESCA DE BONITO EXTRA | C8: =24+24 | D8: 5.86 | E8: 0.02 | F8: =(C8*D8)-((C8*D8)*E8) | H8: Nº ALBARÁN | I8: BASE | J8: % IVA | L8: ANCHOAS DEL CANTABRICO GRAN RESERVA | M8: 16 | N8: 28.66 | O8: 0.02 | P8: =(M8*N8)-((M8*N8)*O8) | R8: Nº ALBARÁN | S8: BASE | T8: % IVA | V8: ANCHOAS CANTABRICO COSTERA | W8: =16+8+8 | X8: 16.9 | Y8: 0.02 | Z8: =(W8*X8)-((W8*X8)*Y8) | AB8: Nº ALBARÁN | AC8: BASE | AD8: % IVA
B9: MEJILLONES ESCABECHE RIAS GALLEGAS RR-125 | C9: 25 | D9: 5.86 | E9: 0.02 | F9: =(C9*D9)-((C9*D9)*E9) | H9: 26A00878 | I9: 719.71 | J9: 0.1 | L9: MEJILLONES ESCABECHE RIAS GALLEGAS OL-120 6/8 | M9: 24 | N9: 5.96 | O9: 0.02 | P9: =(M9*N9)-((M9*N9)*O9) | R9: 26A01042 | S9: 859.89 | T9: 0.1 | V9: MEJILLONES ESCABECHE RIAS GALLEGAS RR-125 | W9: 25 | X9: 6.1 | Y9: 0.02 | Z9: =(W9*X9)-((W9*X9)*Y9) | AB9: 26A01087 | AC9: 587.22 | AD9: 0.1
B10: BERBERECHOS RIAS GALLEGAS RO-120 30/40 | C10: 24 | D10: 11.4 | E10: 0.02 | F10: =(C10*D10)-((C10*D10)*E10) | H10: 26A00831 | I10: 993.58 | J10: 0.1 | L10: MOJAMA EXTRA SUPERIOR LA CHANCA | M10: 1.94 | N10: 36.4 | O10: 0.02 | P10: =(M10*N10)-((M10*N10)*O10) | R10: 26A01059 | S10: 201.7 | T10: 0.1 | V10: MUESTRA: MEJILLONES ESCABECHE PICANTES RIAS GALLEGAS RO-120 8/12 MARISCADORA SELECTA | W10: 1 | X10: 4.4 | Y10: 1 | Z10: =(W10*X10)-((W10*X10)*Y10) | AB10: 26A01109 | AC10: 264.99 | AD10: 0.1
B11: ANCHOAS CANTABRICO RO-550 ETIQUETA ROJA | C11: 18 | D11: 20.6 | E11: 0.02 | F11: =(C11*D11)-((C11*D11)*E11) | H11: 26A00946 | I11: 270.32 | J11: 0.1 | V11: MEJILLONES EN ESCABECHE PICANTES OL-120 20/25 RAMON FRANCO | W11: 50 | X11: 2.16 | Y11: 0.02 | Z11: =(W11*X11)-((W11*X11)*Y11) | AB11: 26A01144 | AC11: 374.14 | AD11: 0.1
B12: MOJAMA EXTRA SUPERIOR LA CHANCA | C12: 2.71 | D12: 36.4 | E12: 0.02 | F12: =(C12*D12)-((C12*D12)*E12) | H12: 26A00922 | I12: 132.5 | J12: 0.1 | V12: MEJILLONES ESCABECHE RIAS GALLEGAS OL-120 6/8 | W12: 12 | X12: 5.96 | Y12: 0.02 | Z12: =(W12*X12)-((W12*X12)*Y12) | AB12: 26A01162 | AC12: 670.95 | AD12: 0.1
H13: 26A00916 | I13: 812.77 | J13: 0.1 | AB13: 26A01199 | AC13: 301.02 | AD13: 0.1
H14: 26A00903 | I14: 229.16 | J14: 0.1
H15: 26A00978 | I15: 581.88 | J15: 0.1

Sheet _____CRNAS SERVAN
B2: 46204 | L2: 46235 | V2: 46266
H4: TOTAL | I4: =SUM(F6:F300) | R4: TOTAL | S4: =SUM(P6:P300) | AB4: TOTAL | AC4: =SUM(Z6:Z300)
B5: PRODUCTO | C5: UNIDADES | D5: PRECIO | E5: DTO | F5: TOTAL | H5: ALBARANES | I5: =SUM(I9:I300) | L5: PRODUCTO | M5: UNIDADES | N5: PRECIO | O5: DTO | P5: TOTAL | R5: ALBARANES | S5: =SUM(S9:S300) | V5: PRODUCTO | W5: UNIDADES | X5: PRECIO | Y5: DTO | Z5: TOTAL | AB5: ALBARANES | AC5: =SUM(AC9:AC300)
B6: MEDIA CAJA DE HUERVO | C6: =2+1 | D6: 45 | E6: 0 | F6: =(C6*D6)-((C6*D6)*E6) | H6: DIFERENCIA | I6: =I5-I4 | L6: MEDIA CAJA DE HUERVO | M6: =1+1+1+1 | N6: 45 | O6: 0 | P6: =(M6*N6)-((M6*N6)*O6) | R6: DIFERENCIA | S6: =S5-S4 | V6: PANCETA ADOBADA | W6: =3.9+6.9+9.3+8+7.3+8+3.5+3.9+5.8+7.2+7.3 | X6: 8.8 | Y6: 0 | Z6: =(W6*X6)-((W6*X6)*Y6) | AB6: DIFERENCIA | AC6: =AC5-AC4
B7: PANCETA ADOBADA | C7: =4.5+8.5+4.3+8.8+3.8+9.8+7.8 | D7: 8.8 | E7: 0 | F7: =(C7*D7)-((C7*D7)*E7) | L7: PANCETA ADOBADA | M7: =3.9+4.1+3.1+3.9+6.8+6.9+7.4 | N7: 8.8 | O7: 0 | P7: =(M7*N7)-((M7*N7)*O7) | V7: PICADA MIXTA | W7: 5 | X7: 7.5 | Y7: 0 | Z7: =(W7*X7)-((W7*X7)*Y7)
B8: CAJA HUEVOS DE CORRAL | C8: =1+1+1 | D8: 52.5 | E8: 0 | F8: =(C8*D8)-((C8*D8)*E8) | H8: Nº ALBARÁN | I8: BASE | J8: % IVA | L8: HUESO FRESCO | M8: 6 | N8: 2 | O8: 0 | P8: =(M8*N8)-((M8*N8)*O8) | R8: Nº ALBARÁN | S8: BASE | T8: % IVA | V8: CAJA HUEVOS DE CORRAL | W8: =1+1+1+1 | X8: 52.5 | Y8: 0 | Z8: =(W8*X8)-((W8*X8)*Y8) | AB8: Nº ALBARÁN | AC8: BASE | AD8: % IVA
B9: POLLO TROCEADO | C9: =5.5+5.5+6.5 | D9: 3.5 | E9: 0 | F9: =(C9*D9)-((C9*D9)*E9) | H9: A2607-0444 | I9: 84.6 | J9: 0.1 | L9: HUESO DE TUETANO | M9: 6 | N9: 3 | O9: 0 | P9: =(M9*N9)-((M9*N9)*O9) | R9: A2608-0010 | S9: 45 | T9: 0.1 | V9: OREJA DE CERDO | W9: 5.1 | X9: 6 | Y9: 0 | Z9: =(W9*X9)-((W9*X9)*Y9) | AB9: A2609-0052 | AC9: 71.82 | AD9: 0.1
B10: PALETILLA IBERICA | C10: 3.8 | D10: 36 | E10: 0 | F10: =(C10*D10)-((C10*D10)*E10) | H10: A2607-0048 | I10: 172.3 | J10: 0.1 | L10: MORCILLA ASTURIANA | M10: 8.6 | N10: 9 | O10: 0 | P10: =(M10*N10)-((M10*N10)*O10) | R10: A2608-0213 | S10: 285.02 | T10: 0.1 | V10: MEDIA CAJA DE HUEVO | W10: =1+1 | X10: 45 | Y10: 0 | Z10: =(W10*X10)-((W10*X10)*Y10) | AB10: A2609-0097 | AC10: 113.22 | AD10: 0.1
B11: OREJA DE CERDO | C11: =4.4+5.1 | D11: 6 | E11: 0 | F11: =(C11*D11)-((C11*D11)*E11) | H11: A2607-0010 | I11: 57.09 | J11: 0.1 | L11: MORRO DE TERNERA | M11: 4 | N11: 8.5 | O11: 0 | P11: =(M11*N11)-((M11*N11)*O11) | R11: A2608-0233 | S11: 111.68 | T11: 0.1 | AB11: A2609-0112 | AC11: 30.6 | AD11: 0.1
B12: POLLO ENTERO | C12: 5.9 | D12: 3.5 | E12: 0 | F12: =(C12*D12)-((C12*D12)*E12) | H12: A2607-0507 | I12: 208.55 | J12: 0.1 | L12: FALDA DE TERNERA | M12: 6.4 | N12: 11.5 | O12: 0 | P12: =(M12*N12)-((M12*N12)*O12) | R12: A2608-0257 | S12: 27.28 | T12: 0.1 | AB12: A2609-0146 | AC12: 81.84 | AD12: 0.1
B13: GALLINAS | C13: 4.9 | D13: 3.75 | E13: 0 | F13: =(C13*D13)-((C13*D13)*E13) | H13: A2607-0519 | I13: 77.44 | J13: 0.1 | L13: PATAS DE TERNERA | M13: 4.2 | N13: 8.5 | O13: 0 | P13: =(M13*N13)-((M13*N13)*O13) | R13: A2608-0274 | S13: 67.32 | T13: 0.1 | AB13: A2609-0177 | AC13: 115.4 | AD13: 0.1
B14: MORCILLO DE TERNERA | C14: 3 | D14: 12.5 | E14: 0 | F14: =(C14*D14)-((C14*D14)*E14) | H14: A2607-0476 | I14: 71.4 | J14: 0.1 | L14: OREJA DE CERDO | M14: =5.1+5.5+4.3 | N14: 6 | O14: 0 | P14: =(M14*N14)-((M14*N14)*O14) | R14: A2608-0327 | S14: 45 | T14: 0.1 | AB14: A2609-0245 | AC14: 52.5 | AD14: 0.1
B15: PATAS DE TERNERA | C15: 2 | D15: 8.5 | E15: 0 | F15: =(C15*D15)-((C15*D15)*E15) | H15: A2607-0335 | I15: 64.04 | J15: 0.1 | L15: CAJA HUEVOS DE CORRAL | M15: 1 | N15: 52.5 | O15: 0 | P15: =(M15*N15)-((M15*N15)*O15) | R15: A2608-0351 | S15: 104.84 | T15: 0.1 | AB15: A2609-0271 | AC15: 64.24 | AD15: 0.1
B16: MANOS DE CERDO | C16: 2.1 | D16: 4.5 | E16: 0 | F16: =(C16*D16)-((C16*D16)*E16) | H16: A2607-0309 | I16: 161.49 | J16: 0.1 | R16: A2608-0356 | S16: 60.72 | T16: 0.1 | AB16: A2609-0298 | AC16: 70.4 | AD16: 0.1
B17: MORRO DE TERNERA | C17: 1 | D17: 8.5 | E17: 0 | F17: =(C17*D17)-((C17*D17)*E17) | H17: A2607-0239 | I17: 189.12 | J17: 0.1 | R17: A2608-0379 | S17: 143.42 | T17: 0.1 | AB17: A2609-0338 | AC17: 83.3 | AD17: 0.1
B18: CHORIZO ASTURIANO | C18: 1 | D18: 9 | E18: 0 | F18: =(C18*D18)-((C18*D18)*E18) | AB18: A2609-0384 | AC18: 79.32 | AD18: 0.1
AB19: A2609-0440 | AC19: 103.54 | AD19: 0.1
AB20: A2609-0484 | AC20: 63.36 | AD20: 0.1
AB21: A2609-0505 | AC21: 64.24 | AD21: 0.1

Sheet _____CRUSTAPESCA
B2: 46204 | L2: 46235 | V2: 46266
H4: TOTAL | I4: =SUM(F6:F300) | R4: TOTAL | S4: =SUM(P6:P300) | AB4: TOTAL | AC4: =SUM(Z6:Z300)
B5: PRODUCTO | C5: UNIDADES | D5: PRECIO | E5: DTO | F5: TOTAL | H5: ALBARANES | I5: =SUM(I9:I300) | L5: PRODUCTO | M5: UNIDADES | N5: PRECIO | O5: DTO | P5: TOTAL | R5: ALBARANES | S5: =SUM(S9:S300) | V5: PRODUCTO | W5: UNIDADES | X5: PRECIO | Y5: DTO | Z5: TOTAL | AB5: ALBARANES | AC5: =SUM(AC9:AC300)
B6: GAMBA FR M | C6: =18+3+3+3+6+3+6+3+4+3 | D6: 26 | E6: 0 | F6: =(C6*D6)-((C6*D6)*E6) | H6: DIFERENCIA | I6: =I5-I4 | L6: COLA GAMBON (abono) | M6: -5 | N6: 22 | O6: 0 | P6: =(M6*N6)-((M6*N6)*O6) | R6: DIFERENCIA | S6: =S5-S4 | V6: GAMBA FR M | W6: =3+6+3+3+6+3+3+6+3+3 | X6: 26 | Y6: 0 | Z6: =(W6*X6)-((W6*X6)*Y6) | AB6: DIFERENCIA | AC6: =AC5-AC4
B7: VENTRESCA | C7: 4.84 | D7: 59.6 | E7: 0 | F7: =(C7*D7)-((C7*D7)*E7) | L7: VENTRESCA (abono) | M7: -2 | N7: 59.8 | O7: 0 | P7: =(M7*N7)-((M7*N7)*O7) | V7: PRODUCTO NO VISIBLE (alb. 03/09, importe 93,60) | W7: 1 | X7: 93.6 | Y7: 0 | Z7: =(W7*X7)-((W7*X7)*Y7)
B8: COLA G | C8: =4.5+6+6 | D8: 20 | E8: 0 | F8: =(C8*D8)-((C8*D8)*E8) | H8: Nº ALBARÁN | I8: BASE | J8: % IVA | L8: VENTRESCA | M8: 2 | N8: 59.8 | O8: 0 | P8: =(M8*N8)-((M8*N8)*O8) | R8: Nº ALBARÁN | S8: BASE | T8: % IVA | V8: PRODUCTO NO VISIBLE (alb. 03/09, importe 60,00) | W8: 1 | X8: 60 | Y8: 0 | Z8: =(W8*X8)-((W8*X8)*Y8) | AB8: Nº ALBARÁN | AC8: BASE | AD8: % IVA
H9: 10073 | I9: 78 | J9: 0.1 | L9: GAMBA FR M | M9: =3+3+3+3+3+3+3+6 | N9: 26 | O9: 0 | P9: =(M9*N9)-((M9*N9)*O9) | R9: 20081 (ABONO) | S9: -229.6 | T9: 0.1 | V9: GAMBA M | W9: 3 | X9: 26 | Y9: 0 | Z9: =(W9*X9)-((W9*X9)*Y9) | AB9: 1094 | AC9: 78 | AD9: 0.1
H10: 9071 | I10: 156 | J10: 0.1 | L10: COLA G | M10: =4.5+4.5 | N10: 20 | O10: 0 | P10: =(M10*N10)-((M10*N10)*O10) | R10: 25081 | S10: 119.6 | T10: 0.1 | V10: VENTRESCA | W10: =2.2+4.3 | X10: 52 | Y10: 0 | Z10: =(W10*X10)-((W10*X10)*Y10) | AB10: s/n (03/09) | AC10: 153.6 | AD10: 0.1
H11: 8074 | I11: 288.46 | J11: 0.1 | R11: 27084 | S11: 78 | T11: 0.1 | V11: COLA G | W11: 6 | X11: 20 | Y11: 0 | Z11: =(W11*X11)-((W11*X11)*Y11) | AB11: 3091 | AC11: 192.4 | AD11: 0.1
H12: 2074 | I12: 156 | J12: 0.1 | R12: 5081 | S12: 78 | T12: 0.1 | V12: VENTRESCA | W12: 4.7 | X12: 62 | Y12: 0 | Z12: =(W12*X12)-((W12*X12)*Y12) | AB12: 5091 | AC12: 156 | AD12: 0.1
H13: 1074 | I13: 78 | J13: 0.1 | R13: 6083 | S13: 78 | T13: 0.1 | V13: COLA G | W13: 4.5 | X13: 22 | Y13: 0 | Z13: =(W13*X13)-((W13*X13)*Y13) | AB13: 7069 | AC13: 78 | AD13: 0.1
H14: 31074 | I14: 90 | J14: 0.1 | R14: 18086 | S14: 78 | T14: 0.1 | AB14: 110911 | AC14: 78 | AD14: 0.1
H15: 30076 | I15: 78 | J15: 0.1 | R15: 19083 | S15: 78 | T15: 0.1 | AB15: 12091 | AC15: 156 | AD15: 0.1
H16: 29074 | I16: 78 | J16: 0.1 | R16: S/N 22-08 | S16: 168 | T16: 0.1 | AB16: 15091 | AC16: 301.6 | AD16: 0.1
H17: 28071 | I17: 198 | J17: 0.1 | R17: 25085 | S17: 78 | T17: 0.1 | AB17: 17091 | AC17: 198 | AD17: 0.1
H18: 18071 | I18: 156 | J18: 0.1 | R18: 29082 | S18: 246 | T18: 0.1 | AB18: 19091 | AC18: 156 | AD18: 0.1
H19: S/N 16-07 | I19: 78 | J19: 0.1 | AB19: 24092 | AC19: 468.4 | AD19: 0.1
H20: 150710 | I20: 120 | J20: 0.1 | AB20: 25093 | AC20: 78 | AD20: 0.1
H21: 14071 | I21: 156 | J21: 0.1
H22: 23077 | I22: 78 | J22: 0.1
H23: S/N 21-07 | I23: 104 | J23: 0.1
H24: S/N 24-07 | I24: 78 | J24: 0.1

Sheet _____DELIPAN
B2: 46204 | L2: 46235 | V2: 46266
H4: TOTAL | I4: =SUM(F6:F300) | R4: TOTAL | S4: =SUM(P6:P300) | AB4: TOTAL | AC4: =SUM(Z6:Z300)
B5: PRODUCTO | C5: UNIDADES | D5: PRECIO | E5: DTO | F5: TOTAL | H5: ALBARANES | I5: =SUM(I9:I300) | L5: PRODUCTO | M5: UNIDADES | N5: PRECIO | O5: DTO | P5: TOTAL | R5: ALBARANES | S5: =SUM(S9:S300) | V5: PRODUCTO | W5: UNIDADES | X5: PRECIO | Y5: DTO | Z5: TOTAL | AB5: ALBARANES | AC5: =SUM(AC9:AC300)
B6: DELIPAN | C6: 4 | D6: 17.73 | E6: 0 | F6: =(C6*D6)-((C6*D6)*E6) | H6: DIFERENCIA | I6: =I5-I4 | L6: PICOS ARTESANOS 500gr | M6: =2+2+3 | N6: 11.48 | O6: 0 | P6: =(M6*N6)-((M6*N6)*O6) | R6: DIFERENCIA | S6: =S5-S4 | V6: DELIFLAUTA 17 PERRITO 90 uds | W6: =3+4+2+1+1 | X6: 17.73 | Y6: 0 | Z6: =(W6*X6)-((W6*X6)*Y6) | AB6: DIFERENCIA | AC6: =AC5-AC4
B7: PICOS ARTESANOS 500gr | C7: =5+2+1+2+2+2 | D7: 11.48 | E7: 0 | F7: =(C7*D7)-((C7*D7)*E7) | L7: DELIFLAUTA 17 PERRITO 90 uds | M7: =1+2+3+3+3 | N7: 17.73 | O7: 0 | P7: =(M7*N7)-((M7*N7)*O7) | V7: PAN MOLDE BRIOCHE (7 ud) | W7: =1+1+1+1+1+1 | X7: 88.09 | Y7: 0 | Z7: =(W7*X7)-((W7*X7)*Y7)
B8: DELIFLAUTA 17 PERRITO 90 uds | C8: =3+4+3+2+4+4+5+4 | D8: 17.73 | E8: 0 | F8: =(C8*D8)-((C8*D8)*E8) | H8: Nº ALBARÁN | I8: BASE | J8: % IVA | L8: PAN MOLDE BRIOCHE (7 ud) | M8: 1 | N8: 88.09 | O8: 0 | P8: =(M8*N8)-((M8*N8)*O8) | R8: Nº ALBARÁN | S8: BASE | T8: % IVA | V8: PICOS ARTESANOS 500gr | W8: =3+3+2+2+4+2+4 | X8: 11.48 | Y8: 0 | Z8: =(W8*X8)-((W8*X8)*Y8) | AB8: Nº ALBARÁN | AC8: BASE | AD8: % IVA
B9: PAN MOLDE BRIOCHE (7 ud) | C9: =1+1+1 | D9: 88.09 | E9: 0 | F9: =(C9*D9)-((C9*D9)*E9) | H9: A2/8520 | I9: 105.36 | J9: 0.04 | R9: A2/9526 | S9: 88.09 | T9: 0.1 | V9: PICOS SIN GLUTEN 20gr (25 uds) | W9: =2+1 | X9: 11.29 | Y9: 0 | Z9: =(W9*X9)-((W9*X9)*Y9) | AB9: A2/10.367 | AC9: 110.21 | AD9: 0.04
B10: PICOS SIN GLUTEN 20gr (25 uds) | C10: =1+1 | D10: 11.29 | E10: 0 | F10: =(C10*D10)-((C10*D10)*E10) | H10: A2/8358 | I10: 88.09 | J10: 0.1 | R10: A2/9526 | S10: 40.69 | T10: 0.04 | AB10: A2/10.367 | AC10: 88.09 | AD10: 0.1
H11: A2/8358 | I11: 76.15 | J11: 0.04 | R11: A2/9861 | S11: 35.46 | T11: 0.04 | AB11: A2/10.551 | AC11: 105.36 | AD11: 0.04
H12: A2/8248 | I12: 105.17 | J12: 0.04 | R12: A2/10002 | S12: 76.15 | T12: 0.04 | AB12: A2/10.551 | AC12: 88.09 | AD12: 0.1
H13: A2/9083 | I13: 88.09 | J13: 0.1 | R13: A2/10106 | S13: 53.19 | T13: 0.04 | AB13: A2/10.679 | AC13: 35.46 | AD13: 0.04
H14: A2/9083 | I14: 75.96 | J14: 0.04 | R14: A2/10260 | S14: 87.63 | T14: 0.04 | AB14: A2/10.679 | AC14: 88.09 | AD14: 0.1
H15: A2/8944 | I15: 35.46 | J15: 0.04 | AB15: A2/10.905 | AC15: 22.96 | AD15: 0.04
H16: A2/8841 | I16: 93.88 | J16: 0.04 | AB16: A2/10.999 | AC16: 40.69 | AD16: 0.04
H17: A2/8675 | I17: 88.09 | J17: 0.1 | AB17: A2/10.999 | AC17: 88.09 | AD17: 0.1
H18: A2/8675 | I18: 93.88 | J18: 0.04 | AB18: A2/11.234 | AC18: 45.92 | AD18: 0.04
H19: A2/9337 | I19: 88.65 | J19: 0.04 | AB19: A2/11.370 | AC19: 40.69 | AD19: 0.04
H20: A2/9201 | I20: 93.88 | J20: 0.04 | AB20: A2/11.370 | AC20: 88.09 | AD20: 0.1
AB21: A2/11.721 | AC21: 57.21 | AD21: 0.04
AB22: A2/11.806 | AC22: 88.09 | AD22: 0.1

Sheet _____DISOLTRIGO
B2: 46204 | L2: 46235 | V2: 46266
H4: TOTAL | I4: =SUM(F6:F300) | R4: TOTAL | S4: =SUM(P6:P300) | AB4: TOTAL | AC4: =SUM(Z6:Z300)
B5: PRODUCTO | C5: UNIDADES | D5: PRECIO | E5: DTO | F5: TOTAL | H5: ALBARANES | I5: =SUM(I9:I300) | L5: PRODUCTO | M5: UNIDADES | N5: PRECIO | O5: DTO | P5: TOTAL | R5: ALBARANES | S5: =SUM(S9:S300) | V5: PRODUCTO | W5: UNIDADES | X5: PRECIO | Y5: DTO | Z5: TOTAL | AB5: ALBARANES | AC5: =SUM(AC9:AC300)
B6: BOQUERON EN VINAGRE PANDERETA | C6: =8+8+8+8 | D6: 19 | E6: 0 | F6: =(C6*D6)-((C6*D6)*E6) | H6: DIFERENCIA | I6: =I5-I4 | L6: 24 PERLE NOIRE N.2 | M6: =2+2 | N6: 41.5 | O6: 0 | P6: =(M6*N6)-((M6*N6)*O6) | R6: DIFERENCIA | S6: =S5-S4 | V6: BOQUERON EN VINAGRE PANDERETA | W6: =8+8+8+8 | X6: 19 | Y6: 0 | Z6: =(W6*X6)-((W6*X6)*Y6) | AB6: DIFERENCIA | AC6: =AC5-AC4
B7: 24 PERLE NOIRE N.2 | C7: =2+4+1+3+3 | D7: 41.5 | E7: 0 | F7: =(C7*D7)-((C7*D7)*E7) | L7: BOQUERON EN VINAGRE PANDERETA | M7: 8 | N7: 19 | O7: 0 | P7: =(M7*N7)-((M7*N7)*O7) | V7: 24 PERLE NOIRE N.2 | W7: =3+4+1+3 | X7: 41.5 | Y7: 0 | Z7: =(W7*X7)-((W7*X7)*Y7)
B8: BOQUERON CASERO EN ACEITE 700g | C8: 8 | D8: 18.5 | E8: 0 | F8: =(C8*D8)-((C8*D8)*E8) | H8: Nº ALBARÁN | I8: BASE | J8: % IVA | R8: Nº ALBARÁN | S8: BASE | T8: % IVA | AB8: Nº ALBARÁN | AC8: BASE | AD8: % IVA
H9: 134806 | I9: 152 | J9: 0.1 | R9: 135823 | S9: 83 | T9: 0.1 | AB9: 136230 | AC9: 276.5 | AD9: 0.1
H10: 134789 | I10: 83 | J10: 0.1 | R10: 136005 | S10: 235 | T10: 0.1 | AB10: 136553 | AC10: 318 | AD10: 0.1
H11: 134442 | I11: 314 | J11: 0.1 | AB11: 136819 | AC11: 193.5 | AD11: 0.1
H12: 135177 | I12: 193.5 | J12: 0.1 | AB12: 137136 | AC12: 276.5 | AD12: 0.1
H13: 135027 | I13: 276.5 | J13: 0.1
H14: 135362 | I14: 276.5 | J14: 0.1

Sheet _____DIST. TENA
B2: 46204 | L2: 46235 | V2: 46266
H4: TOTAL | I4: =SUM(F6:F300) | R4: TOTAL | S4: =SUM(P6:P300) | AB4: TOTAL | AC4: =SUM(Z6:Z300)
B5: PRODUCTO | C5: UNIDADES | D5: PRECIO | E5: DTO | F5: TOTAL | H5: ALBARANES | I5: =SUM(I9:I300) | L5: PRODUCTO | M5: UNIDADES | N5: PRECIO | O5: DTO | P5: TOTAL | R5: ALBARANES | S5: =SUM(S9:S300) | V5: PRODUCTO | W5: UNIDADES | X5: PRECIO | Y5: DTO | Z5: TOTAL | AB5: ALBARANES | AC5: =SUM(AC9:AC300)
B6: ALBARIÑO MAR DE FRADES | C6: =(23)*6 | D6: 11.42 | E6: 0 | F6: =(C6*D6)-((C6*D6)*E6) | H6: DIFERENCIA | I6: =I5-I4 | L6: ALBARIÑO MAR DE FRADES | M6: =(8+2)*6 | N6: 11.42 | O6: 0 | P6: =(M6*N6)-((M6*N6)*O6) | R6: DIFERENCIA | S6: =S5-S4 | V6: GODELLO VIÑAREDO | W6: =12+24+12+24 | X6: 7.03 | Y6: 0 | Z6: =(W6*X6)-((W6*X6)*Y6) | AB6: DIFERENCIA | AC6: =AC5-AC4
B7: CAVA BRUT NATURE GRAN CLAUSTRO | C7: =(2)*6 | D7: 15.12 | E7: 0 | F7: =(C7*D7)-((C7*D7)*E7) | L7: CHARDONAY LIAS ECOLOGICO F.ELEZ | M7: =(3)*6 | N7: 9.02 | O7: 0 | P7: =(M7*N7)-((M7*N7)*O7) | V7: CAVA BRUT NATURE GRAN CLAUSTRO | W7: =6+12 | X7: 15.12 | Y7: 0 | Z7: =(W7*X7)-((W7*X7)*Y7)
B8: CHARDONAY LIAS ECOLOGICO F.ELEZ | C8: =(6)*6 | D8: 9.02 | E8: 0 | F8: =(C8*D8)-((C8*D8)*E8) | H8: Nº ALBARÁN | I8: BASE | J8: % IVA | L8: SEÑORIO DE FITERO ROBLE | M8: =(5+3)*6 | N8: 2.82 | O8: 0 | P8: =(M8*N8)-((M8*N8)*O8) | R8: Nº ALBARÁN | S8: BASE | T8: % IVA | V8: ALBARIÑO MAR DE FRADES | W8: =42+30+24+24 | X8: 11.42 | Y8: 0 | Z8: =(W8*X8)-((W8*X8)*Y8) | AB8: Nº ALBARÁN | AC8: BASE | AD8: % IVA
B9: GINEBRA MARTIN MILLER 3/4 | C9: =(3)*6 | D9: 16.1 | E9: 0 | F9: =(C9*D9)-((C9*D9)*E9) | H9: FD 2221 | I9: 137.04 | J9: 0.21 | L9: GODELLO VIÑAREDO | M9: =(2+2)*12 | N9: 7.03 | O9: 0 | P9: =(M9*N9)-((M9*N9)*O9) | R9: FD 2485 | S9: 795.12 | T9: 0.21 | V9: CRUZ DE ALBA ROBLE 3/4 | W9: =24+12 | X9: 7.48 | Y9: 0 | Z9: =(W9*X9)-((W9*X9)*Y9) | AB9: FD 2821 | AC9: 834.24 | AD9: 0.21
B10: GODELLO VIÑAREDO | C10: =(7)*12 | D10: 7.03 | E10: 0 | F10: =(C10*D10)-((C10*D10)*E10) | H10: FD 2267 | I10: 488.88 | J10: 0.21 | R10: FD 2606 | S10: 356.52 | T10: 0.21 | V10: COPAS (sin cargo) | W10: 24 | X10: 0 | Y10: 0 | Z10: =(W10*X10)-((W10*X10)*Y10) | AB10: FD 2887 | AC10: 511.32 | AD10: 0.21
B11: SEÑORIO DE FITERO ROBLE | C11: =(10)*6 | D11: 2.82 | E11: 0 | F11: =(C11*D11)-((C11*D11)*E11) | H11: FD 2309 | I11: 799.08 | J11: 0.21 | R11: FD 2650 | S11: 168.72 | T11: 0.21 | V11: POMMERY ROYAL BRUT 3/4 | W11: 6 | X11: 36.35 | Y11: 0 | Z11: =(W11*X11)-((W11*X11)*Y11) | AB11: FD 3016 | AC11: 763.38 | AD11: 0.21
H12: FD 2334 | I12: 411.12 | J12: 0.21 | AB12: FD 3073 | AC12: 358.44 | AD12: 0.21
H13: FD 2369 | I13: 765.48 | J13: 0.21 | AB13: FD 3106 | AC13: 168.72 | AD13: 0.21
H14: FD 2419 | I14: 530.04 | J14: 0.21

Sheet _____EIF DISTRIBUCIONES
B2: 46204 | L2: 46235
H4: TOTAL | I4: =SUM(F6:F300) | R4: TOTAL | S4: =SUM(P6:P300)
B5: PRODUCTO | C5: UNIDADES | D5: PRECIO | E5: DTO | F5: TOTAL | H5: ALBARANES | I5: =SUM(I9:I300) | L5: PRODUCTO | M5: UNIDADES | N5: PRECIO | O5: DTO | P5: TOTAL | R5: ALBARANES | S5: =SUM(S9:S300)
B6: IZAGUIRRE BOX 20L | C6: 2 | D6: 120.15 | E6: 0.03 | F6: =(C6*D6)-((C6*D6)*E6) | H6: DIFERENCIA | I6: =I5-I4 | L6: IZAGUIRRE BOX 20L | M6: 1 | N6: 120.15 | O6: 0.03 | P6: =(M6*N6)-((M6*N6)*O6) | R6: DIFERENCIA | S6: =S5-S4
B7: RED BULL | C7: 3 | D7: 20.88 | E7: 0 | F7: =(C7*D7)-((C7*D7)*E7) | L7: ALBARAN | M7: =1+1 | N7: 1 | O7: 0 | P7: =(M7*N7)-((M7*N7)*O7)
B8: ALBARAN | C8: 4 | D8: 1 | E8: 0 | F8: =(C8*D8)-((C8*D8)*E8) | H8: Nº ALBARÁN | I8: BASE | J8: % IVA | L8: SCHWEPPES TONICA RET 28 UDS | M8: 5 | N8: 24.84 | O8: 0 | P8: =(M8*N8)-((M8*N8)*O8) | R8: Nº ALBARÁN | S8: BASE | T8: % IVA
B9: SOLAN DE CABRAS CON GAS | C9: 5 | D9: 26.8 | E9: 0 | F9: =(C9*D9)-((C9*D9)*E9) | H9: 2026/1/18961 | I9: 138.43 | J9: 0.21 | L9: COCA COLA ZERO NAC RET | M9: 4 | N9: 21.78 | O9: 0 | P9: =(M9*N9)-((M9*N9)*O9) | R9: 2026/1/23727 | S9: 117.55 | T9: 0.21
B10: BARCELO AÑEJO | C10: 12 | D10: 12.72 | E10: 0.03 | F10: =(C10*D10)-((C10*D10)*E10) | H10: 2026/1/19030 | I10: 134 | J10: 0.1 | L10: MAHOU 0,0 TOSTADA | M10: 3 | N10: 23.85 | O10: 0 | P10: =(M10*N10)-((M10*N10)*O10) | R10: 2026/1/24261 | S10: 283.84 | T10: 0.21
B11: RED BULL SIN AZUCAR | C11: 1 | D11: 20.88 | E11: 0 | F11: =(C11*D11)-((C11*D11)*E11) | H11: 2026/1/19510 | I11: 149.06 | J11: 0.21 | L11: ALBARAN | M11: 1 | N11: 1 | O11: 0.03 | P11: =(M11*N11)-((M11*N11)*O11) | R11: 2026/1/24376 | S11: 53.6 | T11: 0.1
B12: MAHOU SIN GLUTEN | C12: 2 | D12: 21.95 | E12: 0 | F12: =(C12*D12)-((C12*D12)*E12) | H12: 2026/1/20194 | I12: 180.19 | J12: 0.21 | L12: SOLAN DE CABRAS CON GAS | M12: 2 | N12: 26.8 | O12: 0 | P12: =(M12*N12)-((M12*N12)*O12) | R12: 2026/1/24376 | S12: 1 | T12: 0.21
H13: 2026/1/20864 | I13: 44.9 | J13: 0.21 | L13: BARCELO AÑEJO | M13: 12 | N13: 12.72 | O13: 0.03 | P13: =(M13*N13)-((M13*N13)*O13) | R13: 2026/1/24385 | S13: 148.06 | T13: 0.21

Sheet _____ENRIQUE CAMPS
B2: 46204 | L2: 46235 | V2: 46266
H4: TOTAL | I4: =SUM(F6:F300) | R4: TOTAL | S4: =SUM(P6:P300) | AB4: TOTAL | AC4: =SUM(Z6:Z300)
B5: PRODUCTO | C5: UNIDADES | D5: PRECIO | E5: DTO | F5: TOTAL | H5: ALBARANES | I5: =SUM(I9:I300) | L5: PRODUCTO | M5: UNIDADES | N5: PRECIO | O5: DTO | P5: TOTAL | R5: ALBARANES | S5: =SUM(S9:S300) | V5: PRODUCTO | W5: UNIDADES | X5: PRECIO | Y5: DTO | Z5: TOTAL | AB5: ALBARANES | AC5: =SUM(AC9:AC300)
B6: TARTA CHOCOLATE | C6: =2+4+2+1+3+3+2 | D6: 37 | E6: 0 | F6: =(C6*D6)-((C6*D6)*E6) | H6: DIFERENCIA | I6: =I5-I4 | L6: TARTA QUESO | M6: =3+3 | N6: 35 | O6: 0 | P6: =(M6*N6)-((M6*N6)*O6) | R6: DIFERENCIA | S6: =S5-S4 | V6: TARTA QUESO | W6: =1+1+3+2+4+1+3+2+4 | X6: 35 | Y6: 0 | Z6: =(W6*X6)-((W6*X6)*Y6) | AB6: DIFERENCIA | AC6: =AC5-AC4
B7: TARTA QUESO | C7: =1+4+2+1+3+3+2 | D7: 35 | E7: 0 | F7: =(C7*D7)-((C7*D7)*E7) | L7: TARTA CHOCOLATE | M7: =3+3 | N7: 37 | O7: 0 | P7: =(M7*N7)-((M7*N7)*O7) | V7: TARTA CHOCOLATE | W7: =1+1+4+2+1+2+3+1+4 | X7: 37 | Y7: 0 | Z7: =(W7*X7)-((W7*X7)*Y7)
H8: Nº ALBARÁN | I8: BASE | J8: % IVA | R8: Nº ALBARÁN | S8: BASE | T8: % IVA | AB8: Nº ALBARÁN | AC8: BASE | AD8: % IVA
H9: A26/1816 | I9: 109 | J9: 0.1 | R9: A26/2164 | S9: 216 | T9: 0.1 | AB9: A26/2196 | AC9: 72 | AD9: 0.1
H10: A26/1739 | I10: 288 | J10: 0.1 | R10: A26/2116 | S10: 216 | T10: 0.1 | AB10: A26/2248 | AC10: 72 | AD10: 0.1
H11: A26/1957 | I11: 144 | J11: 0.1 | AB11: A26/2286 | AC11: 253 | AD11: 0.1
H12: A26/2026 | I12: 72 | J12: 0.1 | AB12: A26/2345 | AC12: 144 | AD12: 0.1
H13: A26/1984 | I13: 216 | J13: 0.1 | AB13: A26/2386 | AC13: 177 | AD13: 0.1
H14: A26/1892 | I14: 216 | J14: 0.1 | AB14: A26/2426 | AC14: 109 | AD14: 0.1
H15: A26/1840 | I15: 144 | J15: 0.1 | AB15: A26/2474 | AC15: 216 | AD15: 0.1
AB16: A26/2502 | AC16: 107 | AD16: 0.1
AB17: A26/2542 | AC17: 288 | AD17: 0.1

Sheet _____ESCRIBANO SANZ
B2: 46204 | L2: 46235 | V2: 46266
H4: TOTAL | I4: =SUM(F6:F300) | R4: TOTAL | S4: =SUM(P6:P300) | AB4: TOTAL | AC4: =SUM(Z6:Z300)
B5: PRODUCTO | C5: UNIDADES | D5: PRECIO | E5: DTO | F5: TOTAL | H5: ALBARANES | I5: =SUM(I9:I300) | L5: PRODUCTO | M5: UNIDADES | N5: PRECIO | O5: DTO | P5: TOTAL | R5: ALBARANES | S5: =SUM(S9:S300) | V5: PRODUCTO | W5: UNIDADES | X5: PRECIO | Y5: DTO | Z5: TOTAL | AB5: ALBARANES | AC5: =SUM(AC9:AC300)
B6: LOMO BELLOTA 100% | C6: =1.15 | D6: 48.6 | E6: 0 | F6: =(C6*D6)-((C6*D6)*E6) | H6: DIFERENCIA | I6: =I5-I4 | L6: LOMO BELLOTA 100% | M6: 1.1 | N6: 51 | O6: 0 | P6: =(M6*N6)-((M6*N6)*O6) | R6: DIFERENCIA | S6: =S5-S4 | V6: PAPADA IBERICA | W6: =20+12+10+20 | X6: 2.3 | Y6: 0 | Z6: =(W6*X6)-((W6*X6)*Y6) | AB6: DIFERENCIA | AC6: =AC5-AC4
B7: PAPADA IBERICA | C7: =10+15 | D7: 2.3 | E7: 0 | F7: =(C7*D7)-((C7*D7)*E7) | L7: SALCHICHON IBERICO | M7: 1.29 | N7: 22 | O7: 0 | P7: =(M7*N7)-((M7*N7)*O7) | V7: LOMO BELLOTA 100% | W7: =2.5+1.1+2.3 | X7: 51 | Y7: 0 | Z7: =(W7*X7)-((W7*X7)*Y7)
B8: SALCHICHON IBERICO | C8: 1.1 | D8: 22 | E8: 0 | F8: =(C8*D8)-((C8*D8)*E8) | H8: Nº ALBARÁN | I8: BASE | J8: % IVA | R8: Nº ALBARÁN | S8: BASE | T8: % IVA | V8: SALCHICHON IBERICO | W8: 2.15 | X8: 22 | Y8: 0 | Z8: =(W8*X8)-((W8*X8)*Y8) | AB8: Nº ALBARÁN | AC8: BASE | AD8: % IVA
B9: LOMO BELLOTA 100% | C9: 1.1 | D9: 51 | E9: 0 | F9: =(C9*D9)-((C9*D9)*E9) | H9: 371 | I9: 78.9 | J9: 0.1 | R9: 0613 | S9: 84.48 | T9: 0.1 | V9: SALCHICHON SEÑORIO | W9: 1.23 | X9: 22 | Y9: 0 | Z9: =(W9*X9)-((W9*X9)*Y9) | AB9: 0665 | AC9: 173.5 | AD9: 0.1
H10: 0465 | I10: 80.3 | J10: 0.1 | V10: CHORIZO SEÑORIO | W10: 1.205 | X10: 22 | Y10: 0 | Z10: =(W10*X10)-((W10*X10)*Y10) | AB10: 0746 | AC10: 74.9 | AD10: 0.1
H11: 0524 | I11: 34.5 | J11: 0.1 | AB11: 0813 | AC11: 79.1 | AD11: 0.1
AB12: 0931 | AC12: 163.3 | AD12: 0.1
AB13: 0960 | AC13: 53.57 | AD13: 0.1

Sheet _____EXTRAMAR
B2: 46266
H4: TOTAL | I4: =SUM(F6:F300)
B5: PRODUCTO | C5: UNIDADES | D5: PRECIO | E5: DTO | F5: TOTAL | H5: ALBARANES | I5: =SUM(I9:I300)
B6: GAMBA BLANCA FRESCA M | C6: =3+3+6 | D6: 26 | E6: 0 | F6: =(C6*D6)-((C6*D6)*E6) | H6: DIFERENCIA | I6: =I5-I4
H8: Nº ALBARÁN | I8: BASE | J8: % IVA
H9: J99/26/JJ/427 | I9: 78 | J9: 0.1
H10: J99/26/JJ/430 | I10: 78 | J10: 0.1
H11: J99/26/JJ/432 | I11: 156 | J11: 0.1

Sheet _____FCO JAVIER LABRADOR
B2: 46204 | L2: 46235 | V2: 46266
H4: TOTAL | I4: =SUM(F6:F300) | R4: TOTAL | S4: =SUM(P6:P300) | AB4: TOTAL | AC4: =SUM(Z6:Z300)
B5: PRODUCTO | C5: UNIDADES | D5: PRECIO | E5: DTO | F5: TOTAL | H5: ALBARANES | I5: =SUM(I9:I300) | L5: PRODUCTO | M5: UNIDADES | N5: PRECIO | O5: DTO | P5: TOTAL | R5: ALBARANES | S5: =SUM(S9:S300) | V5: PRODUCTO | W5: UNIDADES | X5: PRECIO | Y5: DTO | Z5: TOTAL | AB5: ALBARANES | AC5: =SUM(AC9:AC300)
B6: FLOR DE ALCACHOFA CONFITADA A. ORUJO (20 uds) | C6: =4+4 | D6: 22.9 | E6: 0 | F6: =(C6*D6)-((C6*D6)*E6) | H6: DIFERENCIA | I6: =I5-I4 | L6: FLOR DE ALCACHOFA CONFITADA A. ORUJO (20 uds) | M6: 4 | N6: 22.9 | O6: 0 | P6: =(M6*N6)-((M6*N6)*O6) | R6: DIFERENCIA | S6: =S5-S4 | V6: FLOR DE ALCACHOFA CONFITADA A. ORUJO (20 uds) | W6: =4+4 | X6: 22.9 | Y6: 0 | Z6: =(W6*X6)-((W6*X6)*Y6) | AB6: DIFERENCIA | AC6: =AC5-AC4
H8: Nº ALBARÁN | I8: BASE | J8: % IVA | R8: Nº ALBARÁN | S8: BASE | T8: % IVA | AB8: Nº ALBARÁN | AC8: BASE | AD8: % IVA
H9: 01-07/26 | I9: 91.6 | J9: 0.1 | R9: 01-08/26 | S9: 91.6 | T9: 0.1 | AB9: 01-09/26 | AC9: 91.6 | AD9: 0.1
H10: 02-07/26 | I10: 91.6 | J10: 0.1 | AB10: 02-09/26 | AC10: 91.6 | AD10: 0.1

Sheet _____FRUTERIA DALISTE
B2: 46204
H4: TOTAL | I4: =SUM(F6:F300)
B5: PRODUCTO | C5: UNIDADES | D5: PRECIO | E5: DTO | F5: TOTAL | H5: ALBARANES | I5: =SUM(I9:I300)
B6: LIMON | C6: =9.18 | D6: 3.6 | E6: 0 | F6: =(C6*D6)-((C6*D6)*E6) | H6: DIFERENCIA | I6: =I5-I4
B7: PIMIENTO ROJO | C7: =3.115 | D7: 4.3 | E7: 0 | F7: =(C7*D7)-((C7*D7)*E7)
B8: CEBOLLETA CHINA | C8: 2 | D8: 2.2 | E8: 0 | F8: =(C8*D8)-((C8*D8)*E8) | H8: Nº ALBARÁN | I8: BASE | J8: % IVA
B9: PEREJIL | C9: 1 | D9: 1.6 | E9: 0 | F9: =(C9*D9)-((C9*D9)*E9) | H9: 08/07/2026 | I9: 91.2 | J9: 0.04
B10: TOMATE IBERICO | C10: =5.96+5.205 | D10: 5.8 | E10: 0 | F10: =(C10*D10)-((C10*D10)*E10) | H10: 03/07/2026 | I10: 67.79 | J10: 0.04
B11: LECHUGA BATAVIA | C11: 2 | D11: 2.1 | E11: 0 | F11: =(C11*D11)-((C11*D11)*E11)
B12: CEBOLLETAS | C12: 6 | D12: 2.1 | E12: 0 | F12: =(C12*D12)-((C12*D12)*E12)
B13: PATATAS CREMA (saco 25 kg) | C13: 1 | D13: 25 | E13: 0 | F13: =(C13*D13)-((C13*D13)*E13)

Sheet _____HIELOS ANGEL ICE
B2: 46266
H4: TOTAL | I4: =SUM(F6:F300)
B5: PRODUCTO | C5: UNIDADES | D5: PRECIO | E5: DTO | F5: TOTAL | H5: ALBARANES | I5: =SUM(I9:I300)
B6: HIELO ESPECIAL COCKTELERIA SACO 10KG NUGGETS | C6: =10+7+10+14+5+7+12+10 | D6: 5 | E6: 0 | F6: =(C6*D6)-((C6*D6)*E6) | H6: DIFERENCIA | I6: =I5-I4
B7: HIELO PILE (saco) | C7: 14 | D7: 5 | E7: 0 | F7: =(C7*D7)-((C7*D7)*E7)
B8: CUBITOS DE HIELO VOGT SACO 10KG | C8: =20+10+8+15+8+20+20 | D8: 4 | E8: 0 | F8: =(C8*D8)-((C8*D8)*E8) | H8: Nº ALBARÁN | I8: BASE | J8: % IVA
H9: s/n (29/08) | I9: 50 | J9: 0
H10: 00127637 (08/09) | I10: 70 | J10: 0
H11: s/n (10/09) | I11: 115 | J11: 0
H12: s/n (12/09) | I12: 90 | J12: 0
H13: s/n (15/09) | I13: 102 | J13: 0
H14: s/n (17/09) | I14: 85 | J14: 0
H15: s/n (19/09) | I15: 67 | J15: 0
H16: s/n (22/09) | I16: 140 | J16: 0
H17: s/n (26/09) | I17: 130 | J17: 0

Sheet _____INESCU SERVICES
B2: 46266
H4: TOTAL | I4: =SUM(F6:F300)
B5: PRODUCTO | C5: UNIDADES | D5: PRECIO | E5: DTO | F5: TOTAL | H5: ALBARANES | I5: =SUM(I9:I300)
B6: GARRAFA ACEITE GIRASOL 5L | C6: 12 | D6: 10.85 | E6: 0 | F6: =(C6*D6)-((C6*D6)*E6) | H6: DIFERENCIA | I6: =I5-I4
B7: BOLSA ATUN | C7: 40 | D7: 7.95 | E7: 0 | F7: =(C7*D7)-((C7*D7)*E7)
H8: Nº ALBARÁN | I8: BASE | J8: % IVA
H9: ALB2 | I9: 448.2 | J9: 0.1

Sheet _____JC MACKINTOSH
B2: 46235
H4: TOTAL | I4: =SUM(F6:F300)
B5: PRODUCTO | C5: UNIDADES | D5: PRECIO | E5: DTO | F5: TOTAL | H5: ALBARANES | I5: =SUM(I9:I300)
B6: VENTRESCA ATUN ROJO AHUMADO LONCHEADO 1 KG | C6: 6 | D6: 83.5 | E6: 0 | F6: =(C6*D6)-((C6*D6)*E6) | H6: DIFERENCIA | I6: =I5-I4
B7: PORTES | C7: 1 | D7: 15 | E7: 0 | F7: =(C7*D7)-((C7*D7)*E7)
H8: Nº ALBARÁN | I8: BASE | J8: % IVA
H9: A3774 | I9: 501 | J9: 0.1
H10: A3774 | I10: 15 | J10: 0.21

Sheet _____JOSE PEÑA
B2: 46204
H4: TOTAL | I4: =SUM(F6:F300)
B5: PRODUCTO | C5: UNIDADES | D5: PRECIO | E5: DTO | F5: TOTAL | H5: ALBARANES | I5: =SUM(I9:I300)
B6: VENTRESCA ATUN CLARO OLIVA RO1030 (latas) | C6: 30 | D6: 24.95 | E6: 0 | F6: =(C6*D6)-((C6*D6)*E6) | H6: DIFERENCIA | I6: =I5-I4
H8: Nº ALBARÁN | I8: BASE | J8: % IVA
H9: 2026-260494 | I9: 748.5 | J9: 0.1

Sheet _____JOSE ROMERO PLAZA
B2: 46204 | L2: 46266
H4: TOTAL | I4: =SUM(F6:F300) | R4: TOTAL | S4: =SUM(P6:P300)
B5: PRODUCTO | C5: UNIDADES | D5: PRECIO | E5: DTO | F5: TOTAL | H5: ALBARANES | I5: =SUM(I9:I300) | L5: PRODUCTO | M5: UNIDADES | N5: PRECIO | O5: DTO | P5: TOTAL | R5: ALBARANES | S5: =SUM(S9:S300)
B6: BOQUERON GORDO | C6: 5 | D6: 12 | E6: 0 | F6: =(C6*D6)-((C6*D6)*E6) | H6: DIFERENCIA | I6: =I5-I4 | L6: BOQUERON GORDO | M6: =3+2.5+4+3+4+2+2+3 | N6: 10 | O6: 0 | P6: =(M6*N6)-((M6*N6)*O6) | R6: DIFERENCIA | S6: =S5-S4
B7: BOQUERON GORDO | C7: =3+2+3+3+3+3 | D7: 11 | E7: 0 | F7: =(C7*D7)-((C7*D7)*E7) | L7: PARROCHAS | M7: =1+1+1+1.5+1+1+1 | N7: 8 | O7: 0 | P7: =(M7*N7)-((M7*N7)*O7)
B8: PARROCHAS | C8: =2+1+1+1+1+1 | D8: 7 | E8: 0 | F8: =(C8*D8)-((C8*D8)*E8) | H8: Nº ALBARÁN | I8: BASE | J8: % IVA | L8: BOQUERON GORDO | M8: 3 | N8: 11 | O8: 0 | P8: =(M8*N8)-((M8*N8)*O8) | R8: Nº ALBARÁN | S8: BASE | T8: % IVA
B9: BOQUERON GORDO | C9: =2+3 | D9: 10 | E9: 0 | F9: =(C9*D9)-((C9*D9)*E9) | H9: 130 | I9: 24 | J9: 0.1 | R9: 162 | S9: 38 | T9: 0.1
B10: PARROCHAS | C10: =1+1+1 | D10: 7.8 | E10: 0 | F10: =(C10*D10)-((C10*D10)*E10) | H10: 128 | I10: 33 | J10: 0.1 | R10: 164 | S10: 25 | T10: 0.1
B11: BOQUERON GORDO | C11: 3 | D11: 9.5 | E11: 0 | F11: =(C11*D11)-((C11*D11)*E11) | H11: 126 | I11: 43 | J11: 0.1 | R11: 166 | S11: 48 | T11: 0.1
B12: BOQUERON GORDO (alb. 149 - ¿precio erróneo?) | C12: 1 | D12: 46.2 | E12: 0 | F12: =(C12*D12)-((C12*D12)*E12) | H12: 121 | I12: 7 | J12: 0.1 | R12: 168 | S12: 8 | T12: 0.1
H13: 113 | I13: 7 | J13: 0.1 | R13: 172 | S13: 42 | T13: 0.1
H14: 114 | I14: 20 | J14: 0.1 | R14: 174 | S14: 40 | T14: 0.1
H15: 119 | I15: 29 | J15: 0.1 | R15: 176 | S15: 20 | T15: 0.1
H16: 145 | I16: 40.8 | J16: 0.1 | R16: 177 | S16: 28 | T16: 0.1
H17: 141 | I17: 40 | J17: 0.1 | R17: 178 | S17: 38 | T17: 0.1
H18: 136 | I18: 37 | J18: 0.1 | R18: 180 | S18: 41 | T18: 0.1
H19: 133 | I19: 35.5 | J19: 0.1
H20: 150 | I20: 40.8 | J20: 0.1
H21: 149 | I21: 79.2 | J21: 0.1
H22: 146 | I22: 7.8 | J22: 0.1

Sheet _____LEVADURA MADRE
B2: 46266
H4: TOTAL | I4: =SUM(F6:F300)
B5: PRODUCTO | C5: UNIDADES | D5: PRECIO | E5: DTO | F5: TOTAL | H5: ALBARANES | I5: =SUM(I9:I300)
B6: ESPIGA (pan, ud; 1,00 € IVA incl.) | C6: =40+10+15+20+20+20+10+15+20+15+20+30+15+10+20+20+15+15+20+20+15+15+15 | D6: 0.9615 | E6: 0 | F6: =(C6*D6)-((C6*D6)*E6) | H6: DIFERENCIA | I6: =I5-I4
H8: Nº ALBARÁN | I8: BASE | J8: % IVA
H9: T-229 8536 | I9: 38.46 | J9: 0.04
H10: T-229 8548 | I10: 9.62 | J10: 0.04
H11: T-229 8560 | I11: 14.42 | J11: 0.04
H12: T-229 8568 | I12: 19.23 | J12: 0.04
H13: T-229 8586 | I13: 19.23 | J13: 0.04
H14: T-229 8597 | I14: 19.23 | J14: 0.04
H15: T-229 8603 | I15: 9.62 | J15: 0.04
H16: T-229 8618 | I16: 14.42 | J16: 0.04
H17: T-229 8629 | I17: 19.23 | J17: 0.04
H18: T-229 86?4 (17/09) | I18: 14.42 | J18: 0.04
H19: T-229 8644 | I19: 19.23 | J19: 0.04
H20: T-229 8658 | I20: 28.85 | J20: 0.04
... H31: T-229 8783 | I31: 14.42 | J31: 0.04

Sheet _____MAGOASE
B2: 46204 | L2: 46235 | V2: 46266
H4: TOTAL | I4: =SUM(F6:F300) | R4: TOTAL | S4: =SUM(P6:P300) | AB4: TOTAL | AC4: =SUM(Z6:Z300)
B5: PRODUCTO | C5: UNIDADES | D5: PRECIO | E5: DTO | F5: TOTAL | H5: ALBARANES | I5: =SUM(I9:I300) | L5: PRODUCTO | M5: UNIDADES | N5: PRECIO | O5: DTO | P5: TOTAL | R5: ALBARANES | S5: =SUM(S9:S300) | V5: PRODUCTO | W5: UNIDADES | X5: PRECIO | Y5: DTO | Z5: TOTAL | AB5: ALBARANES | AC5: =SUM(AC9:AC300)
B6: BID. PET CUAD. A.O. SUAVE GUADALIMAR 5L | C6: =(13)*3 | D6: 23.95 | E6: 0 | F6: =(C6*D6)-((C6*D6)*E6) | H6: DIFERENCIA | I6: =I5-I4 | L6: BID. PET A.GIRASOL ALTO OLEICO | M6: =(2+1)*1 | N6: 45.95 | O6: 0 | P6: =(M6*N6)-((M6*N6)*O6) | R6: DIFERENCIA | S6: =S5-S4 | V6: BID. PET A.GIRASOL ALTO OLEICO | W6: =1+1+1+1 | X6: 44.95 | Y6: 0 | Z6: =(W6*X6)-((W6*X6)*Y6) | AB6: DIFERENCIA | AC6: =AC5-AC4
B7: LATA A.O.V.E. AU LINGOTE TEMPRANO | C7: =(4)*15 | D7: 7.95 | E7: 0 | F7: =(C7*D7)-((C7*D7)*E7) | L7: BID. PET CUAD. A.O. SUAVE GUADALIMAR 5L | M7: =(3)*3 | N7: 24.95 | O7: 0 | P7: =(M7*N7)-((M7*N7)*O7) | V7: BID. PET CUAD. A.O. SUAVE GUADALIMAR 5L | W7: =3+6+3+6+6+6 | X7: 23.95 | Y7: 0 | Z7: =(W7*X7)-((W7*X7)*Y7)
B8: BID. PET A.GIRASOL ALTO OLEICO | C8: =(9)*1 | D8: 44.95 | E8: 0 | F8: =(C8*D8)-((C8*D8)*E8) | H8: Nº ALBARÁN | I8: BASE | J8: % IVA | L8: BID. PET A.GIRASOL ALTO OLEICO | M8: =(1+1)*1 | N8: 44.95 | O8: 0 | P8: =(M8*N8)-((M8*N8)*O8) | R8: Nº ALBARÁN | S8: BASE | T8: % IVA | V8: LATA A.O.V.E. AU LINGOTE TEMPRANO | W8: =15+15 | X8: 7.95 | Y8: 0 | Z8: =(W8*X8)-((W8*X8)*Y8) | AB8: Nº ALBARÁN | AC8: BASE | AD8: % IVA
H9: 17635 | I9: 262.95 | J9: 0.1 | L9: BID. PET CUAD. A.O. SUAVE GUADALIMAR 5L | M9: =(2+2+1)*3 | N9: 23.95 | O9: 0 | P9: =(M9*N9)-((M9*N9)*O9) | R9: 19624 | S9: 91.9 | T9: 0.1 | V9: BID. PET A.GIRASOL ALTO OLEICO | W9: 1 | X9: 46.95 | Y9: 0 | Z9: =(W9*X9)-((W9*X9)*Y9) | AB9: 21.875 | AC9: 44.95 | AD9: 0.1
H10: 17367 | I10: 89.9 | J10: 0.1 | L10: LATA A.O.V.E. AU LINGOTE TEMPRANO | M10: =(1)*15 | N10: 7.95 | O10: 0 | P10: =(M10*N10)-((M10*N10)*O10) | R10: 19624 | S10: 224.55 | T10: 0.04 | AB10: 21.875 | AC10: 191.1 | AD10: 0.04
H11: 17367 | I11: 262.95 | J11: 0.04 | R11: 20748 | S11: 44.95 | T11: 0.1 | AB11: 22.136 | AC11: 44.95 | AD11: 0.1
H12: 16850 | I12: 44.95 | J12: 0.1 | R12: 20748 | S12: 262.95 | T12: 0.04 | AB12: 22.136 | AC12: 143.7 | AD12: 0.04
H13: 16850 | I13: 71.85 | J13: 0.04 | R13: 21111 | S13: 44.95 | T13: 0.1 | AB13: 22.448 | AC13: 44.95 | AD13: 0.1
H14: 18972 | I14: 143.7 | J14: 0.04 | R14: 21111 | S14: 143.7 | T14: 0.04 | AB14: 22.448 | AC14: 191.1 | AD14: 0.04
H15: 18750 | I15: 89.9 | J15: 0.1 | R15: 21604 | S15: 45.95 | T15: 0.1 | AB15: 22.771 | AC15: 143.7 | AD15: 0.04
H16: 18750 | I16: 143.7 | J16: 0.04 | R16: 21604 | S16: 71.85 | T16: 0.04 | AB16: 23.003 | AC16: 143.7 | AD16: 0.04
H17: 18418 | I17: 262.95 | J17: 0.04 | AB17: 23.258 | AC17: 44.95 | AD17: 0.1
H18: 18035 | I18: 89.9 | J18: 0.1 | AB18: 23.552 | AC18: 46.95 | AD18: 0.1
H19: 18035 | I19: 143.7 | J19: 0.04 | AB19: 23.665 | AC19: 143.7 | AD19: 0.04
H20: 19317 | I20: 89.9 | J20: 0.1
H21: 19317 | I21: 119.25 | J21: 0.04

Sheet _____MAHOU
B2: 46266
H4: TOTAL | I4: =SUM(F6:F300)
B5: PRODUCTO | C5: UNIDADES | D5: PRECIO | E5: DTO | F5: TOTAL | H5: ALBARANES | I5: =SUM(I9:I300)
B6: MAHOU CLASICA DUOTANK 1L (litro) | C6: =951+984 | D6: 3.9 | E6: 0 | F6: =(C6*D6)-((C6*D6)*E6) | H6: DIFERENCIA | I6: =I5-I4
B7: IMPUESTO ESPECIAL CERVEZA (litro) | C7: =951+984 | D7: 0.1 | E7: 0 | F7: =(C7*D7)-((C7*D7)*E7)
H8: Nº ALBARÁN | I8: BASE | J8: % IVA
H9: 10234 | I9: 3804 | J9: 0.21
H10: SO16026677 | I10: 3936 | J10: 0.21

Sheet _____MAKRO
B2: 46204 | L2: 46266
H4: TOTAL | I4: =SUM(F6:F300) | R4: TOTAL | S4: =SUM(P6:P300)
B5: PRODUCTO | C5: UNIDADES | D5: PRECIO | E5: DTO | F5: TOTAL | H5: ALBARANES | I5: =SUM(I9:I300) | L5: PRODUCTO | M5: UNIDADES | N5: PRECIO | O5: DTO | P5: TOTAL | R5: ALBARANES | S5: =SUM(S9:S300)
B6: MANTEQUILLA PRESIDENT BQ 1KG | C6: 2 | D6: 16.19 | E6: 0 | F6: =(C6*D6)-((C6*D6)*E6) | H6: DIFERENCIA | I6: =I5-I4 | L6: TOMATE C-GG MAD2/3 BJ | M6: 1.484 | N6: 3.5108 | O6: 0 | P6: =(M6*N6)-((M6*N6)*O6) | R6: DIFERENCIA | S6: =S5-S4
B7: LIMON 2A C-2/6 CJ 9KG | C7: 1 | D7: 17.92 | E7: 0 | F7: =(C7*D7)-((C7*D7)*E7) | L7: LECHE FCA ENT PULEVA BT 1.5L | M7: 1 | N7: 2.94 | O7: 0 | P7: =(M7*N7)-((M7*N7)*O7)
B8: NARANJA ZUMO MC C-6/7 SC 5KG | C8: 2 | D8: 7.65 | E8: 0 | F8: =(C8*D8)-((C8*D8)*E8) | H8: Nº ALBARÁN | I8: BASE | J8: % IVA | L8: NATA MONTAR 35% +FIRMEZA 1L DEBIC | M8: =3+2+2 | N8: 7.07 | O8: 0 | P8: =(M8*N8)-((M8*N8)*O8) | R8: Nº ALBARÁN | S8: BASE | T8: % IVA
B9: ZANAHORIA MC C-35/45 MM 5KG | C9: 1 | D9: 6.11 | E9: 0 | F9: =(C9*D9)-((C9*D9)*E9) | H9: 9-193072459 | I9: 85.32 | J9: 0.1 | L9: QUESO RALLADO 4 QUESOS MC 1KG | M9: 1 | N9: 9.66 | O9: 0 | P9: =(M9*N9)-((M9*N9)*O9) | R9: 9-233672884 | S9: 99.66 | T9: 0.04
B10: CEBOLLINO MC MJ 125G | C10: 4 | D10: 2.81 | E10: 0 | F10: =(C10*D10)-((C10*D10)*E10) | H10: 9-193072459 | I10: 142.57 | J10: 0.04 | L10: LIMON 2A CJ 9KG | M10: 1 | N10: 12.97 | O10: 0 | P10: =(M10*N10)-((M10*N10)*O10) | R10: 9-233672884 | S10: 102.86 | T10: 0.1
B11: CEBOLLA GUISOS MC C-60/80 SC 5KG | C11: 1 | D11: 4.68 | E11: 0 | F11: =(C11*D11)-((C11*D11)*E11) | L11: AGUACATE PREMADURO MC C-12/16 4KG | M11: 1 | N11: 21.77 | O11: 0 | P11: =(M11*N11)-((M11*N11)*O11) | R11: 9-233672884 | S11: 13.74 | T11: 0.21
B12: PATATA LAV AGRIA MC C60/80 12KG | C12: 5 | D12: 11.5 | E12: 0 | F12: =(C12*D12)-((C12*D12)*E12) | L12: ZANAHORIA MC 5KG | M12: =1+1 | N12: 5.49 | O12: 0 | P12: =(M12*N12)-((M12*N12)*O12) | R12: 9-234436523 | S12: 81.97 | T12: 0.1
B13: CEBOLLETA CHINA MJ | C13: 4 | D13: 1.49 | E13: 0 | F13: =(C13*D13)-((C13*D13)*E13) | L13: CEBOLLINO MC MJ 125G | M13: =2+4+1+3 | N13: 2.81 | O13: 0 | P13: =(M13*N13)-((M13*N13)*O13) | R13: 9-234436523 | S13: 138.05 | T13: 0.04
B14: PIMIENTO LAMYO VDE ARO 2ACJ5 K | C14: 1 | D14: 10.62 | E14: 0 | F14: =(C14*D14)-((C14*D14)*E14) | L14: PEREJIL GRANEL 800G | M14: =1+2+2+1+1+1+1+1+1+1 | N14: 1.71 | O14: 0 | P14: =(M14*N14)-((M14*N14)*O14) | R14: 9-234559144 | S14: 227.13 | T14: 0.1
B15: CEBOLLETA BCA MJ | C15: 12 | D15: 2.04 | E15: 0 | F15: =(C15*D15)-((C15*D15)*E15) | L15: CEBOLLA GUISOS MC SC 5KG | M15: 1 | N15: 4.13 | O15: 0 | P15: =(M15*N15)-((M15*N15)*O15) | R15: 9-234559144 | S15: 64.36 | T15: 0.04
B16: SAL MALDON 1.4 KG | C16: 1 | D16: 23.64 | E16: 0 | F16: =(C16*D16)-((C16*D16)*E16) | L16: CEBOLLETA CHINA MJ | M16: =4+3+2+5+2+6+4+4 | N16: 1.49 | O16: 0 | P16: =(M16*N16)-((M16*N16)*O16) | R16: 9-234736134 | S16: 79.8 | T16: 0.04
B17: SSA SOJA KIKKOMAN 1L | C17: 2 | D17: 9.03 | E17: 0 | F17: =(C17*D17)-((C17*D17)*E17) | L17: PIMIENTO LAMYO RJ ARO CJ 4,5/5KG | M17: =1+1+1 | N17: 13.3 | O17: 0 | P17: =(M17*N17)-((M17*N17)*O17) | R17: 9-234736134 | S17: 11.85 | T17: 0.1
L18: PIMIENTO LAMYO VDE ARO CJ 4,5/5KG | M18: =1+1+1 | N18: 10.07 | O18: 0 | P18: =(M18*N18)-((M18*N18)*O18) | R18: 9-235500908 | S18: 140.31 | T18: 0.1
L19: CEBOLLETA BCA MJ | M19: =4+8+5+6+6+6+5+6+6+3+7+4 | N19: 2.04 | O19: 0 | P19: =(M19*N19)-((M19*N19)*O19) | R19: 9-235500908 | S19: 83.29 | T19: 0.04
L20: TOMATE DOBLE CONC MUTTI LT880G | M20: =2+4 | N20: 7.15 | O20: 0 | P20: =(M20*N20)-((M20*N20)*O20) | R20: 9-235500908 | S20: 32.28 | T20: 0.21
L21: CALDO POLLO KNORR 1KG | M21: =1+1 | N21: 8.5 | O21: 0 | P21: =(M21*N21)-((M21*N21)*O21) | R21: 9-235585461 | S21: 148.01 | T21: 0.1
L22: LAUREL HOJA ARO 600G | M22: 1 | N22: 17.82 | O22: 0 | P22: =(M22*N22)-((M22*N22)*O22) | R22: 9-235585461 | S22: 85.94 | T22: 0.04
L23: SSA KIMCHI MOMOYA 1,2KG | M23: =2+1+2+1+2 | N23: 16.85 | O23: 0 | P23: =(M23*N23)-((M23*N23)*O23) | R23: 9-236136014 | S23: 75.17 | T23: 0.1
L24: VINO BCO CERRO CRUZ BRIK 1L (caja 12) | M24: =12+12+12+12 | N24: 1.1494 | O24: 0 | P24: =(M24*N24)-((M24*N24)*O24) | R24: 9-236136014 | S24: 58.82 | T24: 0.04
L25: LIMON 2A CJ 9KG | M25: =1+1 | N25: 12.31 | O25: 0 | P25: =(M25*N25)-((M25*N25)*O25) | R25: 9-236476487 | S25: 126 | T25: 0.1
L26: NARANJA ZUMO MC SC 5KG | M26: =1+1 | N26: 8.13 | O26: 0 | P26: =(M26*N26)-((M26*N26)*O26) | R26: 9-236476487 | S26: 30.5 | T26: 0.04
L27: LIMON MC C-3/4 CJ 6KG | M27: =1+1 | N27: 11.43 | O27: 0 | P27: =(M27*N27)-((M27*N27)*O27) | R27: 9-236591421 | S27: 112.25 | T27: 0.04
L28: ALBAHACA MC BJ 125G | M28: 1 | N28: 3.47 | O28: 0 | P28: =(M28*N28)-((M28*N28)*O28) | R28: 9-236591421 | S28: 3.62 | T28: 0.1
L29: CEBOLLA GUISOS MC SC 5KG | M29: =2+1+1+1+1+1+1+1+1+2 | N29: 4.72 | O29: 0 | P29: =(M29*N29)-((M29*N29)*O29) | R29: 9-236598015 | S29: 26.54 | T29: 0.21
L30: CORAZON LECHUGA ROMANA 2UD | M30: =1+1+1+1 | N30: 1.97 | O30: 0 | P30: =(M30*N30)-((M30*N30)*O30) | R30: 9-236765839 | S30: 89.95 | T30: 0.04
L31: ROMERO MC BJ 125G | M31: 1 | N31: 3.19 | O31: 0 | P31: =(M31*N31)-((M31*N31)*O31) | R31: 9-236765839 | S31: 105.83 | T31: 0.1
L32: ESTRAGON MC BJ 125G | M32: 1 | N32: 3.47 | O32: 0 | P32: =(M32*N32)-((M32*N32)*O32) | R32: 9-236765839 | S32: 13.81 | T32: 0.21
L33: ENELDO MC BJ 125G | M33: 1 | N33: 3.07 | O33: 0 | P33: =(M33*N33)-((M33*N33)*O33) | R33: 9-236845788 | S33: 34.65 | T33: 0.04
L34: TOMILLO MC BJ 125G | M34: 1 | N34: 3.18 | O34: 0 | P34: =(M34*N34)-((M34*N34)*O34) | R34: 9-236845788 | S34: 47.01 | T34: 0.1
L35: AJO BLANCO PELADO MC BL 1KG | M35: =3+2+2+2+2+2 | N35: 5.39 | O35: 0 | P35: =(M35*N35)-((M35*N35)*O35) | R35: 9-237553581 | S35: 88.58 | T35: 0.1
L36: ARROZ LARGO MC 1KG (pack 10) | M36: =10+10 | N36: 1.389 | O36: 0 | P36: =(M36*N36)-((M36*N36)*O36) | R36: 9-237553581 | S36: 75.14 | T36: 0.04
L37: TABASCO SALSA PICANTE 60ML (pack 6) | M37: 2 | N37: 19.99 | O37: 0 | P37: =(M37*N37)-((M37*N37)*O37) | R37: 9-238265217 | S37: 62.94 | T37: 0.1
L38: HARINA TRIGO ESPECIAL FRITURA MC 1KG (pack 10) | M38: 10 | N38: 1.187 | O38: 0 | P38: =(M38*N38)-((M38*N38)*O38) | R38: 9-238265217 | S38: 36.23 | T38: 0.04
L39: POLLO PECHUGA VC MC | M39: =5.93+6.601+5.175 | N39: 5.9296 | O39: 0 | P39: =(M39*N39)-((M39*N39)*O39) | R39: 9-238265217 | S39: 18.47 | T39: 0.21
L40: MANTEQUILLA PULEVA BQ 1KG | M40: =8+6+6+4 | N40: 11.64 | O40: 0 | P40: =(M40*N40)-((M40*N40)*O40) | R40: 9-241215399 | S40: 865.44 | T40: 0.1
L41: SALCHICHA FRANK. HTDOG 1KG ARO | M41: =1+3 | N41: 3.39 | O41: 0 | P41: =(M41*N41)-((M41*N41)*O41) | R41: 9-241215399 | S41: 108.42 | T41: 0.04
L42: SOLOMILLO CERDO C/C CNG 5KG | M42: =1+1 | N42: 29.1 | O42: 0 | P42: =(M42*N42)-((M42*N42)*O42) | R42: 9-241215399 | S42: 37.71 | T42: 0.21
L43: PANGA FTE 120/170 ARO 800G | M43: =2+3 | N43: 5.22 | O43: 0 | P43: =(M43*N43)-((M43*N43)*O43) | R43: 9-242017778 | S43: 61.07 | T43: 0.04
L44: SAL GRUESA SECA MC 1KG (pack 12) | M44: 12 | N44: 0.4208 | O44: 0 | P44: =(M44*N44)-((M44*N44)*O44) | R44: 9-242017778 | S44: 5.44 | T44: 0.1
L45: SAL MALDON 1.4 KG | M45: =1+1 | N45: 23.64 | O45: 0 | P45: =(M45*N45)-((M45*N45)*O45)
L46: PULCO BT 70CL LIMON | M46: =6+5 | N46: 4.07 | O46: 0 | P46: =(M46*N46)-((M46*N46)*O46)
L47: TOMATE C-GG MAD2/3 BJ | M47: 1.341 | N47: 5.123 | O47: 0 | P47: =(M47*N47)-((M47*N47)*O47)
L48: NARANJA ZUMO MC SC 5KG | M48: =1+1+1 | N48: 9.52 | O48: 0 | P48: =(M48*N48)-((M48*N48)*O48)
L49: AGUACATE PREMADURO MC C-12/16 4KG | M49: =1+1+1+1 | N49: 22.72 | O49: 0 | P49: =(M49*N49)-((M49*N49)*O49)
L50: PIMIENTO LAMYO VDE ARO CJ 4,5/5KG | M50: 1 | N50: 10.33 | O50: 0 | P50: =(M50*N50)-((M50*N50)*O50)
L51: HUEVO LIQUIDO MC BT 1L | M51: =6+6 | N51: 5.14 | O51: 0 | P51: =(M51*N51)-((M51*N51)*O51)
L52: POLLO TRASERO VC | M52: =11.928+7.11 | N52: 2.6 | O52: 0 | P52: =(M52*N52)-((M52*N52)*O52)
L53: CINTA LOMO ADB EXTRATIERNA EPZ | M53: =4.59+4.704 | N53: 7.0196 | O53: 0 | P53: =(M53*N53)-((M53*N53)*O53)
L54: LIMON 2A CJ 9KG | M54: =1+1+1 | N54: 15.24 | O54: 0 | P54: =(M54*N54)-((M54*N54)*O54)
L55: ZANAHORIA MC 5KG | M55: =1+1+1 | N55: 5.82 | O55: 0 | P55: =(M55*N55)-((M55*N55)*O55)
L56: CEBOLLINO MC MJ 125G | M56: =2+1+1+1+1+4+1 | N56: 3.62 | O56: 0 | P56: =(M56*N56)-((M56*N56)*O56)
L57: PIMIENTO LAMYO RJ ARO CJ 4,5/5KG | M57: =1+1 | N57: 12.75 | O57: 0 | P57: =(M57*N57)-((M57*N57)*O57)
L58: PIMIENTO LAMYO VDE ARO CJ 4,5/5KG | M58: =1+1+1 | N58: 14.29 | O58: 0 | P58: =(M58*N58)-((M58*N58)*O58)
L59: LEA & PERRINS SALSA WORCESTERSHIRE BIDON 2L | M59: 1 | N59: 20.44 | O59: 0 | P59: =(M59*N59)-((M59*N59)*O59)
L60: BAYETA MPRO ROLLO PUNTO AZUL 3KG | M60: =1+1 | N60: 18.47 | O60: 0 | P60: =(M60*N60)-((M60*N60)*O60)
L61: CALABACIN 2A MA 2KG | M61: =1+1 | N61: 4.39 | O61: 0 | P61: =(M61*N61)-((M61*N61)*O61)
L62: PIMIENTO LAMYO RJ ARO CJ 4,5/5KG | M62: =1+1+1 | N62: 12.86 | O62: 0 | P62: =(M62*N62)-((M62*N62)*O62)
L63: SPAGHETTI ARO 5KG | M63: 1 | N63: 6.45 | O63: 0 | P63: =(M63*N63)-((M63*N63)*O63)
L64: PIMENTON DULCE DOP DALIA 800G | M64: 2 | N64: 14.7 | O64: 0 | P64: =(M64*N64)-((M64*N64)*O64)
L65: PIMENTON PICANTE DOP DALIA 800G | M65: 1 | N65: 14.7 | O65: 0 | P65: =(M65*N65)-((M65*N65)*O65)
L66: SSA SOJA KIKKOMAN 1L | M66: 2 | N66: 9.03 | O66: 0 | P66: =(M66*N66)-((M66*N66)*O66)
L67: KETCHUP ARO 1,85KG | M67: 1 | N67: 3.9 | O67: 0 | P67: =(M67*N67)-((M67*N67)*O67)
L68: TOMATE C-GG MAD2/3 BJ | M68: =1.616+1.58 | N68: 6.5895 | O68: 0 | P68: =(M68*N68)-((M68*N68)*O68)
L69: LIMON 2A CJ 9KG | M69: =1+1+1 | N69: 13.41 | O69: 0 | P69: =(M69*N69)-((M69*N69)*O69)
L70: LIMON MC C-3/4 CJ 6KG | M70: 1 | N70: 11.17 | O70: 0 | P70: =(M70*N70)-((M70*N70)*O70)
L71: GUINDILLA 300G | M71: 1 | N71: 11.76 | O71: 0 | P71: =(M71*N71)-((M71*N71)*O71)
L72: ROTULADOR PERM ARO NEGRO (caja 12) | M72: 2 | N72: 13.27 | O72: 0 | P72: =(M72*N72)-((M72*N72)*O72)
L73: SSA BBQ MC 1,85KG | M73: 1 | N73: 5.77 | O73: 0 | P73: =(M73*N73)-((M73*N73)*O73)
L74: LIMAS CJ 4KG | M74: 1 | N74: 12.97 | O74: 0 | P74: =(M74*N74)-((M74*N74)*O74)
L75: HIERBABUENA MC BJ 125G | M75: 3 | N75: 3.07 | O75: 0 | P75: =(M75*N75)-((M75*N75)*O75)
L76: AZUCAR MORENO ACOR 1KG | M76: 4 | N76: 2.3 | O76: 0 | P76: =(M76*N76)-((M76*N76)*O76)
L77: PAN HOT DOG MC 12UD | M77: 2 | N77: 2.74 | O77: 0 | P77: =(M77*N77)-((M77*N77)*O77)
L78: ZANAHORIA MC 5KG | M78: =1+1 | N78: 5.25 | O78: 0 | P78: =(M78*N78)-((M78*N78)*O78)
L79: CEBOLLA GUISOS MC SC 5KG | M79: 2 | N79: 5.67 | O79: 0 | P79: =(M79*N79)-((M79*N79)*O79)
L80: PIMIENTO LAMYO RJ ARO CJ 4,5/5KG | M80: =1+1+1 | N80: 11.54 | O80: 0 | P80: =(M80*N80)-((M80*N80)*O80)
L81: PIMIENTO LAMYO VDE ARO CJ 4,5/5KG | M81: =1+1+1 | N81: 14.73 | O81: 0 | P81: =(M81*N81)-((M81*N81)*O81)
L82: NARANJA ZUMO MC SC 5KG | M82: =1+1 | N82: 7.55 | O82: 0 | P82: =(M82*N82)-((M82*N82)*O82)
L83: VINAGRE VINO BCO MC 5L | M83: 3 | N83: 3.91 | O83: 0 | P83: =(M83*N83)-((M83*N83)*O83)
L84: MANTEQUILLA PRESIDENT BQ 1KG | M84: 5 | N84: 16.98 | O84: 0 | P84: =(M84*N84)-((M84*N84)*O84)
L85: LECHE ENT ARO BK 1L (caja 6) | M85: 6 | N85: 0.9867 | O85: 0 | P85: =(M85*N85)-((M85*N85)*O85)
L86: FOIE MICUIT ENTER MARTIKO 500G | M86: 14 | N86: 47.22 | O86: 0 | P86: =(M86*N86)-((M86*N86)*O86)
L87: LIMON 2A CJ 9KG | M87: 1 | N87: 13.7 | O87: 0 | P87: =(M87*N87)-((M87*N87)*O87)
L88: CEBOLLINO MC MJ 125G | M88: =3+1 | N88: 3.73 | O88: 0 | P88: =(M88*N88)-((M88*N88)*O88)
L89: CEBOLLA GUISOS MC SC 5KG | M89: =1+2 | N89: 4.83 | O89: 0 | P89: =(M89*N89)-((M89*N89)*O89)
L90: AJO BLANCO PELADO MC BL 1KG | M90: 4 | N90: 5.0675 | O90: 0 | P90: =(M90*N90)-((M90*N90)*O90)
L91: CALDO PESCADO KNORR 1KG | M91: 1 | N91: 10.35 | O91: 0 | P91: =(M91*N91)-((M91*N91)*O91)
L92: SAL FINA MC 1KG (pack 12) | M92: 12 | N92: 0.4192 | O92: 0 | P92: =(M92*N92)-((M92*N92)*O92)
L93: SAL MALDON 1.4 KG | M93: 1 | N93: 22.19 | O93: 0 | P93: =(M93*N93)-((M93*N93)*O93)
L94: BOLSA VACIO MPRO 20X30 100PZA | M94: 2 | N94: 11.95 | O94: 0 | P94: =(M94*N94)-((M94*N94)*O94)
L95: AGUACATE PREMADURO MC 1KG | M95: 1 | N95: 6.25 | O95: 0 | P95: =(M95*N95)-((M95*N95)*O95)
L96: LIMON MC C-3/4 CJ 6KG | M96: 1 | N96: 10.73 | O96: 0 | P96: =(M96*N96)-((M96*N96)*O96)

Sheet _____MANU AMBRES
B2: 46204 | L2: 46235 | V2: 46266
H4: TOTAL | I4: =SUM(F6:F300) | R4: TOTAL | S4: =SUM(P6:P300) | AB4: TOTAL | AC4: =SUM(Z6:Z300)
B5: PRODUCTO | C5: UNIDADES | D5: PRECIO | E5: DTO | F5: TOTAL | H5: ALBARANES | I5: =SUM(I9:I300) | L5: PRODUCTO | M5: UNIDADES | N5: PRECIO | O5: DTO | P5: TOTAL | R5: ALBARANES | S5: =SUM(S9:S300) | V5: PRODUCTO | W5: UNIDADES | X5: PRECIO | Y5: DTO | Z5: TOTAL | AB5: ALBARANES | AC5: =SUM(AC9:AC300)
B6: RACION CECINA PREMIUM 100gr | C6: =20+15 | D6: 7.35 | E6: 0 | F6: =(C6*D6)-((C6*D6)*E6) | H6: DIFERENCIA | I6: =I5-I4 | L6: RACION J. BELLOTA 100% 100gr | M6: 20 | N6: 13.9 | O6: 0 | P6: =(M6*N6)-((M6*N6)*O6) | R6: DIFERENCIA | S6: =S5-S4 | V6: RACION J. BELLOTA 100% 100gr | W6: =20+30+40 | X6: 13.9 | Y6: 0 | Z6: =(W6*X6)-((W6*X6)*Y6) | AB6: DIFERENCIA | AC6: =AC5-AC4
B7: CECINA PREMIUM EMBUCHADA | C7: =-1.34 | D7: 58.9 | E7: 0 | F7: =(C7*D7)-((C7*D7)*E7) | L7: RACION CECINA PREMIUM 100gr (BLACK ANGUS) | M7: 20 | N7: 7.35 | O7: 0 | P7: =(M7*N7)-((M7*N7)*O7) | V7: RACION CECINA PREMIUM 100gr (BLACK ANGUS) | W7: =20+20 | X7: 7.35 | Y7: 0 | Z7: =(W7*X7)-((W7*X7)*Y7)
B8: RACION J. BELLOTA 100% 100gr | C8: =15+20 | D8: 13.9 | E8: 0 | F8: =(C8*D8)-((C8*D8)*E8) | H8: Nº ALBARÁN | I8: BASE | J8: % IVA | R8: Nº ALBARÁN | S8: BASE | T8: % IVA | V8: RACION CECINA PREMIUM 100gr WAGYU | W8: 20 | X8: 16 | Y8: 0 | Z8: =(W8*X8)-((W8*X8)*Y8) | AB8: Nº ALBARÁN | AC8: BASE | AD8: % IVA
B9: RACION CECINA BLACK ANGUS WAGYU 100gr | C9: 15 | D9: 16 | E9: 0 | F9: =(C9*D9)-((C9*D9)*E9) | H9: 26/10457 | I9: 68.07 | J9: 0.1 | R9: 26/11925 | S9: 425 | T9: 0.1 | AB9: 26/12307 | AC9: 278 | AD9: 0.1
H10: 26/11141 | I10: 558.75 | J10: 0.1 | AB10: 26/12750 | AC10: 147 | AD10: 0.1
H11: 26/10768 | I11: 278 | J11: 0.1 | AB11: 26/12916 | AC11: 417 | AD11: 0.1
AB12: 26/13079 | AC12: 320 | AD12: 0.1
AB13: 26/13329 | AC13: 556 | AD13: 0.1
AB14: 26/13640 | AC14: 147 | AD14: 0.1

Sheet _____MARTIN CANEDA
B2: 46204 | L2: 46235 | V2: 46266
H4: TOTAL | I4: =SUM(F6:F300) | R4: TOTAL | S4: =SUM(P6:P300) | AB4: TOTAL | AC4: =SUM(Z6:Z300)
B5: PRODUCTO | C5: UNIDADES | D5: PRECIO | E5: DTO | F5: TOTAL | H5: ALBARANES | I5: =SUM(I9:I300) | L5: PRODUCTO | M5: UNIDADES | N5: PRECIO | O5: DTO | P5: TOTAL | R5: ALBARANES | S5: =SUM(S9:S300) | V5: PRODUCTO | W5: UNIDADES | X5: PRECIO | Y5: DTO | Z5: TOTAL | AB5: ALBARANES | AC5: =SUM(AC9:AC300)
B6: BERBERECHO | C6: =6+2+2+2+2+2+2+2 | D6: 25 | E6: 0 | F6: =(C6*D6)-((C6*D6)*E6) | H6: DIFERENCIA | I6: =I5-I4 | L6: MEJILLONES | M6: =5+5+5 | N6: 2.7 | O6: 0 | P6: =(M6*N6)-((M6*N6)*O6) | R6: DIFERENCIA | S6: =S5-S4 | V6: BERBERECHO | W6: =2+4+2+2+2+4+2+2+2+4+4 | X6: 22 | Y6: 0 | Z6: =(W6*X6)-((W6*X6)*Y6) | AB6: DIFERENCIA | AC6: =AC5-AC4
B7: MEJILLONES | C7: =15+5+5+5+5+5+5 | D7: 2.7 | E7: 0 | F7: =(C7*D7)-((C7*D7)*E7) | L7: CHOCHAS GDA | M7: =2+3+2+2+2+2+2+4 | N7: 50 | O7: 0 | P7: =(M7*N7)-((M7*N7)*O7) | V7: CHOCHAS GDA | W7: =2+2+2+2+4+2+2+2+4+2+2 | X7: 50 | Y7: 0 | Z7: =(W7*X7)-((W7*X7)*Y7)
B8: CAMARON | C8: =1+0.3+0.5+0.5+0.5 | D8: 98 | E8: 0 | F8: =(C8*D8)-((C8*D8)*E8) | H8: Nº ALBARÁN | I8: BASE | J8: % IVA | L8: BERBERECHO | M8: =2+1 | N8: 22 | O8: 0 | P8: =(M8*N8)-((M8*N8)*O8) | R8: Nº ALBARÁN | S8: BASE | T8: % IVA | V8: MEJILLONES | W8: =5+5+5+5+5+5+5+5+5+5+5 | X8: 2.7 | Y8: 0 | Z8: =(W8*X8)-((W8*X8)*Y8) | AB8: Nº ALBARÁN | AC8: BASE | AD8: % IVA
B9: CHOCHAS GDA | C9: =10+4+2+2+4+2+2+4+4+4+2 | D9: 50 | E9: 0 | F9: =(C9*D9)-((C9*D9)*E9) | H9: 35519 | I9: 63.5 | J9: 0.1 | L9: CHOCHAS TDA | M9: 2 | N9: 50 | O9: 0 | P9: =(M9*N9)-((M9*N9)*O9) | R9: 35218 | S9: 13.5 | T9: 0.1 | V9: CHOCHAS TDA | W9: =4+4+2+2 | X9: 50 | Y9: 0 | Z9: =(W9*X9)-((W9*X9)*Y9) | AB9: 035658 | AC9: 157.5 | AD9: 0.1
B10: PERCEBES GDO | C10: =1+0.5+0.65+0.5+0.75+0.5 | D10: 95 | E10: 0 | F10: =(C10*D10)-((C10*D10)*E10) | H10: 35508 | I10: 309 | J10: 0.1 | L10: CAMARON | M10: 0.5 | N10: 95 | O10: 0 | P10: =(M10*N10)-((M10*N10)*O10) | R10: 35223 | S10: 113.5 | T10: 0.1 | V10: PERCEBES GDO | W10: =0.5+0.5+0.5 | X10: 95 | Y10: 0 | Z10: =(W10*X10)-((W10*X10)*Y10) | AB10: 035684 | AC10: 349 | AD10: 0.1
B11: CHOCHAS GDA (alb. 035186 sin precio) | C11: 2 | D11: 0 | E11: 0 | F11: =(C11*D11)-((C11*D11)*E11) | H11: 27694 | I11: 250 | J11: 0.1 | L11: BERBERECHO | M11: =2+2+2 | N11: 24 | O11: 0 | P11: =(M11*N11)-((M11*N11)*O11) | R11: 35230 | S11: 144 | T11: 0.1 | V11: CAMARON | W11: =0.4+0.7 | X11: 97 | Y11: 0 | Z11: =(W11*X11)-((W11*X11)*Y11) | AB11: 035689 | AC11: 38.8 | AD11: 0.1
B12: BERBERECHO | C12: =2+1+2 | D12: 24 | E12: 0 | F12: =(C12*D12)-((C12*D12)*E12) | H12: 27677 | I12: 261 | J12: 0.1 | L12: CAMARON | M12: =0.6+0.5 | N12: 98 | O12: 0 | P12: =(M12*N12)-((M12*N12)*O12) | R12: 35237 | S12: 69.5 | T12: 0.1 | V12: ALMEJAS FINAS / COQUINAS (línea dudosa, alb. 26678) | W12: 2 | X12: 50 | Y12: 0 | Z12: =(W12*X12)-((W12*X12)*Y12) | AB12: 035757 | AC12: 244 | AD12: 0.1
B13: CHOCHAS TDA | C13: =1.5+2 | D13: 50 | E13: 0 | F13: =(C13*D13)-((C13*D13)*E13) | H13: 35535 | I13: 263.5 | J13: 0.1 | L13: PERCEBES GDO | M13: =0.7+0.5 | N13: 95 | O13: 0 | P13: =(M13*N13)-((M13*N13)*O13) | R13: 35250 | S13: 150 | T13: 0.1 | V13: CAMARON | W13: =0.5+0.5+0.7+0.4 | X13: 98 | Y13: 0 | Z13: =(W13*X13)-((W13*X13)*Y13) | AB13: 035774 | AC13: 161 | AD13: 0.1
H14: 35548 | I14: 42.9 | J14: 0.1 | L14: CAMARON | M14: 0.5 | N14: 96 | O14: 0 | P14: =(M14*N14)-((M14*N14)*O14) | R14: 35194 | S14: 206.8 | T14: 0.1 | AB14: 035785 | AC14: 211.9 | AD14: 0.1
H15: 27557 | I15: 197.5 | J15: 0.1 | R15: 35274 | S15: 149 | T15: 0.1 | AB15: 035797 | AC15: 144 | AD15: 0.1
H16: 27565 | I16: 100 | J16: 0.1 | R16: 26913 | S16: 166.5 | T16: 0.1 | AB16: 035810 | AC16: 113.5 | AD16: 0.1
H17: 27579 | I17: 249 | J17: 0.1 | R17: 35284 | S17: 209 | T17: 0.1 | AB17: 035823 | AC17: 88 | AD17: 0.1
H18: 27523 | I18: 50 | J18: 0.1 | R18: 35287 | S18: 148 | T18: 0.1 | AB18: 035839 | AC18: 157.5 | AD18: 0.1
H19: 27534 | I19: 100 | J19: 0.1 | R19: 35292 | S19: 48 | T19: 0.1 | AB19: 035847 | AC19: 200 | AD19: 0.1
H20: 27547 | I20: 149 | J20: 0.1 | R20: 35204 | S20: 200 | T20: 0.1 | AB20: 26959 | AC20: 57.5 | AD20: 0.1
H21: 27662 | I21: 250 | J21: 0.1 | AB21: 26678 | AC21: 191.5 | AD21: 0.1
H22: 27591 | I22: 125.25 | J22: 0.1 | AB22: 26985 | AC22: 162.5 | AD22: 0.1
H23: 35164 | I23: 297.5 | J23: 0.1 | AB23: 33112 | AC23: 149 | AD23: 0.1
H24: 35186 | I24: 84.75 | J24: 0.1 | AB24: 33121 | AC24: 113.5 | AD24: 0.1
H25: 35175 | I25: 63.5 | J25: 0.1 | AB25: 33134 | AC25: 68.6 | AD25: 0.1
H26: 35590 | I26: 295.5 | J26: 0.1 | AB26: 33150 | AC26: 101.5 | AD26: 0.1
H27: 35575 | I27: 75 | J27: 0.1 | AB27: 035914 | AC27: 252.7 | AD27: 0.1
H28: 35565 | I28: 186.5 | J28: 0.1 | AB28: 035926 | AC28: 100 | AD28: 0.1
H29: 35558 | I29: 148 | J29: 0.1 | AB29: 26998 | AC29: 201.5 | AD29: 0.1

Sheet _____MAXXIMO
B2: 46266
H4: TOTAL | I4: =SUM(F6:F300)
B5: PRODUCTO | C5: UNIDADES | D5: PRECIO | E5: DTO | F5: TOTAL | H5: ALBARANES | I5: =SUM(I9:I300)
B6: MOLLETES (ud) | C6: =75+75 | D6: 1.08 | E6: 0 | F6: =(C6*D6)-((C6*D6)*E6) | H6: DIFERENCIA | I6: =I5-I4
H8: Nº ALBARÁN | I8: BASE | J8: % IVA
H9: s/n (08/09) | I9: 81 | J9: 0.04
H10: s/n (23/09) | I10: 81 | J10: 0.04

Sheet _____MONVA
B2: 46204 | L2: 46266
H4: TOTAL | I4: =SUM(F6:F300) | R4: TOTAL | S4: =SUM(P6:P300)
B5: PRODUCTO | C5: UNIDADES | D5: PRECIO | E5: DTO | F5: TOTAL | H5: ALBARANES | I5: =SUM(I9:I300) | L5: PRODUCTO | M5: UNIDADES | N5: PRECIO | O5: DTO | P5: TOTAL | R5: ALBARANES | S5: =SUM(S9:S300)
B6: GARRAFA AOVE MONTABES 10 L | C6: =1+1+1 | D6: 57 | E6: 0 | F6: =(C6*D6)-((C6*D6)*E6) | H6: DIFERENCIA | I6: =I5-I4 | L6: GARRAFA AOVE MONTABES 10 L | M6: =2+2 | N6: 57 | O6: 0 | P6: =(M6*N6)-((M6*N6)*O6) | R6: DIFERENCIA | S6: =S5-S4
H8: Nº ALBARÁN | I8: BASE | J8: % IVA | R8: Nº ALBARÁN | S8: BASE | T8: % IVA
H9: AL/5260619 | I9: 57 | J9: 0.04 | R9: AL/5260707 | S9: 114 | T9: 0.04
H10: AL/5260649 | I10: 57 | J10: 0.04 | R10: AL/5260771 | S10: 114 | T10: 0.04
H11: AL/5260627 | I11: 57 | J11: 0.04

Sheet _____MUNDELA
B2: 46204 | L2: 46235 | V2: 46266
H4: TOTAL | I4: =SUM(F6:F300) | R4: TOTAL | S4: =SUM(P6:P300) | AB4: TOTAL | AC4: =SUM(Z6:Z300)
B5: PRODUCTO | C5: UNIDADES | D5: PRECIO | E5: DTO | F5: TOTAL | H5: ALBARANES | I5: =SUM(I9:I300) | L5: PRODUCTO | M5: UNIDADES | N5: PRECIO | O5: DTO | P5: TOTAL | R5: ALBARANES | S5: =SUM(S9:S300) | V5: PRODUCTO | W5: UNIDADES | X5: PRECIO | Y5: DTO | Z5: TOTAL | AB5: ALBARANES | AC5: =SUM(AC9:AC300)
B6: BARBADILLO VI MOSCATO FRIZZANTE | C6: =(3)*6 | D6: 5.63 | E6: 0 | F6: =(C6*D6)-((C6*D6)*E6) | H6: DIFERENCIA | I6: =I5-I4 | L6: RAMON BILBAO BLANCO VERDEJO 3/4 | M6: =(8+3)*6 | N6: 4.67 | O6: 0 | P6: =(M6*N6)-((M6*N6)*O6) | R6: DIFERENCIA | S6: =S5-S4 | V6: RAMON BILBAO BLANCO VERDEJO 3/4 | W6: =60+30+18 | X6: 4.67 | Y6: 0 | Z6: =(W6*X6)-((W6*X6)*Y6) | AB6: DIFERENCIA | AC6: =AC5-AC4
B7: CEPAS VELLAS GODEVAL | C7: =(36)*6 | D7: 11.77 | E7: 0 | F7: =(C7*D7)-((C7*D7)*E7) | L7: RAMON BILBAO VIÑEDOS DE ALTURA 3/4 | M7: =(4)*6 | N7: 8.78 | O7: 0 | P7: =(M7*N7)-((M7*N7)*O7) | V7: CEPAS VELLAS GODEVAL | W7: =42+30+18+24+12 | X7: 11.77 | Y7: 0 | Z7: =(W7*X7)-((W7*X7)*Y7)
B8: RAMON BILBAO BLANCO VERDEJO 3/4 | C8: =(27)*6 | D8: 4.67 | E8: 0 | F8: =(C8*D8)-((C8*D8)*E8) | H8: Nº ALBARÁN | I8: BASE | J8: % IVA | L8: CEPAS VELLAS GODEVAL | M8: =(7)*6 | N8: 11.77 | O8: 0 | P8: =(M8*N8)-((M8*N8)*O8) | R8: Nº ALBARÁN | S8: BASE | T8: % IVA | V8: R.B. EDI.LIM. EARLY HARVEST ROSADO | W8: =6+6 | X8: 7.88 | Y8: 0 | Z8: =(W8*X8)-((W8*X8)*Y8) | AB8: Nº ALBARÁN | AC8: BASE | AD8: % IVA
B9: RAMON BILBAO VIÑEDOS DE ALTURA 3/4 | C9: =(8)*6 | D9: 8.78 | E9: 0 | F9: =(C9*D9)-((C9*D9)*E9) | H9: FM 2547 | I9: 528.12 | J9: 0.21 | L9: PACO GARCIA CRIANZA 3/4 | M9: =(2+2)*12 | N9: 5.3 | O9: 0 | P9: =(M9*N9)-((M9*N9)*O9) | R9: FM 2789 | S9: 1306.8 | T9: 0.21 | V9: CORIMBO | W9: =12+18 | X9: 13.91 | Y9: 0 | Z9: =(W9*X9)-((W9*X9)*Y9) | AB9: FM 3090 | AC9: 1022.58 | AD9: 0.21
B10: R.B. EDI.LIM. EARLY HARVEST ROSADO | C10: =(5)*6 | D10: 7.88 | E10: 0 | F10: =(C10*D10)-((C10*D10)*E10) | H10: FM 2592 | I10: 746.52 | J10: 0.21 | L10: CORIMBO | M10: =(3+2+1)*6 | N10: 13.91 | O10: 0 | P10: =(M10*N10)-((M10*N10)*O10) | R10: FM 2789 | S10: 65.28 | T10: 0.1 | V10: GURPEGUI TINTO 3/4 | W10: 12 | X10: 2.82 | Y10: 0 | Z10: =(W10*X10)-((W10*X10)*Y10) | AB10: FM 3161 | AC10: 493.2 | AD10: 0.21
B11: CORIMBO | C11: =(7)*6 | D11: 13.91 | E11: 0 | F11: =(C11*D11)-((C11*D11)*E11) | H11: FM 2659 | I11: 848.58 | J11: 0.21 | L11: VINAGRE DE JEREZ RESERVA AL MOSCATEL | M11: =(2)*6 | N11: 5.44 | O11: 0 | P11: =(M11*N11)-((M11*N11)*O11) | R11: FM 2940 | S11: 337.8 | T11: 0.21 | V11: RAMON BILBAO VIÑEDOS DE ALTURA 3/4 | W11: =12+18 | X11: 8.78 | Y11: 0 | Z11: =(W11*X11)-((W11*X11)*Y11) | AB11: FM 3291 | AC11: 482.34 | AD11: 0.21
B12: RODA RESERVA 3/4 | C12: =(3)*6 | D12: 21.38 | E12: 0 | F12: =(C12*D12)-((C12*D12)*E12) | H12: FM 2638 | I12: 1280.7 | J12: 0.21 | L12: BARBADILLO VI MOSCATO FRIZZANTE | M12: =(1)*6 | N12: 5.63 | O12: 0 | P12: =(M12*N12)-((M12*N12)*O12) | R12: FM 2902 | S12: 210.66 | T12: 0.21 | V12: BARBADILLO VI MOSCATO FRIZZANTE | W12: 6 | X12: 5.63 | Y12: 0 | Z12: =(W12*X12)-((W12*X12)*Y12) | AB12: FM 3343 | AC12: 797.46 | AD12: 0.21
B13: VINAGRE DE JEREZ RESERVA AL MOSCATEL | C13: =(2)*6 | D13: 5.44 | E13: 0 | F13: =(C13*D13)-((C13*D13)*E13) | H13: FM 2692 | I13: 1038.9 | J13: 0.21 | L13: MANZANILLA SOLEAR 3/8 | M13: =(1)*12 | N13: 4.42 | O13: 0 | P13: =(M13*N13)-((M13*N13)*O13) | V13: PACO GARCIA CRIANZA 3/4 | W13: 12 | X13: 5.3 | Y13: 0 | Z13: =(W13*X13)-((W13*X13)*Y13) | AB13: FM 3374 | AC13: 141.24 | AD13: 0.21
H14: FM 2737 | I14: 649.56 | J14: 0.21 | V14: BOCACHANCLA TINTO JOVEN | W14: 12 | X14: 3.58 | Y14: 0 | Z14: =(W14*X14)-((W14*X14)*Y14)

Sheet _____PATATAS YAGO
B2: 46204 | L2: 46235 | V2: 46266
H4: TOTAL | I4: =SUM(F6:F300) | R4: TOTAL | S4: =SUM(P6:P300) | AB4: TOTAL | AC4: =SUM(Z6:Z300)
B5: PRODUCTO | C5: UNIDADES | D5: PRECIO | E5: DTO | F5: TOTAL | H5: ALBARANES | I5: =SUM(I9:I300) | L5: PRODUCTO | M5: UNIDADES | N5: PRECIO | O5: DTO | P5: TOTAL | R5: ALBARANES | S5: =SUM(S9:S300) | V5: PRODUCTO | W5: UNIDADES | X5: PRECIO | Y5: DTO | Z5: TOTAL | AB5: ALBARANES | AC5: =SUM(AC9:AC300)
B6: SACO AGRIA NUEVA ALICANTE | C6: =(4+2+1+1)*25 | D6: 0.89 | E6: 0 | F6: =(C6*D6)-((C6*D6)*E6) | H6: DIFERENCIA | I6: =I5-I4 | L6: SACO AGRIA NUEVA ALICANTE | M6: =(1+1+2+2+1+1+2+3)*25 | N6: 0.88 | O6: 0 | P6: =(M6*N6)-((M6*N6)*O6) | R6: DIFERENCIA | S6: =S5-S4 | V6: SACO AGRIA NUEVA ALICANTE | W6: =50+75+25+50+25+25+25+25+25+25+50+25 | X6: 0.88 | Y6: 0 | Z6: =(W6*X6)-((W6*X6)*Y6) | AB6: DIFERENCIA | AC6: =AC5-AC4
B7: SACO MONALISA | C7: =(1+1+1+1)*25 | D7: 0.93 | E7: 0 | F7: =(C7*D7)-((C7*D7)*E7) | L7: SACO MONALISA | M7: =(1+1)*25 | N7: 0.93 | O7: 0 | P7: =(M7*N7)-((M7*N7)*O7) | V7: SACO MONALISA | W7: =25+25+25+25+25+25+25 | X7: 0.93 | Y7: 0 | Z7: =(W7*X7)-((W7*X7)*Y7)
B8: SACO AGRIA NUEVA ALICANTE | C8: =(4)*25 | D8: 0.95 | E8: 0 | F8: =(C8*D8)-((C8*D8)*E8) | H8: Nº ALBARÁN | I8: BASE | J8: % IVA | L8: SACO MONALISA (alb. 696: 30 kg = 1,2 sacos) | M8: =(1.2)*25 | N8: 0.88 | O8: 0 | P8: =(M8*N8)-((M8*N8)*O8) | R8: Nº ALBARÁN | S8: BASE | T8: % IVA | V8: SACO AGRIA ALICANTE | W8: =25+25+25+50 | X8: 0.88 | Y8: 0 | Z8: =(W8*X8)-((W8*X8)*Y8) | AB8: Nº ALBARÁN | AC8: BASE | AD8: % IVA
B9: SACO MONALISA | C9: =(1)*25 | D9: 0.9 | E9: 0 | F9: =(C9*D9)-((C9*D9)*E9) | H9: 476 | I9: 44.5 | J9: 0.04 | R9: 637 | S9: 45.25 | T9: 0.04 | AB9: 767 | AC9: 67.25 | AD9: 0.04
B10: SACO AGRIA NUEVA ALICANTE | C10: =(1+1+2+1+1+1+1+1)*25 | D10: 0.88 | E10: 0 | F10: =(C10*D10)-((C10*D10)*E10) | H10: 468 | I10: 23.25 | J10: 0.04 | R10: 675 | S10: 22 | T10: 0.04 | AB10: 784 | AC10: 89.25 | AD10: 0.04
B11: SACO MONALISA (alb. 499: 30 kg = 1,2 sacos) | C11: =(1.2)*25 | D11: 0.83 | E11: 0 | F11: =(C11*D11)-((C11*D11)*E11) | H11: 463 | I11: 44.5 | J11: 0.04 | R11: 680 | S11: 67.25 | T11: 0.04 | AB11: 801 | AC11: 45.25 | AD11: 0.04
H12: 445 | I12: 46.25 | J12: 0.04 | R12: 689 | S12: 44 | T12: 0.04 | AB12: 824 | AC12: 44 | AD12: 0.04
H13: 435 | I13: 47.5 | J13: 0.04 | R13: 696 | S13: 48.4 | T13: 0.04 | AB13: 835 | AC13: 22 | AD13: 0.04
H14: 404 | I14: 23.75 | J14: 0.04 | R14: 709 | S14: 22 | T14: 0.04 | AB14: 845 | AC14: 22 | AD14: 0.04
H15: 601 | I15: 22 | J15: 0.04 | R15: 729 | S15: 44 | T15: 0.04 | AB15: 859 | AC15: 45.25 | AD15: 0.04
H16: 592 | I16: 22 | J16: 0.04 | R16: 737 | S16: 66 | T16: 0.04 | AB16: 876 | AC16: 22 | AD16: 0.04
H17: 584 | I17: 67.25 | J17: 0.04 | AB17: 885 | AC17: 45.25 | AD17: 0.04
H18: 555 | I18: 23.25 | J18: 0.04 | AB18: 898 | AC18: 22 | AD18: 0.04
H19: 548 | I19: 22 | J19: 0.04 | AB19: 908 | AC19: 44 | AD19: 0.04
H20: 541 | I20: 22 | J20: 0.04 | AB20: 929 | AC20: 45.25 | AD20: 0.04
H21: 529 | I21: 44.5 | J21: 0.04 | AB21: 943 | AC21: 22 | AD21: 0.04
H22: 518 | I22: 22.25 | J22: 0.04 | AB22: 952 | AC22: 22 | AD22: 0.04
H23: 499 | I23: 47.15 | J23: 0.04 | AB23: 962 | AC23: 45.25 | AD23: 0.04
H24: 630 | I24: 22 | J24: 0.04 | AB24: 971 | AC24: 44 | AD24: 0.04
H25: 626 | I25: 45.25 | J25: 0.04
H26: 608 | I26: 22 | J26: 0.04

Sheet _____PESCADERIA PALACIO
B2: 46204 | L2: 46235 | V2: 46266
H4: TOTAL | I4: =SUM(F6:F300) | R4: TOTAL | S4: =SUM(P6:P300) | AB4: TOTAL | AC4: =SUM(Z6:Z300)
B5: PRODUCTO | C5: UNIDADES | D5: PRECIO | E5: DTO | F5: TOTAL | H5: ALBARANES | I5: =SUM(I9:I300) | L5: PRODUCTO | M5: UNIDADES | N5: PRECIO | O5: DTO | P5: TOTAL | R5: ALBARANES | S5: =SUM(S9:S300) | V5: PRODUCTO | W5: UNIDADES | X5: PRECIO | Y5: DTO | Z5: TOTAL | AB5: ALBARANES | AC5: =SUM(AC9:AC300)
B6: ALISTADO 15/20 PARAPENAEUS | C6: =4.15+1.2+4.2+6.4+3.8+5.1+4.32 | D6: 48 | E6: 0 | F6: =(C6*D6)-((C6*D6)*E6) | H6: DIFERENCIA | I6: =I5-I4 | L6: ALISTADO 15/20 PARAPENAEUS | M6: =4+3.7 | N6: 48 | O6: 0 | P6: =(M6*N6)-((M6*N6)*O6) | R6: DIFERENCIA | S6: =S5-S4 | V6: ALISTADO 15/20 PARAPENAEUS | W6: =4+6.2+5.45+4.3+3.1+4 | X6: 48 | Y6: 0 | Z6: =(W6*X6)-((W6*X6)*Y6) | AB6: DIFERENCIA | AC6: =AC5-AC4
H8: Nº ALBARÁN | I8: BASE | J8: % IVA | R8: Nº ALBARÁN | S8: BASE | T8: % IVA | AB8: Nº ALBARÁN | AC8: BASE | AD8: % IVA
H9: 140612 | I9: 199.2 | J9: 0.1 | R9: 143228 | S9: 192 | T9: 0.1 | AB9: 144041 | AC9: 192 | AD9: 0.1
H10: 140395 | I10: 259.2 | J10: 0.1 | R10: 143673 | S10: 177.6 | T10: 0.1 | AB10: 144434 | AC10: 297.6 | AD10: 0.1
H11: 139654 | I11: 307.2 | J11: 0.1 | AB11: 144801 | AC11: 261.6 | AD11: 0.1
H12: 141763 | I12: 182.4 | J12: 0.1 | AB12: 145600 | AC12: 206.4 | AD12: 0.1
H13: 140979 | I13: 244.8 | J13: 0.1 | AB13: 146319 | AC13: 148.8 | AD13: 0.1
H14: 142088 | I14: 207.36 | J14: 0.1 | AB14: 146774 | AC14: 192 | AD14: 0.1

Sheet _____PESCARUM
B2: 46204 | L2: 46235 | V2: 46266
H4: TOTAL | I4: =SUM(F6:F300) | R4: TOTAL | S4: =SUM(P6:P300) | AB4: TOTAL | AC4: =SUM(Z6:Z300)
B5: PRODUCTO | C5: UNIDADES | D5: PRECIO | E5: DTO | F5: TOTAL | H5: ALBARANES | I5: =SUM(I9:I300) | L5: PRODUCTO | M5: UNIDADES | N5: PRECIO | O5: DTO | P5: TOTAL | R5: ALBARANES | S5: =SUM(S9:S300) | V5: PRODUCTO | W5: UNIDADES | X5: PRECIO | Y5: DTO | Z5: TOTAL | AB5: ALBARANES | AC5: =SUM(AC9:AC300)
B6: ALISTADOS | C6: 1 | D6: 78 | E6: 0 | F6: =(C6*D6)-((C6*D6)*E6) | H6: DIFERENCIA | I6: =I5-I4 | L6: CARABINEROS | M6: =1.1+1.1+1.1+2.2+1.2+1.1 | N6: 98 | O6: 0 | P6: =(M6*N6)-((M6*N6)*O6) | R6: DIFERENCIA | S6: =S5-S4 | V6: NAVAJA | W6: =2+2+2 | X6: 25 | Y6: 0 | Z6: =(W6*X6)-((W6*X6)*Y6) | AB6: DIFERENCIA | AC6: =AC5-AC4
B7: CALAMARES | C7: =5.8+5.8+6.8+7.5+4.2+10+8.6+9.2+6+8.3+6+6.5+9.5+5.9+3.9+7.2 | D7: 21.5 | E7: 0 | F7: =(C7*D7)-((C7*D7)*E7) | L7: NAVAJA | M7: =1+1+1+1+1+1+1+1 | N7: 25 | O7: 0 | P7: =(M7*N7)-((M7*N7)*O7) | V7: PULPO | W7: =9.95+9+7.48+7.84+7.94+7.9+7.57+8.04+7.96+7.95+7.68+7.1+7.93 | X7: 30.4998 | Y7: 0 | Z7: =(W7*X7)-((W7*X7)*Y7)
B8: CARABINEROS | C8: =2.1+1+1+1.1+1+1.1+1.1+1 | D8: 98 | E8: 0 | F8: =(C8*D8)-((C8*D8)*E8) | H8: Nº ALBARÁN | I8: BASE | J8: % IVA | L8: PULPO | M8: =17.13+8.62+8.63+8.9+8.23+8.26+9.6 | N8: 30.5 | O8: 0 | P8: =(M8*N8)-((M8*N8)*O8) | R8: Nº ALBARÁN | S8: BASE | T8: % IVA | V8: COCOCHAS | W8: =2+2 | X8: 60 | Y8: 0 | Z8: =(W8*X8)-((W8*X8)*Y8) | AB8: Nº ALBARÁN | AC8: BASE | AD8: % IVA
B9: CARABINEROS | C9: 1 | D9: 98 | E9: 0 | F9: =(C9*D9)-((C9*D9)*E9) | H9: 11/07/2026 | I9: 568.31 | J9: 0.1 | L9: CALAMARES | M9: =4.4+3+6.2+6+6+2.5+2.9+7 | N9: 21.5 | O9: 0 | P9: =(M9*N9)-((M9*N9)*O9) | R9: 01/08/2026 | S9: 132.8 | T9: 0.1 | V9: CALAMARES | W9: =6+4.4+2.7+5.5+2.9+2.8+5.4+4+6.1+3.5+6+6.3+6.3+4+6+2.7+3.3+6 | X9: 21.5 | Y9: 0 | Z9: =(W9*X9)-((W9*X9)*Y9) | AB9: 01/09/2026 | AC9: 602.48 | AD9: 0.1
B10: COQUINAS | C10: =21+4+1+2+4+2+4+4 | D10: 30 | E10: 0 | F10: =(C10*D10)-((C10*D10)*E10) | H10: 10/07/2026 | I10: 630.5 | J10: 0.1 | L10: ALISTADOS | M10: =1+1+1 | N10: 88 | O10: 0 | P10: =(M10*N10)-((M10*N10)*O10) | R10: 04/08/2026 | S10: 922.87 | T10: 0.1 | V10: OSTRAS (ud) | W10: 24 | X10: 2.5 | Y10: 0 | Z10: =(W10*X10)-((W10*X10)*Y10) | AB10: 02/09/2026 | AC10: 60 | AD10: 0.1
B11: LANGOSTINO | C11: =1.2+1+1.2 | D11: 35 | E11: 0 | F11: =(C11*D11)-((C11*D11)*E11) | H11: 09/07/2026 | I11: 626.95 | J11: 0.1 | L11: ZAMBURIÑAS | M11: =10+8+10+10 | N11: 15.5 | O11: 0 | P11: =(M11*N11)-((M11*N11)*O11) | R11: 06/08/2026 | S11: 352.41 | T11: 0.1 | V11: ZAMBURIÑAS | W11: =10+10+10+10+10+10+10 | X11: 15.5 | Y11: 0 | Z11: =(W11*X11)-((W11*X11)*Y11) | AB11: 03/09/2026 | AC11: 341.6 | AD11: 0.1
B12: NAVAJA | C12: =5+1+1+1+1+1+1+2+2+1 | D12: 25 | E12: 0 | F12: =(C12*D12)-((C12*D12)*E12) | H12: 08/07/2026 | I12: 229.2 | J12: 0.1 | L12: PARRILLATO | M12: 2.3 | N12: 14 | O12: 0 | P12: =(M12*N12)-((M12*N12)*O12) | R12: 07/08/2026 | S12: 195.8 | T12: 0.1 | V12: LANGOSTINO | W12: =1.2+1.1+1.1+1.1+1 | X12: 35 | Y12: 0 | Z12: =(W12*X12)-((W12*X12)*Y12) | AB12: 04/09/2026 | AC12: 831.05 | AD12: 0.1
B13: NAVAJA | C13: 2 | D13: 23 | E13: 0 | F13: =(C13*D13)-((C13*D13)*E13) | H13: 04/07/2026 | I13: 1212.78 | J13: 0.1 | L13: COQUINAS | M13: 4 | N13: 30 | O13: 0 | P13: =(M13*N13)-((M13*N13)*O13) | R13: 18/08/2026 | S13: 190.5 | T13: 0.1 | V13: CIGALA | W13: =1+1 | X13: 78 | Y13: 0 | Z13: =(W13*X13)-((W13*X13)*Y13) | AB13: s/f (tapado) | AC13: 833.3 | AD13: 0.1
B14: NAVAJA | C14: 1 | D14: 25.5 | E14: 0 | F14: =(C14*D14)-((C14*D14)*E14) | H14: 03/07/2026 | I14: 558.22 | J14: 0.1 | L14: COCOCHAS | M14: 1 | N14: 58 | O14: 0 | P14: =(M14*N14)-((M14*N14)*O14) | R14: 19/08/2026 | S14: 602.81 | T14: 0.1 | V14: COQUINAS | W14: =4+2+3+3+4+4 | X14: 32.5 | Y14: 0 | Z14: =(W14*X14)-((W14*X14)*Y14) | AB14: 08/09/2026 | AC14: 787.39 | AD14: 0.1
B15: PULPO | C15: =16.0757377+8.5+17.46+8.63+8.9+6.5+7.44+6.4+13.03+14.73+7.39+9.41 | D15: 30.5 | E15: 0 | F15: =(C15*D15)-((C15*D15)*E15) | H15: 02/07/2026 | I15: 175.8 | J15: 0.1 | L15: COQUINAS | M15: =2+3 | N15: 32.5 | O15: 0 | P15: =(M15*N15)-((M15*N15)*O15) | R15: 20/08/2026 | S15: 332 | T15: 0.1 | V15: CARABINEROS | W15: =2.1+2+2+1.9+1+1+2.2+2.2 | X15: 120 | Y15: 0 | Z15: =(W15*X15)-((W15*X15)*Y15) | AB15: 09/09/2026 | AC15: 541.47 | AD15: 0.1
B16: QUISQUILLA | C16: 3 | D16: 58 | E16: 0 | F16: =(C16*D16)-((C16*D16)*E16) | H16: 01/07/2026 | I16: 497.5 | J16: 0.1 | L16: COCOCHAS | M16: 1 | N16: 60 | O16: 0 | P16: =(M16*N16)-((M16*N16)*O16) | R16: 22/08/2026 | S16: 194 | T16: 0.1 | V16: RESTO NO VISIBLE (albarán tapado, base 833,30) | W16: 1 | X16: 794.8 | Y16: 0 | Z16: =(W16*X16)-((W16*X16)*Y16) | AB16: 10/09/2026 | AC16: 530.37 | AD16: 0.1
B17: ZAMBURIÑAS | C17: =30+10+10+10+10+10 | D17: 15.5 | E17: 0 | F17: =(C17*D17)-((C17*D17)*E17) | H17: 25/07/2026 | I17: 180 | J17: 0.1 | R17: 25/08/2026 | S17: 451.45 | T17: 0.1 | V17: NAVAJA | W17: 2 | X17: 23 | Y17: 0 | Z17: =(W17*X17)-((W17*X17)*Y17) | AB17: 11/09/2026 | AC17: 166.1 | AD17: 0.1
B18: NAVAJA | C18: 1 | D18: 29.5 | E18: 0 | F18: =(C18*D18)-((C18*D18)*E18) | H18: 24/07/2026 | I18: 456.35 | J18: 0.1 | R18: 26/08/2026 | S18: 304.77 | T18: 0.1 | V18: NAVAJA | W18: =1+1 | X18: 24 | Y18: 0 | Z18: =(W18*X18)-((W18*X18)*Y18) | AB18: 12/09/2026 | AC18: 303.5 | AD18: 0.1
B19: CIGALA | C19: 1 | D19: 75 | E19: 0 | F19: =(C19*D19)-((C19*D19)*E19) | H19: 23/07/2026 | I19: 614.05 | J19: 0.1 | R19: 27/08/2026 | S19: 147.35 | T19: 0.1 | V19: NAVAJA | W19: 2 | X19: 22 | Y19: 0 | Z19: =(W19*X19)-((W19*X19)*Y19) | AB19: 15/09/2026 | AC19: 492.1 | AD19: 0.1
B20: PRODUCTO ILEGIBLE (alb. 22/07) | C20: 2.2 | D20: 13 | E20: 0 | F20: =(C20*D20)-((C20*D20)*E20) | H20: 22/07/2026 | I20: 346.4 | J20: 0.1 | R20: 28/08/2026 | S20: 457.53 | T20: 0.1 | V20: NAVAJA | W20: =1+1+2 | X20: 23.5 | Y20: 0 | Z20: =(W20*X20)-((W20*X20)*Y20) | AB20: 16/09/2026 | AC20: 546.13 | AD20: 0.1
B21: QUISQUILLA | C21: 1 | D21: 59 | E21: 0 | F21: =(C21*D21)-((C21*D21)*E21) | H21: 21/07/2026 | I21: 440.92 | J21: 0.1 | R21: 29/08/2026 | S21: 828.6 | T21: 0.1 | V21: PERIQUITO (lectura dudosa) | W21: 2.3 | X21: 13.5 | Y21: 0 | Z21: =(W21*X21)-((W21*X21)*Y21) | AB21: 17/09/2026 | AC21: 173 | AD21: 0.1
H22: 31/07/2026 | I22: 301.45 | J22: 0.1 | AB22: 18/09/2026 | AC22: 489.2 | AD22: 0.1
H23: 30/07/2026 | I23: 284 | J23: 0.1 | AB23: 19/09/2026 | AC23: 763.23 | AD23: 0.1
H24: 29/07/2026 | I24: 448 | J24: 0.1 | AB24: 22/09/2026 | AC24: 532.93 | AD24: 0.1
H25: 28/07/2026 | I25: 562.17 | J25: 0.1 | AB25: 23/09/2026 | AC25: 441.24 | AD25: 0.1
H26: 18/07/2026 | I26: 916.32 | J26: 0.1 | AB26: 24/09/2026 | AC26: 207 | AD26: 0.1
H27: 17/07/2026 | I27: 110 | J27: 0.1 | AB27: 25/09/2026 | AC27: 404.6 | AD27: 0.1
H28: 16/07/2026 | I28: 401.85 | J28: 0.1 | AB28: 26/09/2026 | AC28: 896.82 | AD28: 0.1
H29: 15/07/2026 | I29: 671.25 | J29: 0.1 | AB29: 29/09/2026 | AC29: 362.05 | AD29: 0.1
H30: 14/07/2026 | I30: 508.81 | J30: 0.1

Sheet _____PEÑALASTALLAS
B2: 46204 | L2: 46235 | V2: 46266
H4: TOTAL | I4: =SUM(F6:F300) | R4: TOTAL | S4: =SUM(P6:P300) | AB4: TOTAL | AC4: =SUM(Z6:Z300)
B5: PRODUCTO | C5: UNIDADES | D5: PRECIO | E5: DTO | F5: TOTAL | H5: ALBARANES | I5: =SUM(I9:I300) | L5: PRODUCTO | M5: UNIDADES | N5: PRECIO | O5: DTO | P5: TOTAL | R5: ALBARANES | S5: =SUM(S9:S300) | V5: PRODUCTO | W5: UNIDADES | X5: PRECIO | Y5: DTO | Z5: TOTAL | AB5: ALBARANES | AC5: =SUM(AC9:AC300)
B6: PINCHO MORUNO DE POLLO | C6: =2.08+4.02+3.74+4.02+5.6+3.92+3.68 | D6: 8.9 | E6: 0 | F6: =(C6*D6)-((C6*D6)*E6) | H6: DIFERENCIA | I6: =I5-I4 | L6: PINCHO MORUNO DE POLLO | M6: =3.64+4.07+2.01+1.9 | N6: 8.9 | O6: 0 | P6: =(M6*N6)-((M6*N6)*O6) | R6: DIFERENCIA | S6: =S5-S4 | V6: PINCHO MORUNO DE POLLO | W6: =7.08+4.42+5.9+3.78+2.06+2.04+3.82+4.04 | X6: 8.9 | Y6: 0 | Z6: =(W6*X6)-((W6*X6)*Y6) | AB6: DIFERENCIA | AC6: =AC5-AC4
B7: PINCHOS MORUNOS | C7: =1.98+3.82+1.99+2.05+2.04+3.46+3.86 | D7: 8.9 | E7: 0 | F7: =(C7*D7)-((C7*D7)*E7) | L7: PINCHOS MORUNOS | M7: =1.8+1.84+1.79+1.78 | N7: 8.9 | O7: 0 | P7: =(M7*N7)-((M7*N7)*O7) | V7: PINCHOS MORUNOS | W7: =1.86+4.28+1.98+4.12+2.06+1.9+3.58 | X7: 8.9 | Y7: 0 | Z7: =(W7*X7)-((W7*X7)*Y7)
B8: MOLLEJAS DE CORDERO | C8: =6.3+8.14+6+8.44+8.2+6.3 | D8: 27.9 | E8: 0 | F8: =(C8*D8)-((C8*D8)*E8) | H8: Nº ALBARÁN | I8: BASE | J8: % IVA | L8: MOLLEJAS DE CORDERO | M8: =6.32+6.3 | N8: 27.9 | O8: 0 | P8: =(M8*N8)-((M8*N8)*O8) | R8: Nº ALBARÁN | S8: BASE | T8: % IVA | V8: MOLLEJAS DE CORDERO | W8: =7.96+6.05+5.4+5.7+6.4+7.88+6.02+8 | X8: 27.9 | Y8: 0 | Z8: =(W8*X8)-((W8*X8)*Y8) | AB8: Nº ALBARÁN | AC8: BASE | AD8: % IVA
B9: POLLOS ENTEROS | C9: 3.62 | D9: 3.75 | E9: 0 | F9: =(C9*D9)-((C9*D9)*E9) | H9: 11957 | I9: 211.9 | J9: 0.1 | R9: 12129 | S9: 48.42 | T9: 0.1 | AB9: 12377 | AC9: 301.64 | AD9: 0.1
H10: 11926 | I10: 262.89 | J10: 0.1 | R10: 12269 | S10: 228.93 | T10: 0.1 | AB10: 12416 | AC10: 246.23 | AD10: 0.1
I11: 67.29 | J11: 0.1 | R11: 12312 | S11: 209.59 | T11: 0.1 | AB11: 12460 | AC11: 203.17 | AD11: 0.1
H12: 11858 | I12: 220.89 | J12: 0.1 | R12: 12339 | S12: 32.75 | T12: 0.1 | AB12: 12484 | AC12: 210.29 | AD12: 0.1
H13: 12056 | I13: 303.57 | J13: 0.1 | AB13: 12521 | AC13: 55 | AD13: 0.1
H14: 12035 | I14: 53.05 | J14: 0.1 | AB14: 12558 | AC14: 215.05 | AD14: 0.1
H15: 12011 | I15: 292.32 | J15: 0.1 | AB15: 12600 | AC15: 219.85 | AD15: 0.1
H16: 12113 | I16: 223.7 | J16: 0.1 | AB16: 12631 | AC16: 218.87 | AD16: 0.1
AB17: 12670 | AC17: 291.02 | AD17: 0.1

Sheet _____REGERE AOVE
B2: 46266
H4: TOTAL | I4: =SUM(F6:F300)
B5: PRODUCTO | C5: UNIDADES | D5: PRECIO | E5: DTO | F5: TOTAL | H5: ALBARANES | I5: =SUM(I9:I300)
B6: CAJA 6 UDS "SELECTO" AOVE 500 ML VIDRIO | C6: =1+2 | D6: 69 | E6: 0 | F6: =(C6*D6)-((C6*D6)*E6) | H6: DIFERENCIA | I6: =I5-I4
B7: CAJA 6 UDS BOTELLA 1L "SELECCION DEL CHEF" AOVE | C7: =3+4 | D7: 69 | E7: 0 | F7: =(C7*D7)-((C7*D7)*E7)
H8: Nº ALBARÁN | I8: BASE | J8: % IVA
H9: 1/000040 | I9: 276 | J9: 0.04
H10: 1/000041 | I10: 414 | J10: 0.04

Sheet _____ROMERO ALVAREZ
B2: 46204 | L2: 46235 | V2: 46266
H4: TOTAL | I4: =SUM(F6:F300) | R4: TOTAL | S4: =SUM(P6:P300) | AB4: TOTAL | AC4: =SUM(Z6:Z300)
B5: PRODUCTO | C5: UNIDADES | D5: PRECIO | E5: DTO | F5: TOTAL | H5: ALBARANES | I5: =SUM(I9:I300) | L5: PRODUCTO | M5: UNIDADES | N5: PRECIO | O5: DTO | P5: TOTAL | R5: ALBARANES | S5: =SUM(S9:S300) | V5: PRODUCTO | W5: UNIDADES | X5: PRECIO | Y5: DTO | Z5: TOTAL | AB5: ALBARANES | AC5: =SUM(AC9:AC300)
B6: PRESA 100% IBERICA | C6: =10.34+10.84 | D6: 25.2 | E6: 0 | F6: =(C6*D6)-((C6*D6)*E6) | H6: DIFERENCIA | I6: =I5-I4 | L6: PRESA 100% IBERICA | M6: 10.46 | N6: 25.2 | O6: 0 | P6: =(M6*N6)-((M6*N6)*O6) | R6: DIFERENCIA | S6: =S5-S4 | V6: PORTES | W6: =1+1 | X6: 36 | Y6: 0 | Z6: =(W6*X6)-((W6*X6)*Y6) | AB6: DIFERENCIA | AC6: =AC5-AC4
L7: PRESA IBERICA | M7: 15.5 | N7: 25.2 | O7: 0 | P7: =(M7*N7)-((M7*N7)*O7) | V7: PRESA 100% IBERICA | W7: 15.96 | X7: 25.2 | Y7: 0 | Z7: =(W7*X7)-((W7*X7)*Y7)
H8: Nº ALBARÁN | I8: BASE | J8: % IVA | R8: Nº ALBARÁN | S8: BASE | T8: % IVA | V8: PRESA IBERICA | W8: =6.42+5.44+10.78 | X8: 25.2 | Y8: 0 | Z8: =(W8*X8)-((W8*X8)*Y8) | AB8: Nº ALBARÁN | AC8: BASE | AD8: % IVA
H9: SEC 6207 | I9: 260.57 | J9: 0.1 | R9: SEC 3 | S9: 263.59 | T9: 0.1 | AB9: SEC 518 | AC9: 36 | AD9: 0.21
H10: SEC 6082 | I10: 273.17 | J10: 0.1 | R10: SEC 270 | S10: 390.6 | T10: 0.1 | AB10: SEC 518 | AC10: 402.19 | AD10: 0.1
AB11: SEC 877 | AC11: 36 | AD11: 0.21
AB12: SEC 877 | AC12: 570.53 | AD12: 0.1

Sheet _____SENSORVISION
B2: 46266
H4: TOTAL | I4: =SUM(F6:F300)
B5: PRODUCTO | C5: UNIDADES | D5: PRECIO | E5: DTO | F5: TOTAL | H5: ALBARANES | I5: =SUM(I9:I300)
B6: CAJA PAPEL TERMICO 80X80 | C6: 2 | D6: 49 | E6: 0 | F6: =(C6*D6)-((C6*D6)*E6) | H6: DIFERENCIA | I6: =I5-I4
H8: Nº ALBARÁN | I8: BASE | J8: % IVA
H9: 01195 | I9: 98 | J9: 0.21

Sheet _____SUBMARINER
B2: 46204 | L2: 46235 | V2: 46266
H4: TOTAL | I4: =SUM(F6:F300) | R4: TOTAL | S4: =SUM(P6:P300) | AB4: TOTAL | AC4: =SUM(Z6:Z300)
B5: PRODUCTO | C5: UNIDADES | D5: PRECIO | E5: DTO | F5: TOTAL | H5: ALBARANES | I5: =SUM(I9:I300) | L5: PRODUCTO | M5: UNIDADES | N5: PRECIO | O5: DTO | P5: TOTAL | R5: ALBARANES | S5: =SUM(S9:S300) | V5: PRODUCTO | W5: UNIDADES | X5: PRECIO | Y5: DTO | Z5: TOTAL | AB5: ALBARANES | AC5: =SUM(AC9:AC300)
B6: ABSOLUT 0,70L | C6: 18 | D6: 11.85 | E6: 0.04 | F6: =(C6*D6)-((C6*D6)*E6) | H6: DIFERENCIA | I6: =I5-I4 | L6: GREY GOOSE VODKA 0,70L NR | M6: 2 | N6: 37.45 | O6: 0.04 | P6: =(M6*N6)-((M6*N6)*O6) | R6: DIFERENCIA | S6: =S5-S4 | V6: BEEFEATER 0,70L NR | W6: =6+6 | X6: 12.3 | Y6: 0.04 | Z6: =(W6*X6)-((W6*X6)*Y6) | AB6: DIFERENCIA | AC6: =AC5-AC4
B7: AGT 3L MOS DE PAS | C7: 1 | D7: 19.98 | E7: 0.04 | F7: =(C7*D7)-((C7*D7)*E7) | L7: MAESTRO DOBEL DIAMANTE REPOSADO 0.70 | M7: 2 | N7: 55.17 | O7: 0.04 | P7: =(M7*N7)-((M7*N7)*O7) | V7: JOSE CUERVO SILVER 0.7 | W7: 5 | X7: 12.68 | Y7: 0.04 | Z7: =(W7*X7)-((W7*X7)*Y7)
B8: APEROL LITRO | C8: 8 | D8: 11.17 | E8: 0.04 | F8: =(C8*D8)-((C8*D8)*E8) | H8: Nº ALBARÁN | I8: BASE | J8: % IVA | L8: SEAGRAMS 0,0 0,70L | M8: 1 | N8: 12.99 | O8: 0.04 | P8: =(M8*N8)-((M8*N8)*O8) | R8: Nº ALBARÁN | S8: BASE | T8: % IVA | V8: JOSE CUERVO SILVER 0.7 (sin cargo) | W8: 1 | X8: 12.68 | Y8: 1 | Z8: =(W8*X8)-((W8*X8)*Y8) | AB8: Nº ALBARÁN | AC8: BASE | AD8: % IVA
B9: BALLANTINES 0,70L NR | C9: 4 | D9: 11.55 | E9: 0.04 | F9: =(C9*D9)-((C9*D9)*E9) | H9: SF 7559 | I9: 1389.49 | J9: 0.21 | L9: TANQUERAY 0,70L | M9: 1 | N9: 12.12 | O9: 0.04 | P9: =(M9*N9)-((M9*N9)*O9) | R9: SF 8750 | S9: 225.69 | T9: 0.21 | V9: JAGERMEISTER L. HIERB 0,70L | W9: =1+2 | X9: 10.7 | Y9: 0.04 | Z9: =(W9*X9)-((W9*X9)*Y9) | AB9: SF 9684 | AC9: 715.48 | AD9: 0.21
B10: BEEFEATER 0,70L NR | C10: 18 | D10: 12.3 | E10: 0.04 | F10: =(C10*D10)-((C10*D10)*E10) | H10: SF 7806 | I10: 963.55 | J10: 0.21 | L10: ABSOLUT 0,70L | M10: =2+3 | N10: 11.85 | O10: 0.04 | P10: =(M10*N10)-((M10*N10)*O10) | R10: SF 8939 | S10: 487.25 | T10: 0.21 | V10: BOMBAY SAPHIRE 0,70 | W10: 4 | X10: 14.2 | Y10: 0.04 | Z10: =(W10*X10)-((W10*X10)*Y10) | AB10: SF 10093 | AC10: 219.51 | AD10: 0.21
B11: BOMBAY SAPHIRE 0,70 | C11: 4 | D11: 14.2 | E11: 0.04 | F11: =(C11*D11)-((C11*D11)*E11) | H11: SF 7780 | I11: 152.52 | J11: 0.21 | L11: SERVICIOS LOGISTICOS | M11: =1+1 | N11: 1 | O11: 0 | P11: =(M11*N11)-((M11*N11)*O11) | V11: BOMBAY SAPHIRE 0,70 (sin cargo) | W11: 1 | X11: 14.2 | Y11: 1 | Z11: =(W11*X11)-((W11*X11)*Y11) | AB11: SF 10143 | AC11: 129.96 | AD11: 0.21
B12: BRUGAL 0,70L NR | C12: 10 | D12: 11.66 | E12: 0.04 | F12: =(C12*D12)-((C12*D12)*E12) | H12: SF 8070 | I12: 456.92 | J12: 0.21 | L12: GIN NORDÉS 0,70L | M12: 2 | N12: 19.9 | O12: 0.04 | P12: =(M12*N12)-((M12*N12)*O12) | V12: ABSOLUT 0,70L | W12: 3 | X12: 11.85 | Y12: 0.04 | Z12: =(W12*X12)-((W12*X12)*Y12) | AB12: SF 10339 | AC12: 613.18 | AD12: 0.21
B13: BULLEIT BOURBON 0,70 | C13: 1 | D13: 19.93 | E13: 0.04 | F13: =(C13*D13)-((C13*D13)*E13) | H13: SF 8308 | I13: 328.84 | J13: 0.21 | L13: HENDRICKS 0,70L | M13: 1 | N13: 24.08 | O13: 0.04 | P13: =(M13*N13)-((M13*N13)*O13) | V13: CAMPARI 1L | W13: 2 | X13: 14.6 | Y13: 0.04 | Z13: =(W13*X13)-((W13*X13)*Y13)
B14: CHIVAS 12 AÑOS 0,7L NR | C14: 2 | D14: 23.03 | E14: 0.04 | F14: =(C14*D14)-((C14*D14)*E14) | L14: LARIOS 1L NR | M14: 1 | N14: 10.32 | O14: 0.04 | P14: =(M14*N14)-((M14*N14)*O14) | V14: ZACAPA 23 AÑOS 0,70L | W14: 2 | X14: 29.81 | Y14: 0.04 | Z14: =(W14*X14)-((W14*X14)*Y14)
B15: CINZANO PROSECCO SPRITZ | C15: 12 | D15: 5.03 | E15: 0.04 | F15: =(C15*D15)-((C15*D15)*E15) | L15: WHITE LABEL 0,70L NR | M15: 7 | N15: 11.09 | O15: 0.04 | P15: =(M15*N15)-((M15*N15)*O15) | V15: ZACAPA X.O. | W15: 1 | X15: 132.94 | Y15: 0.04 | Z15: =(W15*X15)-((W15*X15)*Y15)
B16: CREMA ORUJO 3L MOS DE PAS | C16: 3 | D16: 15.6 | E16: 0.04 | F16: =(C16*D16)-((C16*D16)*E16) | L16: JAMESON 0,70L | M16: 2 | N16: 14.48 | O16: 0.04 | P16: =(M16*N16)-((M16*N16)*O16) | V16: MARTINI BLANCO 1L | W16: 2 | X16: 8.36 | Y16: 0.04 | Z16: =(W16*X16)-((W16*X16)*Y16)
B17: DYC 1L | C17: 2 | D17: 11.13 | E17: 0.04 | F17: =(C17*D17)-((C17*D17)*E17) | L17: APEROL LITRO | M17: 3 | N17: 11.17 | O17: 0.04 | P17: =(M17*N17)-((M17*N17)*O17) | V17: TEQUILA DON JULIO 70 TH | W17: 1 | X17: 61.45 | Y17: 0.04 | Z17: =(W17*X17)-((W17*X17)*Y17)
B18: GIN NORDÉS 0,70L | C18: 3 | D18: 19.9 | E18: 0.04 | F18: =(C18*D18)-((C18*D18)*E18) | L18: MARTINI ROJO 1L | M18: 3 | N18: 8.36 | O18: 0.04 | P18: =(M18*N18)-((M18*N18)*O18) | V18: FERNET BRANCA 0,70L | W18: =1+2 | X18: 14.64 | Y18: 0.04 | Z18: =(W18*X18)-((W18*X18)*Y18)
B19: GIN PUERTO INDIAS FRESA 0,70 | C19: 3 | D19: 13.73 | E19: 0.04 | F19: =(C19*D19)-((C19*D19)*E19) | L19: MARTINI ROJO 1L (regalo) | M19: 1 | N19: 8.36 | O19: 1 | P19: =(M19*N19)-((M19*N19)*O19) | V19: SAINT GERMAIN | W19: 1 | X19: 23.93 | Y19: 0.04 | Z19: =(W19*X19)-((W19*X19)*Y19)
B20: HAVANA 7 AÑOS NR | C20: 6 | D20: 18.81 | E20: 0.04 | F20: =(C20*D20)-((C20*D20)*E20) | L20: MARTINI BLANCO 1L | M20: 2 | N20: 8.36 | O20: 0.04 | P20: =(M20*N20)-((M20*N20)*O20) | V20: MAESTRO DOBEL DIAMANTE REPOSADO 0.70 | W20: 3 | X20: 55.17 | Y20: 0.04 | Z20: =(W20*X20)-((W20*X20)*Y20)
B21: HIERBAS 3 LITROS BEREMOT | C21: 1 | D21: 15.1 | E21: 0.04 | F21: =(C21*D21)-((C21*D21)*E21) | L21: CREMA ORUJO 3L MOS DE PAS | M21: 1 | N21: 15.6 | O21: 0.04 | P21: =(M21*N21)-((M21*N21)*O21) | V21: SERVICIOS LOGISTICOS | W21: =1+1+1 | X21: 1 | Y21: 0 | Z21: =(W21*X21)-((W21*X21)*Y21)
B22: J. WALKER NEGRA 0,70L NR | C22: 12 | D22: 22.31 | E22: 0.04 | F22: =(C22*D22)-((C22*D22)*E22) | L22: PACHARAN 3L MOS DE PAS | M22: 1 | N22: 14.57 | O22: 0.04 | P22: =(M22*N22)-((M22*N22)*O22) | V22: RED BULL SANDIA 24U (sin cargo) | W22: 1 | X22: 38.4 | Y22: 1 | Z22: =(W22*X22)-((W22*X22)*Y22)
B23: J. WALKER RED 0,70L NR | C23: 21 | D23: 11.96 | E23: 0.04 | F23: =(C23*D23)-((C23*D23)*E23) | L23: HIERBAS 3L MOS DE PAS | M23: 1 | N23: 15.1 | O23: 0.04 | P23: =(M23*N23)-((M23*N23)*O23) | V23: RED BULL 24U | W23: 2 | X23: 38.4 | Y23: 0.04 | Z23: =(W23*X23)-((W23*X23)*Y23)
B24: JOSE CUERVO ESPECIAL 0,7L NR | C24: 5 | D24: 13.66 | E24: 0.04 | F24: =(C24*D24)-((C24*D24)*E24) | L24: LIMONCELO DE 3L BEREMOT | M24: 1 | N24: 15.96 | O24: 0.04 | P24: =(M24*N24)-((M24*N24)*O24) | V24: FIREBALL 0.70 | W24: 2 | X24: 10.82 | Y24: 0.04 | Z24: =(W24*X24)-((W24*X24)*Y24)
B25: JOSE CUERVO SILVER 0.7 | C25: 5 | D25: 12.68 | E25: 0.04 | F25: =(C25*D25)-((C25*D25)*E25) | L25: RED BULL 24U | M25: 2 | N25: 38.4 | O25: 0.04 | P25: =(M25*N25)-((M25*N25)*O25) | V25: SEAGRAMS 0,0 0,70L | W25: 2 | X25: 12.99 | Y25: 0.04 | Z25: =(W25*X25)-((W25*X25)*Y25)
B26: LARIOS 1L NR | C26: 2 | D26: 10.32 | E26: 0.04 | F26: =(C26*D26)-((C26*D26)*E26) | L26: RED BULL 24U (regalo) | M26: 1 | N26: 38.4 | O26: 1 | P26: =(M26*N26)-((M26*N26)*O26) | V26: APEROL LITRO | W26: 2 | X26: 11.17 | Y26: 0.04 | Z26: =(W26*X26)-((W26*X26)*Y26)
B27: LARIOS ESPECIAL 12 NR | C27: 6 | D27: 12.12 | E27: 0.04 | F27: =(C27*D27)-((C27*D27)*E27) | L27: RED BULL LIGHT 24U | M27: 2 | N27: 38.4 | O27: 0.04 | P27: =(M27*N27)-((M27*N27)*O27) | V27: CINZANO PROSECCO SPRITZ | W27: =6+6 | X27: 5.03 | Y27: 0.04 | Z27: =(W27*X27)-((W27*X27)*Y27)
B28: LICOR CAFÉ QUEMEIRAS 3L | C28: 1 | D28: 14.57 | E28: 0.04 | F28: =(C28*D28)-((C28*D28)*E28) | L28: RED BULL LIGHT 24U (regalo) | M28: 1 | N28: 38.4 | O28: 1 | P28: =(M28*N28)-((M28*N28)*O28) | V28: CREMA ORUJO 3L MOS DE PAS | W28: =2+1 | X28: 15.6 | Y28: 0.04 | Z28: =(W28*X28)-((W28*X28)*Y28)
B29: MACALLAN 12 | C29: 3 | D29: 56.01 | E29: 0.04 | F29: =(C29*D29)-((C29*D29)*E29) | V29: BACARDI 1L NR | W29: 2 | X29: 13.69 | Y29: 0.04 | Z29: =(W29*X29)-((W29*X29)*Y29)
B30: MAESTRO DOBEL DIAMANTE REPOSADO 0.70 | C30: 2 | D30: 55.17 | E30: 0.04 | F30: =(C30*D30)-((C30*D30)*E30) | V30: RED BULL SANDIA 24U | W30: 2 | X30: 38.4 | Y30: 0.04 | Z30: =(W30*X30)-((W30*X30)*Y30)
B31: RON BARCELO 0,70L NR | C31: 12 | D31: 12.1 | E31: 0.04 | F31: =(C31*D31)-((C31*D31)*E31) | V31: SEAGRAMS 0,70L NR | W31: 18 | X31: 13.38 | Y31: 0.04 | Z31: =(W31*X31)-((W31*X31)*Y31)
B32: RUINART BLANC DE BLANC 0,75 | C32: 6 | D32: 72.48 | E32: 0.04 | F32: =(C32*D32)-((C32*D32)*E32) | V32: PETRONI APERITIVO 1L (sin cargo) | W32: 1 | X32: 10.3 | Y32: 1 | Z32: =(W32*X32)-((W32*X32)*Y32)
B33: SANTA TERESA G.RVA 0,70L | C33: 3 | D33: 11.35 | E33: 0.04 | F33: =(C33*D33)-((C33*D33)*E33) | V33: TEQUILA OLMECA REPOSADO 0.70 (sin cargo) | W33: 1 | X33: 10.42 | Y33: 1 | Z33: =(W33*X33)-((W33*X33)*Y33)
B34: SEAGRAMS 0,70L NR | C34: =24+12 | D34: 13.38 | E34: 0.04 | F34: =(C34*D34)-((C34*D34)*E34) | V34: HAVANA ORIGEN 0.70 (sin cargo) | W34: 1 | X34: 10.45 | Y34: 1 | Z34: =(W34*X34)-((W34*X34)*Y34)
B35: SERVICIOS LOGISTICOS | C35: 5 | D35: 1 | E35: 0 | F35: =(C35*D35)-((C35*D35)*E35) | V35: RON BARCELO 0,70L NR | W35: 12 | X35: 12.6 | Y35: 0.04 | Z35: =(W35*X35)-((W35*X35)*Y35)
B36: LIMONCELO DE 3L BEREMOT | C36: 2 | D36: 15.96 | E36: 0.04 | F36: =(C36*D36)-((C36*D36)*E36) | V36: GIN NORDÉS 0,70L | W36: 2 | X36: 19.9 | Y36: 0.04 | Z36: =(W36*X36)-((W36*X36)*Y36)
B37: MARTINI ROJO 1L | C37: 2 | D37: 8.36 | E37: 0.04 | F37: =(C37*D37)-((C37*D37)*E37) | V37: JAMESON 0,70L | W37: 2 | X37: 14.48 | Y37: 0.04 | Z37: =(W37*X37)-((W37*X37)*Y37)
B38: RON BARCELO IMPERIAL 0,70L | C38: 1 | D38: 24 | E38: 0.04 | F38: =(C38*D38)-((C38*D38)*E38) | V38: GIN MARTIN MILLERS 0,70L | W38: 2 | X38: 18.66 | Y38: 0.04 | Z38: =(W38*X38)-((W38*X38)*Y38)
B39: RED BULL 24U | C39: 1 | D39: 38.4 | E39: 0.25 | F39: =(C39*D39)-((C39*D39)*E39) | V39: AGT 3L MOS DE PAS | W39: 1 | X39: 19.98 | Y39: 0.04 | Z39: =(W39*X39)-((W39*X39)*Y39)

Sheet _____TOMATERIA CEA
B2: 46204 | L2: 46235 | V2: 46266
H4: TOTAL | I4: =SUM(F6:F300) | R4: TOTAL | S4: =SUM(P6:P300) | AB4: TOTAL | AC4: =SUM(Z6:Z300)
B5: PRODUCTO | C5: UNIDADES | D5: PRECIO | E5: DTO | F5: TOTAL | H5: ALBARANES | I5: =SUM(I9:I300) | L5: PRODUCTO | M5: UNIDADES | N5: PRECIO | O5: DTO | P5: TOTAL | R5: ALBARANES | S5: =SUM(S9:S300) | V5: PRODUCTO | W5: UNIDADES | X5: PRECIO | Y5: DTO | Z5: TOTAL | AB5: ALBARANES | AC5: =SUM(AC9:AC300)
B6: RAF IBERICO | C6: =6+10.5+6.085+10+10.075+6+6.53+6.035+6+6+6.2+6+6+6.07 | D6: 6 | E6: 0 | F6: =(C6*D6)-((C6*D6)*E6) | H6: DIFERENCIA | I6: =I5-I4 | L6: RAF IBERICO | M6: =11.025+8.085 | N6: 6 | O6: 0 | P6: =(M6*N6)-((M6*N6)*O6) | R6: DIFERENCIA | S6: =S5-S4 | V6: RAF IBERICO | W6: =6.1+8.1+6.3+7+6.2+6.2+6.6+6.2+6.2+6.6+10.2+6.3+6+12.7+6.2 | X6: 6.5 | Y6: 0 | Z6: =(W6*X6)-((W6*X6)*Y6) | AB6: DIFERENCIA | AC6: =AC5-AC4
L7: RAF IBERICO | M7: =8.16+3.13+8+6+6.3 | N7: 6.5 | O7: 0 | P7: =(M7*N7)-((M7*N7)*O7) | V7: TOMATE MAR AZUL | W7: 8.2 | X7: 6.5 | Y7: 0 | Z7: =(W7*X7)-((W7*X7)*Y7)
H8: Nº ALBARÁN | I8: BASE | J8: % IVA | R8: Nº ALBARÁN | S8: BASE | T8: % IVA | AB8: Nº ALBARÁN | AC8: BASE | AD8: % IVA
H9: 11/07/2026 | I9: 36 | J9: 0.04 | R9: 01/08/2026 | S9: 66.15 | T9: 0.04 | AB9: 01/09/2026 | AC9: 39.65 | AD9: 0.04
H10: 09/07/2026 | I10: 63 | J10: 0.04 | R10: 05/08/2026 | S10: 48.51 | T10: 0.04 | AB10: 04/09/2026 | AC10: 52.65 | AD10: 0.04
H11: 08/07/2026 | I11: 36.51 | J11: 0.04 | R11: 18/08/2026 | S11: 53.04 | T11: 0.04 | AB11: 05/09/2026 | AC11: 40.95 | AD11: 0.04
H12: 04/07/2026 | I12: 60 | J12: 0.04 | R12: 24/08/2026 | S12: 20.35 | T12: 0.04 | AB12: 08/09/2026 | AC12: 45.5 | AD12: 0.04
H13: 03/07/2026 | I13: 60.45 | J13: 0.04 | R13: 25/08/2026 | S13: 52 | T13: 0.04 | AB13: 10/09/2026 | AC13: 40.3 | AD13: 0.04
H14: 19/07/1902 | I14: 36 | J14: 0.04 | R14: 27/08/2026 | S14: 39 | T14: 0.04 | AB14: 11/09/2026 | AC14: 40.3 | AD14: 0.04
H15: 24/07/2026 | I15: 39.18 | J15: 0.04 | R15: 29/08/2026 | S15: 40.95 | T15: 0.04 | AB15: 12/09/2026 | AC15: 42.9 | AD15: 0.04
H16: 23/07/2026 | I16: 36.21 | J16: 0.04 | AB16: 16/09/2026 | AC16: 40.3 | AD16: 0.04
H17: 21/07/2026 | I17: 36 | J17: 0.04 | AB17: 17/09/2026 | AC17: 40.3 | AD17: 0.04
H18: 18/07/2026 | I18: 36 | J18: 0.04 | AB18: 18/09/2026 | AC18: 42.9 | AD18: 0.04
H19: 16/07/2026 | I19: 37.2 | J19: 0.04 | AB19: 19/09/2026 | AC19: 66.3 | AD19: 0.04
H20: 15/07/2026 | I20: 36 | J20: 0.04 | AB20: 21/09/2026 | AC20: 40.95 | AD20: 0.04
H21: 14/07/2026 | I21: 36 | J21: 0.04 | AB21: 22/09/2026 | AC21: 39 | AD21: 0.04
H22: 30/07/2026 | I22: 36.42 | J22: 0.04 | AB22: 26/09/2026 | AC22: 82.55 | AD22: 0.04
AB23: 28/09/2026 | AC23: 40.3 | AD23: 0.04
AB24: 30/09/2026 | AC24: 53.3 | AD24: 0.04

Sheet _____VENERO CLARO
B2: 46204 | L2: 46235 | V2: 46266
H4: TOTAL | I4: =SUM(F6:F300) | R4: TOTAL | S4: =SUM(P6:P300) | AB4: TOTAL | AC4: =SUM(Z6:Z300)
B5: PRODUCTO | C5: UNIDADES | D5: PRECIO | E5: DTO | F5: TOTAL | H5: ALBARANES | I5: =SUM(I9:I300) | L5: PRODUCTO | M5: UNIDADES | N5: PRECIO | O5: DTO | P5: TOTAL | R5: ALBARANES | S5: =SUM(S9:S300) | V5: PRODUCTO | W5: UNIDADES | X5: PRECIO | Y5: DTO | Z5: TOTAL | AB5: ALBARANES | AC5: =SUM(AC9:AC300)
B6: LOMO VACA VENERO CLARO C/H | C6: 10.4 | D6: 26 | E6: 0 | F6: =(C6*D6)-((C6*D6)*E6) | H6: DIFERENCIA | I6: =I5-I4 | L6: LOMO VACA VENERO CLARO C/H | M6: 10.43 | N6: 26 | O6: 0 | P6: =(M6*N6)-((M6*N6)*O6) | R6: DIFERENCIA | S6: =S5-S4 | V6: LOMO VACA VENERO CLARO C/H | W6: =11.05+10.55+15.16 | X6: 26 | Y6: 0 | Z6: =(W6*X6)-((W6*X6)*Y6) | AB6: DIFERENCIA | AC6: =AC5-AC4
H8: Nº ALBARÁN | I8: BASE | J8: % IVA | R8: Nº ALBARÁN | S8: BASE | T8: % IVA | AB8: Nº ALBARÁN | AC8: BASE | AD8: % IVA
H9: 26VC-1657 | I9: 270.4 | J9: 0.1 | R9: 26VC-1939 | S9: 271.18 | T9: 0.1 | AB9: 26VC-2005 | AC9: 287.3 | AD9: 0.1
AB10: 26VC-2175 | AC10: 274.3 | AD10: 0.1
AB11: 26VC-2279 | AC11: 394.16 | AD11: 0.1

Sheet _____VINS DES DIEUX
B2: 46204 | L2: 46266
H4: TOTAL | I4: =SUM(F6:F300) | R4: TOTAL | S4: =SUM(P6:P300)
B5: PRODUCTO | C5: UNIDADES | D5: PRECIO | E5: DTO | F5: TOTAL | H5: ALBARANES | I5: =SUM(I9:I300) | L5: PRODUCTO | M5: UNIDADES | N5: PRECIO | O5: DTO | P5: TOTAL | R5: ALBARANES | S5: =SUM(S9:S300)
B6: CANTALAPIEDRA CHIVIRITERO 2024 | C6: 12 | D6: 16.9 | E6: 0 | F6: =(C6*D6)-((C6*D6)*E6) | H6: DIFERENCIA | I6: =I5-I4 | L6: CHAMPAGNE CHAVOST BLANC D'ASSEMBLAGE BRUT NATURE | M6: 12 | N6: 30.9 | O6: 0.08 | P6: =(M6*N6)-((M6*N6)*O6) | R6: DIFERENCIA | S6: =S5-S4
L7: CANTALAPIEDRA CHIVIRITERO 2024 | M7: 12 | N7: 16.9 | O7: 0.08 | P7: =(M7*N7)-((M7*N7)*O7)
H8: Nº ALBARÁN | I8: BASE | J8: % IVA | R8: Nº ALBARÁN | S8: BASE | T8: % IVA
H9: A262464 | I9: 202.8 | J9: 0.21 | R9: A262984 | S9: 527.72 | T9: 0.21

Sheet _____VOLDIS
B2: 46204 | L2: 46235 | V2: 46266
H4: TOTAL | I4: =SUM(F6:F300) | R4: TOTAL | S4: =SUM(P6:P300) | AB4: TOTAL | AC4: =SUM(Z6:Z300)
B5: PRODUCTO | C5: UNIDADES | D5: PRECIO | E5: DTO | F5: TOTAL | H5: ALBARANES | I5: =SUM(I9:I300) | L5: PRODUCTO | M5: UNIDADES | N5: PRECIO | O5: DTO | P5: TOTAL | R5: ALBARANES | S5: =SUM(S9:S300) | V5: PRODUCTO | W5: UNIDADES | X5: PRECIO | Y5: DTO | Z5: TOTAL | AB5: ALBARANES | AC5: =SUM(AC9:AC300)
B6: AGUA CON GAS SOLAN DE CABRAS VIDRIO RNR 33CL | C6: 41 | D6: 26.81 | E6: 0.4 | F6: =(C6*D6)-((C6*D6)*E6) | H6: DIFERENCIA | I6: =I5-I4 | L6: TICKET VOLDIS 25/08 (detalle ilegible) base 10% | M6: 1 | N6: 4.38 | O6: 0 | P6: =(M6*N6)-((M6*N6)*O6) | R6: DIFERENCIA | S6: =S5-S4 | V6: AGUA CON GAS SOLAN DE CABRAS VIDRIO RNR 33CL | W6: =7+6+6+7+6+7 | X6: 26.81 | Y6: 0.4 | Z6: =(W6*X6)-((W6*X6)*Y6) | AB6: DIFERENCIA | AC6: =AC5-AC4
B7: AGUA SOLAN DE CABRAS VIDRIO RET 50CL 20U | C7: 49 | D7: 12.3 | E7: 0.4 | F7: =(C7*D7)-((C7*D7)*E7) | L7: TICKET VOLDIS 25/08 (detalle ilegible) base 21% | M7: 1 | N7: 484.47 | O7: 0 | P7: =(M7*N7)-((M7*N7)*O7) | V7: AGUA SOLAN DE CABRAS VIDRIO RET 50CL 20U | W7: =7+6+5+7+10+8 | X7: 12.3 | Y7: 0.4 | Z7: =(W7*X7)-((W7*X7)*Y7)
B8: ALHAMBRA RESERVA 1925 VIDRIO NR 33CL | C8: 14 | D8: 41.92 | E8: 0 | F8: =(C8*D8)-((C8*D8)*E8) | H8: Nº ALBARÁN | I8: BASE | J8: % IVA | L8: TICKET VOLDIS 19/08 (detalle ilegible) base 10% | M8: 1 | N8: 29.52 | O8: 0 | P8: =(M8*N8)-((M8*N8)*O8) | R8: Nº ALBARÁN | S8: BASE | T8: % IVA | V8: ALHAMBRA RESERVA 1925 VIDRIO NR 33CL | W8: =3+3+2+2 | X8: 41.92 | Y8: 0 | Z8: =(W8*X8)-((W8*X8)*Y8) | AB8: Nº ALBARÁN | AC8: BASE | AD8: % IVA
B9: AQUARADE ZERO LIMON VIDRIO RET 35CL | C9: 3 | D9: 33.54 | E9: 0 | F9: =(C9*D9)-((C9*D9)*E9) | H9: 26184 | I9: 75.45 | J9: 0.1 | L9: TICKET VOLDIS 19/08 (detalle ilegible) base 21% | M9: 1 | N9: 262.5 | O9: 0 | P9: =(M9*N9)-((M9*N9)*O9) | R9: AP26-? (25/08) | S9: 4.38 | T9: 0.1 | V9: AQUARADE ZERO LIMON VIDRIO RET 35CL | W9: =1+2+1 | X9: 33.84 | Y9: 0 | Z9: =(W9*X9)-((W9*X9)*Y9) | AB9: AP26-030095 | AC9: 164.26 | AD9: 0.1
B10: AQUARADE ZERO NARANJA VIDRIO RET 35CL | C10: 2 | D10: 33.84 | E10: 0 | F10: =(C10*D10)-((C10*D10)*E10) | H10: 26184 | I10: 68.41 | J10: 0.21 | R10: AP26-? (25/08) | S10: 484.47 | T10: 0.21 | V10: AQUARADE ZERO NARANJA VIDRIO RET 35CL | W10: 1 | X10: 33.84 | Y10: 0 | Z10: =(W10*X10)-((W10*X10)*Y10) | AB10: AP26-030095 | AC10: 1085.51 | AD10: 0.21
B11: ENVASES MAHOU CAJA RET 33CL 24U | C11: -6 | D11: 1 | E11: 0 | F11: =(C11*D11)-((C11*D11)*E11) | H11: 23129 | I11: 156.75 | J11: 0.1 | R11: AP26-? (19/08) | S11: 29.52 | T11: 0.1 | V11: LIPTON ZERO LIMON VIDRIO RET 35CL CAJA 24U | W11: =1+2+1 | X11: 32.88 | Y11: 0 | Z11: =(W11*X11)-((W11*X11)*Y11) | AB11: AP26-030104 (ABONO) | AC11: -30 | AD11: 0.21
B12: ENVASES MAHOU VIDRIO RET 33CL | C12: -144 | D12: 0.070833333 | E12: 0 | F12: =(C12*D12)-((C12*D12)*E12) | H12: 23129 | I12: 598.88 | J12: 0.21 | R12: AP26-? (19/08) | S12: 262.5 | T12: 0.21 | V12: MAHOU 5 ESTRELLAS VIDRIO RET 33CL CAJA 24U | W12: =4+3+4+3 | X12: 31.27 | Y12: 0 | Z12: =(W12*X12)-((W12*X12)*Y12) | AB12: AP26-030112 | AC12: 98.44 | AD12: 0.21
B13: ENVASES MSM TANQUETA RET 10L | C13: 3 | D13: 20 | E13: 0 | F13: =(C13*D13)-((C13*D13)*E13) | H13: 24440 | I13: 184.27 | J13: 0.21 | V13: MAHOU SIN BARRIL RET 10L | W13: =5+2+3+3 | X13: 46.21 | Y13: 0 | Z13: =(W13*X13)-((W13*X13)*Y13) | AB13: AP26-030577 | AC13: 140.8 | AD13: 0.1
B14: ENVASES PEPSI KAS CAJA RET 35CL 24U | C14: -8 | D14: 3.14 | E14: 0 | F14: =(C14*D14)-((C14*D14)*E14) | H14: 24355 | I14: 180.34 | J14: 0.1 | V14: SCHWEPPES SELECTION GINGER BEER VIDRIO NR 20CL | W14: =1+1 | X14: 23.28 | Y14: 0 | Z14: =(W14*X14)-((W14*X14)*Y14) | AB14: AP26-030577 | AC14: 345.47 | AD14: 0.21
B15: ENVASES PEPSI KAS VIDRIO RET 35CL | C15: =-72-72-48 | D15: 0.14 | E15: 0 | F15: =(C15*D15)-((C15*D15)*E15) | H15: 24355 | I15: 1256.82 | J15: 0.21 | V15: SCHWEPPES TONICA VIDRIO RET 20CL CAJA 28U | W15: =10+6+7 | X15: 31.92 | Y15: 0 | Z15: =(W15*X15)-((W15*X15)*Y15) | AB15: AP26-030879 | AC15: 133.42 | AD15: 0.1
B16: ENVASES SCH CAJA RET 20CL 28U | C16: -4 | D16: 2.4 | E16: 0 | F16: =(C16*D16)-((C16*D16)*E16) | H16: 24723 | I16: 26.52 | J16: 0.1 | V16: SEVEN UP ZERO AXL VIDRIO RET 20CL | W16: =5+4 | X16: 23.28 | Y16: 0 | Z16: =(W16*X16)-((W16*X16)*Y16) | AB16: AP26-030879 | AC16: 744.67 | AD16: 0.21
B17: ENVASES SCHWEPPES VIDRIO RET 20CL | C17: =-224+56-56+112 | D17: =0.1 | E17: 0 | F17: =(C17*D17)-((C17*D17)*E17) | H17: 24723 | I17: 547.04 | J17: 0.21 | V17: SCHWEPPES LIMON LOW CAL VIDRIO RET 20CL | W17: 2 | X17: 26.04 | Y17: 0 | Z17: =(W17*X17)-((W17*X17)*Y17) | AB17: AP26-031592 | AC17: 194.17 | AD17: 0.1
B18: ENVASES SEVEN UP CAJA RET 20CL | C18: 0 | D18: 2.4 | E18: 0 | F18: =(C18*D18)-((C18*D18)*E18) | H18: 25203 | I18: 148.18 | J18: 0.1 | V18: ENVASES SCHWEPPES VIDRIO RET 20CL | W18: =-56+-168+-84 | X18: 0.1 | Y18: 0 | Z18: =(W18*X18)-((W18*X18)*Y18) | AB18: AP26-031592 | AC18: 924.39 | AD18: 0.21
B19: ENVASES SEVEN UP VIDRIO RET 30CL | C19: 0 | D19: 0.1 | E19: 0 | F19: =(C19*D19)-((C19*D19)*E19) | H19: 25203 | I19: 994.47 | J19: 0.21 | V19: ENVASES SCH CAJA RET 20CL 28U | W19: =-2+-6+-3 | X19: 2.4 | Y19: 0 | Z19: =(W19*X19)-((W19*X19)*Y19) | AB19: AP26-032005 | AC19: 251.41 | AD19: 0.1
B20: ENVASES SOLAN DE CABRAS CAJA RET 50CL | C20: -7 | D20: 3.31 | E20: 0 | F20: =(C20*D20)-((C20*D20)*E20) | H20: 23640 | I20: 202.48 | J20: 0.1 | V20: CARGO LOGISTICO (CLA) | W20: =1+1 | X20: 2.5 | Y20: 0 | Z20: =(W20*X20)-((W20*X20)*Y20) | AB20: AP26-032005 | AC20: 380.47 | AD20: 0.21
B21: ENVASES SOLAN DE CABRAS VIDRIO RET 50CL | C21: -140 | D21: 0.24 | E21: 0 | F21: =(C21*D21)-((C21*D21)*E21) | H21: 23640 | I21: 677.79 | J21: 0.21 | V21: ENVASES MSM BARRIL RET 50L (devolución) | W21: -1 | X21: 30 | Y21: 0 | Z21: =(W21*X21)-((W21*X21)*Y21) | AB21: AP26-032600 | AC21: 144.78 | AD21: 0.1
B22: LA CASERA GASEOSA PET 1L CAJA 12U | C22: 3 | D22: 21.48 | E22: 0 | F22: =(C22*D22)-((C22*D22)*E22) | H22: 25801 | I22: 171.64 | J22: 0.1 | V22: LA CASERA LIMON PET 1L CAJA 12U | W22: =4+3+3+2+2+3 | X22: 24.61 | Y22: 0 | Z22: =(W22*X22)-((W22*X22)*Y22) | AB22: AP26-032600 | AC22: 864.27 | AD22: 0.21
B23: LA CASERA LIMON PET 1L CAJA 12U | C23: 17 | D23: 24.61 | E23: 0 | F23: =(C23*D23)-((C23*D23)*E23) | H23: 25801 | I23: 1257.42 | J23: 0.21 | V23: LA CASERA GASEOSA PET 50CL CAJA 12U | W23: =1+3+2+3 | X23: 15.96 | Y23: 0 | Z23: =(W23*X23)-((W23*X23)*Y23)
B24: LIPTON ZERO LIMON VIDRIO RET 35CL CAJA 24U | C24: 5 | D24: 32.88 | E24: 0 | F24: =(C24*D24)-((C24*D24)*E24) | V24: MAHOU 0,0 TOSTADA VIDRIO RET 33CL | W24: =3+2+2+2 | X24: 38.3 | Y24: 0 | Z24: =(W24*X24)-((W24*X24)*Y24)
B25: MAHOU 0,0 TOSTADA VIDRIO RET 33CL | C25: 9 | D25: 38.3 | E25: 0 | F25: =(C25*D25)-((C25*D25)*E25) | V25: MAHOU 5 ESTRELLAS SIN GLUTEN VIDRIO NR 33CL | W25: =3+4+4+3 | X25: 45.52 | Y25: 0 | Z25: =(W25*X25)-((W25*X25)*Y25)
B26: MAHOU 5 ESTRELLAS SIN GLUTEN VIDRIO NR 33CL | C26: 21 | D26: 45.52 | E26: 0 | F26: =(C26*D26)-((C26*D26)*E26) | V26: SCHWEPPES GINGER ALE LOW CAL VIDRIO RET 20CL CAJA 28 U | W26: 1 | X26: 31.92 | Y26: 0 | Z26: =(W26*X26)-((W26*X26)*Y26)
B27: MAHOU 5 ESTRELLAS VIDRIO RET 33CL CAJA 24U | C27: 20 | D27: 31.26 | E27: 0 | F27: =(C27*D27)-((C27*D27)*E27) | V27: CARGO LOGISTICO (CLA) | W27: =1+1+1+1 | X27: 3.5 | Y27: 0 | Z27: =(W27*X27)-((W27*X27)*Y27)
B28: MAHOU SIN BARRIL RET 10L | C28: 15 | D28: 46.21 | E28: 0 | F28: =(C28*D28)-((C28*D28)*E28) | V28: ZUMO VIDA MELOCOTON VIDRIO NR 20CL | W28: 1 | X28: 29.91 | Y28: 0 | Z28: =(W28*X28)-((W28*X28)*Y28)
B29: SCHWEPPES LIMON LOW CAL VIDRIO RET 20CL | C29: 7 | D29: 26.04 | E29: 0 | F29: =(C29*D29)-((C29*D29)*E29) | V29: ZUMO VIDA TOMATE VIDRIO NR 20CL | W29: =1+1 | X29: 29.91 | Y29: 0 | Z29: =(W29*X29)-((W29*X29)*Y29)
B30: SCHWEPPES NARANJA LOW CAL VIDRIO RET 20CL | C30: 1 | D30: 26.04 | E30: 0 | F30: =(C30*D30)-((C30*D30)*E30) | V30: SCHWEPPES NARANJA LOW CAL VIDRIO RET 20CL | W30: 1 | X30: 26.04 | Y30: 0 | Z30: =(W30*X30)-((W30*X30)*Y30)
B31: SCHWEPPES TONICA VIDRIO RET 20CL CAJA 28U | C31: 31 | D31: 31.92 | E31: 0 | F31: =(C31*D31)-((C31*D31)*E31) | V31: ENVASES SOLAN DE CABRAS VIDRIO RET 50CL | W31: =200+-140 | X31: 0.24 | Y31: 0 | Z31: =(W31*X31)-((W31*X31)*Y31)
B32: SEVEN UP ZERO AXL VIDRIO RET 20CL | C32: 12 | D32: 23.28 | E32: 0 | F32: =(C32*D32)-((C32*D32)*E32) | V32: ENVASES SOLAN DE CABRAS CAJA RET 50CL | W32: =10+-7 | X32: 3.3067 | Y32: 0 | Z32: =(W32*X32)-((W32*X32)*Y32)
B33: ZUMO VIDA PIÑA VIDRIO NR 20CL | C33: 1 | D33: 29.91 | E33: 0 | F33: =(C33*D33)-((C33*D33)*E33) | V33: ZUMO VIDA NARANJA VIDRIO NR 20CL | W33: 1 | X33: 29.91 | Y33: 0 | Z33: =(W33*X33)-((W33*X33)*Y33)
B34: ZUMO VIDA RARANJA VIDRIO NR 20CL | C34: 1 | D34: 29.91 | E34: 0 | F34: =(C34*D34)-((C34*D34)*E34) | V34: ENVASES MAHOU VIDRIO RET 33CL | W34: 48 | X34: 0.0708 | Y34: 0 | Z34: =(W34*X34)-((W34*X34)*Y34)
B35: SCHWEPPES GINGER ALE LOW CAL VIDRIO RET 20CL CAJA 28 U | C35: 1 | D35: 31.92 | E35: 0 | F35: =(C35*D35)-((C35*D35)*E35) | V35: ENVASES MAHOU CAJA RET 33CL 24U | W35: 2 | X35: 1 | Y35: 0 | Z35: =(W35*X35)-((W35*X35)*Y35)
B36: IMPORTES SUELTOS SIN DESCRIPCIÓN (venían así en la hoja) | C36: 1 | D36: =2.95+2.04+3.95+2.98-0.38+3.31+2.95+2.98 | E36: 0 | F36: =(C36*D36)-((C36*D36)*E36) | V36: ENVASES MSM TANQUETA RET 10L | W36: 1 | X36: 20 | Y36: 0 | Z36: =(W36*X36)-((W36*X36)*Y36)
V37: ENVASES PEPSI KAS VIDRIO RET 35CL | W37: -24 | X37: 0.14 | Y37: 0 | Z37: =(W37*X37)-((W37*X37)*Y37)
V38: ENVASES PEPSI KAS CAJA RET 35CL 24U | W38: -1 | X38: 3.14 | Y38: 0 | Z38: =(W38*X38)-((W38*X38)*Y38)
