Workbook

Sheet RESUMEN AGOSTO
B2: RESUMEN DE COMPRAS · AGOSTO 2026
B3: LA MINA DE CHAMARTÍN
B4: Todo se calcula desde la hoja TOTAL AGOSTO. La columna de julio es el importe fijo del Excel de julio.
B6: BASE IMPONIBLE | D6: CUOTA IVA | F6: TOTAL CON IVA
B7: =SUM('TOTAL AGOSTO'!D4:D2000) -> 24271.19 | D7: =SUM('TOTAL AGOSTO'!F4:F2000)-SUM('TOTAL AGOSTO'!D4:D2000) -> 2945.2262 | F7: =SUM('TOTAL AGOSTO'!F4:F2000) -> 27216.416
B9: Nº ALBARANES | D9: Nº PROVEEDORES | F9: CUADRES A REVISAR
B10: =COUNTIF('TOTAL AGOSTO'!B4:B2000,"?*") -> 131 | D10: =SUMPRODUCT(('TOTAL AGOSTO'!B4:B2000<>"")/COUNTIF('TOTAL AGOSTO'!B4:B2000,'TOTAL AGOSTO'!B4:B2000&"")) -> 29 | F10: =COUNTIF('CUADRE ALBARANES'!H:H,"REVISAR") -> 3
B12: BASE AL 4% DE IVA | D12: BASE AL 10% DE IVA | F12: BASE AL 21% DE IVA
B13: =SUMIF('TOTAL AGOSTO'!$E$4:$E$2000,0.04,'TOTAL AGOSTO'!$D$4:$D$2000) -> 1675.07 | D13: =SUMIF('TOTAL AGOSTO'!$E$4:$E$2000,0.1,'TOTAL AGOSTO'!$D$4:$D$2000) -> 16972.38 | F13: =SUMIF('TOTAL AGOSTO'!$E$4:$E$2000,0.21,'TOTAL AGOSTO'!$D$4:$D$2000) -> 5623.74
B16: COMPRAS POR PROVEEDOR
B17: PROVEEDOR | C17: Nº ALB. | D17: BASE AGOSTO | E17: % DEL MES | F17: BASE JULIO | G17: DIF. € | H17: DIF. %
B18: PESCARUM | C18: =COUNTIF('TOTAL AGOSTO'!$B$4:$B$2000,B18) -> 13 | D18: =SUMIF('TOTAL AGOSTO'!$B$4:$B$2000,B18,'TOTAL AGOSTO'!$D$4:$D$2000) -> 5112.89 | E18: =IF($D$56=0,0,D18/$D$56) -> 0.21065675 | F18: 10740.83 | G18: =IF(F18="","",D18-F18) -> -5627.94 | H18: =IF(OR(F18="",N(F18)=0),"",D18/F18-1) -> -0.52397627
B19: MUNDELA | C19: =COUNTIF('TOTAL AGOSTO'!$B$4:$B$2000,B19) -> 4 | D19: =SUMIF('TOTAL AGOSTO'!$B$4:$B$2000,B19,'TOTAL AGOSTO'!$D$4:$D$2000) -> 1920.54 | E19: =IF($D$56=0,0,D19/$D$56) -> 0.079128382 | F19: 5092.38 | G19: =IF(F19="","",D19-F19) -> -3171.84 | H19: =IF(OR(F19="",N(F19)=0),"",D19/F19-1) -> -0.62286004
B20: MARTIN CANEDA | C20: =COUNTIF('TOTAL AGOSTO'!$B$4:$B$2000,B20) -> 12 | D20: =SUMIF('TOTAL AGOSTO'!$B$4:$B$2000,B20,'TOTAL AGOSTO'!$D$4:$D$2000) -> 1617.8 | E20: =IF($D$56=0,0,D20/$D$56) -> 0.066655158 | F20: 3561.4 | G20: =IF(F20="","",D20-F20) -> -1943.6 | H20: =IF(OR(F20="",N(F20)=0),"",D20/F20-1) -> -0.54574044
B21: DIST. TENA MTNEZ | C21: =COUNTIF('TOTAL AGOSTO'!$B$4:$B$2000,B21) -> 3 | D21: =SUMIF('TOTAL AGOSTO'!$B$4:$B$2000,B21,'TOTAL AGOSTO'!$D$4:$D$2000) -> 1320.36 | E21: =IF($D$56=0,0,D21/$D$56) -> 0.054400299 | F21: 3131.64 | G21: =IF(F21="","",D21-F21) -> -1811.28 | H21: =IF(OR(F21="",N(F21)=0),"",D21/F21-1) -> -0.57838066
B22: AGROFOOD | C22: =COUNTIF('TOTAL AGOSTO'!$B$4:$B$2000,B22) -> 3 | D22: =SUMIF('TOTAL AGOSTO'!$B$4:$B$2000,B22,'TOTAL AGOSTO'!$D$4:$D$2000) -> 1199.46 | E22: =IF($D$56=0,0,D22/$D$56) -> 0.049419085 | F22: 4059.72 | G22: =IF(F22="","",D22-F22) -> -2860.26 | H22: =IF(OR(F22="",N(F22)=0),"",D22/F22-1) -> -0.70454613
B23: AGMASFOOD | C23: =COUNTIF('TOTAL AGOSTO'!$B$4:$B$2000,B23) -> 10 | D23: =SUMIF('TOTAL AGOSTO'!$B$4:$B$2000,B23,'TOTAL AGOSTO'!$D$4:$D$2000) -> 1125.19 | E23: =IF($D$56=0,0,D23/$D$56) -> 0.046359078 | F23: 1122.99 | G23: =IF(F23="","",D23-F23) -> 2.2 | H23: =IF(OR(F23="",N(F23)=0),"",D23/F23-1) -> 0.0019590557
B24: CONS. Y SAL. JIMENEZ | C24: =COUNTIF('TOTAL AGOSTO'!$B$4:$B$2000,B24) -> 2 | D24: =SUMIF('TOTAL AGOSTO'!$B$4:$B$2000,B24,'TOTAL AGOSTO'!$D$4:$D$2000) -> 1061.59 | E24: =IF($D$56=0,0,D24/$D$56) -> 0.043738688 | F24: 3739.92 | G24: =IF(F24="","",D24-F24) -> -2678.33 | H24: =IF(OR(F24="",N(F24)=0),"",D24/F24-1) -> -0.71614633
B25: MAGOASE | C25: =COUNTIF('TOTAL AGOSTO'!$B$4:$B$2000,B25) -> 8 | D25: =SUMIF('TOTAL AGOSTO'!$B$4:$B$2000,B25,'TOTAL AGOSTO'!$D$4:$D$2000) -> 930.8 | E25: =IF($D$56=0,0,D25/$D$56) -> 0.038349994 | F25: 1815.6 | G25: =IF(F25="","",D25-F25) -> -884.8 | H25: =IF(OR(F25="",N(F25)=0),"",D25/F25-1) -> -0.48733201
B26: CRNAS SERVAN | C26: =COUNTIF('TOTAL AGOSTO'!$B$4:$B$2000,B26) -> 9 | D26: =SUMIF('TOTAL AGOSTO'!$B$4:$B$2000,B26,'TOTAL AGOSTO'!$D$4:$D$2000) -> 890.28 | E26: =IF($D$56=0,0,D26/$D$56) -> 0.036680525 | F26: 1086.03 | G26: =IF(F26="","",D26-F26) -> -195.75 | H26: =IF(OR(F26="",N(F26)=0),"",D26/F26-1) -> -0.18024364
B27: VOLDIS | C27: =COUNTIF('TOTAL AGOSTO'!$B$4:$B$2000,B27) -> 4 | D27: =SUMIF('TOTAL AGOSTO'!$B$4:$B$2000,B27,'TOTAL AGOSTO'!$D$4:$D$2000) -> 780.87 | E27: =IF($D$56=0,0,D27/$D$56) -> 0.032172712 | F27: 6546.46 | G27: =IF(F27="","",D27-F27) -> -5765.59 | H27: =IF(OR(F27="",N(F27)=0),"",D27/F27-1) -> -0.88071874
B28: CRUSTAPESCA | C28: =COUNTIF('TOTAL AGOSTO'!$B$4:$B$2000,B28) -> 10 | D28: =SUMIF('TOTAL AGOSTO'!$B$4:$B$2000,B28,'TOTAL AGOSTO'!$D$4:$D$2000) -> 772 | E28: =IF($D$56=0,0,D28/$D$56) -> 0.031807258 | F28: 1970.46 | G28: =IF(F28="","",D28-F28) -> -1198.46 | H28: =IF(OR(F28="",N(F28)=0),"",D28/F28-1) -> -0.60821331
B29: SUBMARINER | C29: =COUNTIF('TOTAL AGOSTO'!$B$4:$B$2000,B29) -> 2 | D29: =SUMIF('TOTAL AGOSTO'!$B$4:$B$2000,B29,'TOTAL AGOSTO'!$D$4:$D$2000) -> 712.94 | E29: =IF($D$56=0,0,D29/$D$56) -> 0.02937392 | F29: 3291.32 | G29: =IF(F29="","",D29-F29) -> -2578.38 | H29: =IF(OR(F29="",N(F29)=0),"",D29/F29-1) -> -0.78338782
... B33: PEÑALASTALLAS | C33: =COUNTIF('TOTAL AGOSTO'!$B$4:$B$2000,B33) -> 4 | D33: =SUMIF('TOTAL AGOSTO'!$B$4:$B$2000,B33,'TOTAL AGOSTO'!$D$4:$D$2000) -> 519.69 | E33: =IF($D$56=0,0,D33/$D$56) -> 0.021411806 | F33: 1568.32 | G33: =IF(F33="","",D33-F33) -> -1048.63 | H33: =IF(OR(F33="",N(F33)=0),"",D33/F33-1) -> -0.66863268
B34: JC MACKINTOSH | C34: =COUNTIF('TOTAL AGOSTO'!$B$4:$B$2000,B34) -> 2 | D34: =SUMIF('TOTAL AGOSTO'!$B$4:$B$2000,B34,'TOTAL AGOSTO'!$D$4:$D$2000) -> 516 | E34: =IF($D$56=0,0,D34/$D$56) -> 0.021259773 | G34: =IF(F34="","",D34-F34) | H34: =IF(OR(F34="",N(F34)=0),"",D34/F34-1)
B35: COCACOLA | C35: =COUNTIF('TOTAL AGOSTO'!$B$4:$B$2000,B35) -> 4 | D35: =SUMIF('TOTAL AGOSTO'!$B$4:$B$2000,B35,'TOTAL AGOSTO'!$D$4:$D$2000) -> 457.72 | E35: =IF($D$56=0,0,D35/$D$56) -> 0.018858573 | F35: 2124.02 | G35: =IF(F35="","",D35-F35) -> -1666.3 | H35: =IF(OR(F35="",N(F35)=0),"",D35/F35-1) -> -0.78450297
B36: ENRIQUE CAMPS | C36: =COUNTIF('TOTAL AGOSTO'!$B$4:$B$2000,B36) -> 2 | D36: =SUMIF('TOTAL AGOSTO'!$B$4:$B$2000,B36,'TOTAL AGOSTO'!$D$4:$D$2000) -> 432 | E36: =IF($D$56=0,0,D36/$D$56) -> 0.01779888 | F36: 1189 | G36: =IF(F36="","",D36-F36) -> -757 | H36: =IF(OR(F36="",N(F36)=0),"",D36/F36-1) -> -0.63666947
B37: MANUEL AMBRES | C37: =COUNTIF('TOTAL AGOSTO'!$B$4:$B$2000,B37) -> 1 | D37: =SUMIF('TOTAL AGOSTO'!$B$4:$B$2000,B37,'TOTAL AGOSTO'!$D$4:$D$2000) -> 425 | E37: =IF($D$56=0,0,D37/$D$56) -> 0.017510472 | F37: 904.82 | G37: =IF(F37="","",D37-F37) -> -479.82 | H37: =IF(OR(F37="",N(F37)=0),"",D37/F37-1) -> -0.53029332
B38: CONS. SELEC. SANTO | C38: =COUNTIF('TOTAL AGOSTO'!$B$4:$B$2000,B38) -> 1 | D38: =SUMIF('TOTAL AGOSTO'!$B$4:$B$2000,B38,'TOTAL AGOSTO'!$D$4:$D$2000) -> 382.59 | E38: =IF($D$56=0,0,D38/$D$56) -> 0.015763133 | F38: 705.24 | G38: =IF(F38="","",D38-F38) -> -322.65 | H38: =IF(OR(F38="",N(F38)=0),"",D38/F38-1) -> -0.45750383
B39: DELIPAN | C39: =COUNTIF('TOTAL AGOSTO'!$B$4:$B$2000,B39) -> 6 | D39: =SUMIF('TOTAL AGOSTO'!$B$4:$B$2000,B39,'TOTAL AGOSTO'!$D$4:$D$2000) -> 381.21 | E39: =IF($D$56=0,0,D39/$D$56) -> 0.015706276 | F39: 1032.66 | G39: =IF(F39="","",D39-F39) -> -651.45 | H39: =IF(OR(F39="",N(F39)=0),"",D39/F39-1) -> -0.63084655
B40: PESCADERIA PALACIO | C40: =COUNTIF('TOTAL AGOSTO'!$B$4:$B$2000,B40) -> 2 | D40: =SUMIF('TOTAL AGOSTO'!$B$4:$B$2000,B40,'TOTAL AGOSTO'!$D$4:$D$2000) -> 369.6 | E40: =IF($D$56=0,0,D40/$D$56) -> 0.015227931 | F40: 1400.16 | G40: =IF(F40="","",D40-F40) -> -1030.56 | H40: =IF(OR(F40="",N(F40)=0),"",D40/F40-1) -> -0.73603017
B41: PATATAS YAGO | C41: =COUNTIF('TOTAL AGOSTO'!$B$4:$B$2000,B41) -> 8 | D41: =SUMIF('TOTAL AGOSTO'!$B$4:$B$2000,B41,'TOTAL AGOSTO'!$D$4:$D$2000) -> 358.9 | E41: =IF($D$56=0,0,D41/$D$56) -> 0.014787079 | F41: 611.4 | G41: =IF(F41="","",D41-F41) -> -252.5 | H41: =IF(OR(F41="",N(F41)=0),"",D41/F41-1) -> -0.41298659
B42: TOMATERIA DE CEA | C42: =COUNTIF('TOTAL AGOSTO'!$B$4:$B$2000,B42) -> 7 | D42: =SUMIF('TOTAL AGOSTO'!$B$4:$B$2000,B42,'TOTAL AGOSTO'!$D$4:$D$2000) -> 320 | E42: =IF($D$56=0,0,D42/$D$56) -> 0.013184356 | F42: 584.97 | G42: =IF(F42="","",D42-F42) -> -264.97 | H42: =IF(OR(F42="",N(F42)=0),"",D42/F42-1) -> -0.4529634
B43: DISOLTRIGO | C43: =COUNTIF('TOTAL AGOSTO'!$B$4:$B$2000,B43) -> 2 | D43: =SUMIF('TOTAL AGOSTO'!$B$4:$B$2000,B43,'TOTAL AGOSTO'!$D$4:$D$2000) -> 318 | E43: =IF($D$56=0,0,D43/$D$56) -> 0.013101953 | F43: 1295.5 | G43: =IF(F43="","",D43-F43) -> -977.5 | H43: =IF(OR(F43="",N(F43)=0),"",D43/F43-1) -> -0.75453493
B44: VENERO CLARO | C44: =COUNTIF('TOTAL AGOSTO'!$B$4:$B$2000,B44) -> 1 | D44: =SUMIF('TOTAL AGOSTO'!$B$4:$B$2000,B44,'TOTAL AGOSTO'!$D$4:$D$2000) -> 271.18 | E44: =IF($D$56=0,0,D44/$D$56) -> 0.011172917 | F44: 270.4 | G44: =IF(F44="","",D44-F44) -> 0.78 | H44: =IF(OR(F44="",N(F44)=0),"",D44/F44-1) -> 0.0028846154
B45: FCO JAVIER LABRADOR | C45: =COUNTIF('TOTAL AGOSTO'!$B$4:$B$2000,B45) -> 1 | D45: =SUMIF('TOTAL AGOSTO'!$B$4:$B$2000,B45,'TOTAL AGOSTO'!$D$4:$D$2000) -> 91.6 | E45: =IF($D$56=0,0,D45/$D$56) -> 0.0037740218 | F45: 183.2 | G45: =IF(F45="","",D45-F45) -> -91.6 | H45: =IF(OR(F45="",N(F45)=0),"",D45/F45-1) -> -0.5
B46: ESCRIBANO SANZ | C46: =COUNTIF('TOTAL AGOSTO'!$B$4:$B$2000,B46) -> 1 | D46: =SUMIF('TOTAL AGOSTO'!$B$4:$B$2000,B46,'TOTAL AGOSTO'!$D$4:$D$2000) -> 84.48 | E46: =IF($D$56=0,0,D46/$D$56) -> 0.0034806699 | F46: 193.7 | G46: =IF(F46="","",D46-F46) -> -109.22 | H46: =IF(OR(F46="",N(F46)=0),"",D46/F46-1) -> -0.56386164
... B55: FRUTERIA D'ALISTE | C55: =COUNTIF('TOTAL AGOSTO'!$B$4:$B$2000,B55) -> 0 | D55: =SUMIF('TOTAL AGOSTO'!$B$4:$B$2000,B55,'TOTAL AGOSTO'!$D$4:$D$2000) -> 0 | E55: =IF($D$56=0,0,D55/$D$56) -> 0 | F55: 158.99 | G55: =IF(F55="","",D55-F55) -> -158.99 | H55: =IF(OR(F55="",N(F55)=0),"",D55/F55-1) -> -1
B56: TOTAL | C56: =SUM(C18:C55) -> 131 | D56: =SUM(D18:D55) -> 24271.19 | E56: =SUM(E18:E55) -> 1 | F56: =SUM(F18:F55) -> 63628.05 | G56: =D56-F56 -> -39356.86 | H56: =IF(F56=0,"",D56/F56-1) -> -0.61854575
B57: Filas en gris: proveedores con compras en julio y sin albaranes en agosto. DIF. en rojo = sube respecto a julio; en verde = baja.

Sheet TOTAL AGOSTO
B1: ALBARANES AGOSTO 2026 · LA MINA DE CHAMARTÍN
B2: PROVEEDOR | C2: ALBARAN | D2: BASE | E2: IVA | F2: TOTAL | H2: PROVEEDOR | I2: BASE | J2: CUOTA IVA | K2: TOTAL FRA | M2: TOTAL FACTURADO
B4: AGMASFOOD | C4: 26 6717 | D4: 300.55 | E4: 0.1 | F4: =D4+(D4*E4) -> 330.605 | H4: AGMASFOOD | I4: =SUMIF($B$4:$B$2000,H4,$D$4:$D$2000) -> 1125.19 | J4: =K4-I4 -> 112.519 | K4: =SUMIF($B$4:$B$2000,H4,$F$4:$F$2000) -> 1237.709 | M4: =K33 -> 27216.416
B5: AGMASFOOD | C5: 26 6980 | D5: 35.85 | E5: 0.1 | F5: =D5+(D5*E5) -> 39.435 | H5: AGROFOOD | I5: =SUMIF($B$4:$B$2000,H5,$D$4:$D$2000) -> 1199.46 | J5: =K5-I5 -> 119.946 | K5: =SUMIF($B$4:$B$2000,H5,$F$4:$F$2000) -> 1319.406
B6: AGMASFOOD | C6: 26 7006 | D6: 84 | E6: 0.1 | F6: =D6+(D6*E6) -> 92.4 | H6: CARNICAS MEAT | I6: =SUMIF($B$4:$B$2000,H6,$D$4:$D$2000) -> 640.26 | J6: =K6-I6 -> 64.026 | K6: =SUMIF($B$4:$B$2000,H6,$F$4:$F$2000) -> 704.286
B7: AGMASFOOD | C7: 26 7016 | D7: 226.6 | E7: 0.1 | F7: =D7+(D7*E7) -> 249.26 | H7: COCACOLA | I7: =SUMIF($B$4:$B$2000,H7,$D$4:$D$2000) -> 457.72 | J7: =K7-I7 -> 92.2756 | K7: =SUMIF($B$4:$B$2000,H7,$F$4:$F$2000) -> 549.9956
B8: AGMASFOOD | C8: 26 7048 | D8: 100.8 | E8: 0.1 | F8: =D8+(D8*E8) -> 110.88 | H8: CONS. SELEC. SANTO | I8: =SUMIF($B$4:$B$2000,H8,$D$4:$D$2000) -> 382.59 | J8: =K8-I8 -> 38.259 | K8: =SUMIF($B$4:$B$2000,H8,$F$4:$F$2000) -> 420.849
B9: AGMASFOOD | C9: 26 7103 | D9: 34.3 | E9: 0.1 | F9: =D9+(D9*E9) -> 37.73 | H9: CONS. Y SAL. JIMENEZ | I9: =SUMIF($B$4:$B$2000,H9,$D$4:$D$2000) -> 1061.59 | J9: =K9-I9 -> 106.159 | K9: =SUMIF($B$4:$B$2000,H9,$F$4:$F$2000) -> 1167.749
B10: AGMASFOOD | C10: 26 7151 | D10: 0 | E10: 0.1 | F10: =D10+(D10*E10) -> 0 | H10: CRNAS SERVAN | I10: =SUMIF($B$4:$B$2000,H10,$D$4:$D$2000) -> 890.28 | J10: =K10-I10 -> 89.028 | K10: =SUMIF($B$4:$B$2000,H10,$F$4:$F$2000) -> 979.308
B11: AGMASFOOD | C11: 26 7202 | D11: 29.4 | E11: 0.1 | F11: =D11+(D11*E11) -> 32.34 | H11: CRUSTAPESCA | I11: =SUMIF($B$4:$B$2000,H11,$D$4:$D$2000) -> 772 | J11: =K11-I11 -> 77.2 | K11: =SUMIF($B$4:$B$2000,H11,$F$4:$F$2000) -> 849.2
B12: AGMASFOOD | C12: 26 7226 | D12: 185.49 | E12: 0.1 | F12: =D12+(D12*E12) -> 204.039 | H12: DELIPAN | I12: =SUMIF($B$4:$B$2000,H12,$D$4:$D$2000) -> 381.21 | J12: =K12-I12 -> 20.5338 | K12: =SUMIF($B$4:$B$2000,H12,$F$4:$F$2000) -> 401.7438
B13: AGMASFOOD | C13: 26 7264 | D13: 128.2 | E13: 0.1 | F13: =D13+(D13*E13) -> 141.02 | H13: DISOLTRIGO | I13: =SUMIF($B$4:$B$2000,H13,$D$4:$D$2000) -> 318 | J13: =K13-I13 -> 31.8 | K13: =SUMIF($B$4:$B$2000,H13,$F$4:$F$2000) -> 349.8
B14: AGROFOOD | C14: M26/935 | D14: 228.11 | E14: 0.1 | F14: =D14+(D14*E14) -> 250.921 | H14: DIST. TENA MTNEZ | I14: =SUMIF($B$4:$B$2000,H14,$D$4:$D$2000) -> 1320.36 | J14: =K14-I14 -> 277.2756 | K14: =SUMIF($B$4:$B$2000,H14,$F$4:$F$2000) -> 1597.6356
B15: AGROFOOD | C15: M26/952 | D15: 522.68 | E15: 0.1 | F15: =D15+(D15*E15) -> 574.948 | H15: EIF DISTRIBUCIONES | I15: =SUMIF($B$4:$B$2000,H15,$D$4:$D$2000) -> 604.05 | J15: =K15-I15 -> 120.9545 | K15: =SUMIF($B$4:$B$2000,H15,$F$4:$F$2000) -> 725.0045
B16: AGROFOOD | C16: M26/928 | D16: 448.67 | E16: 0.1 | F16: =D16+(D16*E16) -> 493.537 | H16: ENRIQUE CAMPS | I16: =SUMIF($B$4:$B$2000,H16,$D$4:$D$2000) -> 432 | J16: =K16-I16 -> 43.2 | K16: =SUMIF($B$4:$B$2000,H16,$F$4:$F$2000) -> 475.2
... B32: CRNAS SERVAN | C32: A2608-0351 | D32: 104.84 | E32: 0.1 | F32: =D32+(D32*E32) -> 115.324 | H32: VOLDIS | I32: =SUMIF($B$4:$B$2000,H32,$D$4:$D$2000) -> 780.87 | J32: =K32-I32 -> 160.2537 | K32: =SUMIF($B$4:$B$2000,H32,$F$4:$F$2000) -> 941.1237
B33: CRNAS SERVAN | C33: A2608-0356 | D33: 60.72 | E33: 0.1 | F33: =D33+(D33*E33) -> 66.792 | H33: TOTAL | I33: =SUM(I4:I32) -> 24271.19 | J33: =SUM(J4:J32) -> 2945.2262 | K33: =SUM(K4:K32) -> 27216.416
B34: CRNAS SERVAN | C34: A2608-0379 | D34: 143.42 | E34: 0.1 | F34: =D34+(D34*E34) -> 157.762
B35: CRUSTAPESCA | C35: 20081 (ABONO) | D35: -229.6 | E35: 0.1 | F35: =D35+(D35*E35) -> -252.56
B36: CRUSTAPESCA | C36: 25081 | D36: 119.6 | E36: 0.1 | F36: =D36+(D36*E36) -> 131.56
B37: CRUSTAPESCA | C37: 27084 | D37: 78 | E37: 0.1 | F37: =D37+(D37*E37) -> 85.8
B38: CRUSTAPESCA | C38: 5081 | D38: 78 | E38: 0.1 | F38: =D38+(D38*E38) -> 85.8
B39: CRUSTAPESCA | C39: 6083 | D39: 78 | E39: 0.1 | F39: =D39+(D39*E39) -> 85.8
B40: CRUSTAPESCA | C40: 18086 | D40: 78 | E40: 0.1 | F40: =D40+(D40*E40) -> 85.8
B41: CRUSTAPESCA | C41: 19083 | D41: 78 | E41: 0.1 | F41: =D41+(D41*E41) -> 85.8
B42: CRUSTAPESCA | C42: S/N 22-08 | D42: 168 | E42: 0.1 | F42: =D42+(D42*E42) -> 184.8
B43: CRUSTAPESCA | C43: 25085 | D43: 78 | E43: 0.1 | F43: =D43+(D43*E43) -> 85.8
B44: CRUSTAPESCA | C44: 29082 | D44: 246 | E44: 0.1 | F44: =D44+(D44*E44) -> 270.6
B45: DELIPAN | C45: A2/9526 | D45: 88.09 | E45: 0.1 | F45: =D45+(D45*E45) -> 96.899
... B134: VOLDIS | C134: AP26-? (19/08) | D134: 262.5 | E134: 0.21 | F134: =D134+(D134*E134) -> 317.625

Sheet CUADRE ALBARANES
A2: CUADRE POR PROVEEDOR Y MES
A3: Compara, en cada hoja de proveedor, la suma de las líneas de producto con la suma de albaranes, y ésta con la hoja TOTAL del mes (JULIO: importe fijo del Excel de julio; AGOSTO: fórmula sobre TOTAL AGOSTO). Tolerancia ±0,05 €.
A5: PROVEEDOR | B5: MES | C5: TOTAL LÍNEAS PRODUCTO | D5: TOTAL ALBARANES (hoja proveedor) | E5: TOTAL EN HOJA TOTAL DEL MES | F5: DIF. LÍNEAS − ALBARANES | G5: DIF. ALBARANES − HOJA TOTAL | H5: ¿CUADRA? | I5: NOTA
A6: AGMASFOOD | B6: JULIO | C6: =SUM(_____AGMASFOOD!F6:F300) -> 1122.98 | D6: =SUM(_____AGMASFOOD!I9:I300) -> 1122.99 | E6: 1122.99 | F6: =IF(D6="","",ROUND(C6-D6,2)) -> -0.01 | G6: =IF(D6="",ROUND(C6-E6,2),ROUND(D6-E6,2)) -> 0 | H6: =IF(AND(ABS(N(F6))<=0.05,ABS(G6)<=0.05),"OK","REVISAR") -> OK
A7: AGMASFOOD | B7: AGOSTO | C7: =SUM(_____AGMASFOOD!P6:P300) -> 1125.185 | D7: =SUM(_____AGMASFOOD!S9:S300) -> 1125.19 | E7: =SUMIF('TOTAL AGOSTO'!$B$4:$B$2000,"AGMASFOOD",'TOTAL AGOSTO'!$D$4:$D$2000) -> 1125.19 | F7: =IF(D7="","",ROUND(C7-D7,2)) -> -0.01 | G7: =IF(D7="",ROUND(C7-E7,2),ROUND(D7-E7,2)) -> 0 | H7: =IF(AND(ABS(N(F7))<=0.05,ABS(G7)<=0.05),"OK","REVISAR") -> OK
A8: AGROFOOD | B8: JULIO | C8: =SUM(_____AGROFOOD!F6:F300) -> 4059.71 | D8: =SUM(_____AGROFOOD!I9:I300) -> 4059.72 | E8: 4059.72 | F8: =IF(D8="","",ROUND(C8-D8,2)) -> -0.01 | G8: =IF(D8="",ROUND(C8-E8,2),ROUND(D8-E8,2)) -> 0 | H8: =IF(AND(ABS(N(F8))<=0.05,ABS(G8)<=0.05),"OK","REVISAR") -> OK
A9: AGROFOOD | B9: AGOSTO | C9: =SUM(_____AGROFOOD!P6:P300) -> 1199.4617 | D9: =SUM(_____AGROFOOD!S9:S300) -> 1199.46 | E9: =SUMIF('TOTAL AGOSTO'!$B$4:$B$2000,"AGROFOOD",'TOTAL AGOSTO'!$D$4:$D$2000) -> 1199.46 | F9: =IF(D9="","",ROUND(C9-D9,2)) -> 0 | G9: =IF(D9="",ROUND(C9-E9,2),ROUND(D9-E9,2)) -> 0 | H9: =IF(AND(ABS(N(F9))<=0.05,ABS(G9)<=0.05),"OK","REVISAR") -> OK
A10: ANTONIO DE MIGUEL | B10: JULIO | C10: =SUM('_____ANTONIO DE MIGUEL'!F6:F300) -> 280.3 | D10: =SUM('_____ANTONIO DE MIGUEL'!I9:I300) -> 280.3 | E10: 280.3 | F10: =IF(D10="","",ROUND(C10-D10,2)) -> 0 | G10: =IF(D10="",ROUND(C10-E10,2),ROUND(D10-E10,2)) -> 0 | H10: =IF(AND(ABS(N(F10))<=0.05,ABS(G10)<=0.05),"OK","REVISAR") -> OK
A11: CALIDOSCOPI | B11: JULIO | C11: =SUM(_____CALIDOSCOPI!F6:F300) -> 339 | D11: =SUM(_____CALIDOSCOPI!I9:I300) -> 339 | E11: 339 | F11: =IF(D11="","",ROUND(C11-D11,2)) -> 0 | G11: =IF(D11="",ROUND(C11-E11,2),ROUND(D11-E11,2)) -> 0 | H11: =IF(AND(ABS(N(F11))<=0.05,ABS(G11)<=0.05),"OK","REVISAR") -> OK
A12: CARNICAS MEAT | B12: JULIO | C12: =SUM('_____CARNICAS MEAT'!F6:F300) -> 1412.4078 | D12: =SUM('_____CARNICAS MEAT'!I9:I300) -> 1412.35 | E12: 1412.35 | F12: =IF(D12="","",ROUND(C12-D12,2)) -> 0.06 | G12: =IF(D12="",ROUND(C12-E12,2),ROUND(D12-E12,2)) -> 0 | H12: =IF(AND(ABS(N(F12))<=0.05,ABS(G12)<=0.05),"OK","REVISAR") -> REVISAR | I12: Diferencia de redondeo en las líneas (A1/209: 6,48 kg x 34,55 = 223,88 € y el albarán pone 223,85 €).
A13: CARNICAS MEAT | B13: AGOSTO | C13: =SUM('_____CARNICAS MEAT'!P6:P300) -> 640.25 | D13: =SUM('_____CARNICAS MEAT'!S9:S300) -> 640.26 | E13: =SUMIF('TOTAL AGOSTO'!$B$4:$B$2000,"CARNICAS MEAT",'TOTAL AGOSTO'!$D$4:$D$2000) -> 640.26 | F13: =IF(D13="","",ROUND(C13-D13,2)) -> -0.01 | G13: =IF(D13="",ROUND(C13-E13,2),ROUND(D13-E13,2)) -> 0 | H13: =IF(AND(ABS(N(F13))<=0.05,ABS(G13)<=0.05),"OK","REVISAR") -> OK
A14: CARNICAS OPC | B14: JULIO | C14: =SUM('_____CARNICAS OPC'!F6:F300) -> 240.66 | D14: =SUM('_____CARNICAS OPC'!I9:I300) -> 240.66 | E14: 240.66 | F14: =IF(D14="","",ROUND(C14-D14,2)) -> 0 | G14: =IF(D14="",ROUND(C14-E14,2),ROUND(D14-E14,2)) -> 0 | H14: =IF(AND(ABS(N(F14))<=0.05,ABS(G14)<=0.05),"OK","REVISAR") -> OK
A15: COCACOLA | B15: JULIO | C15: =SUM('_____COCA-COLA'!F6:F300) -> 2124 | D15: =SUM('_____COCA-COLA'!I9:I300) -> 2124.02 | E15: 2124.02 | F15: =IF(D15="","",ROUND(C15-D15,2)) -> -0.02 | G15: =IF(D15="",ROUND(C15-E15,2),ROUND(D15-E15,2)) -> 0 | H15: =IF(AND(ABS(N(F15))<=0.05,ABS(G15)<=0.05),"OK","REVISAR") -> OK
A16: COCACOLA | B16: AGOSTO | C16: =SUM('_____COCA-COLA'!P6:P300) -> 457.7196 | D16: =SUM('_____COCA-COLA'!S9:S300) -> 457.72 | E16: =SUMIF('TOTAL AGOSTO'!$B$4:$B$2000,"COCACOLA",'TOTAL AGOSTO'!$D$4:$D$2000) -> 457.72 | F16: =IF(D16="","",ROUND(C16-D16,2)) -> 0 | G16: =IF(D16="",ROUND(C16-E16,2),ROUND(D16-E16,2)) -> 0 | H16: =IF(AND(ABS(N(F16))<=0.05,ABS(G16)<=0.05),"OK","REVISAR") -> OK
A17: CONS. SELEC. SANTO | B17: JULIO | C17: =SUM('_____CONS. SELEC. SANT'!F6:F300) -> 705.24 | D17: =SUM('_____CONS. SELEC. SANT'!I9:I300) -> 705.24 | E17: 705.24 | F17: =IF(D17="","",ROUND(C17-D17,2)) -> 0 | G17: =IF(D17="",ROUND(C17-E17,2),ROUND(D17-E17,2)) -> 0 | H17: =IF(AND(ABS(N(F17))<=0.05,ABS(G17)<=0.05),"OK","REVISAR") -> OK
A18: CONS. SELEC. SANTO | B18: AGOSTO | C18: =SUM('_____CONS. SELEC. SANT'!P6:P300) -> 382.59 | D18: =SUM('_____CONS. SELEC. SANT'!S9:S300) -> 382.59 | E18: =SUMIF('TOTAL AGOSTO'!$B$4:$B$2000,"CONS. SELEC. SANTO",'TOTAL AGOSTO'!$D$4:$D$2000) -> 382.59 | F18: =IF(D18="","",ROUND(C18-D18,2)) -> 0 | G18: =IF(D18="",ROUND(C18-E18,2),ROUND(D18-E18,2)) -> 0 | H18: =IF(AND(ABS(N(F18))<=0.05,ABS(G18)<=0.05),"OK","REVISAR") -> OK
A19: CONS. Y SAL. JIMENEZ | B19: JULIO | C19: =SUM('_____CONS. Y SALAZONES'!F6:F300) -> 3739.9387 | D19: =SUM('_____CONS. Y SALAZONES'!I9:I300) -> 3739.92 | E19: 3739.92 | F19: =IF(D19="","",ROUND(C19-D19,2)) -> 0.02 | G19: =IF(D19="",ROUND(C19-E19,2),ROUND(D19-E19,2)) -> 0 | H19: =IF(AND(ABS(N(F19))<=0.05,ABS(G19)<=0.05),"OK","REVISAR") -> OK
A20: CONS. Y SAL. JIMENEZ | B20: AGOSTO | C20: =SUM('_____CONS. Y SALAZONES'!P6:P300) -> 1061.5909 | D20: =SUM('_____CONS. Y SALAZONES'!S9:S300) -> 1061.59 | E20: =SUMIF('TOTAL AGOSTO'!$B$4:$B$2000,"CONS. Y SAL. JIMENEZ",'TOTAL AGOSTO'!$D$4:$D$2000) -> 1061.59 | F20: =IF(D20="","",ROUND(C20-D20,2)) -> 0 | G20: =IF(D20="",ROUND(C20-E20,2),ROUND(D20-E20,2)) -> 0 | H20: =IF(AND(ABS(N(F20))<=0.05,ABS(G20)<=0.05),"OK","REVISAR") -> OK
A21: CRNAS SERVAN | B21: JULIO | C21: =SUM('_____CRNAS SERVAN'!F6:F300) -> 1086.025 | D21: =SUM('_____CRNAS SERVAN'!I9:I300) -> 1086.03 | E21: 1086.03 | F21: =IF(D21="","",ROUND(C21-D21,2)) -> 0 | G21: =IF(D21="",ROUND(C21-E21,2),ROUND(D21-E21,2)) -> 0 | H21: =IF(AND(ABS(N(F21))<=0.05,ABS(G21)<=0.05),"OK","REVISAR") -> OK
A22: CRNAS SERVAN | B22: AGOSTO | C22: =SUM('_____CRNAS SERVAN'!P6:P300) -> 890.28 | D22: =SUM('_____CRNAS SERVAN'!S9:S300) -> 890.28 | E22: =SUMIF('TOTAL AGOSTO'!$B$4:$B$2000,"CRNAS SERVAN",'TOTAL AGOSTO'!$D$4:$D$2000) -> 890.28 | F22: =IF(D22="","",ROUND(C22-D22,2)) -> 0 | G22: =IF(D22="",ROUND(C22-E22,2),ROUND(D22-E22,2)) -> 0 | H22: =IF(AND(ABS(N(F22))<=0.05,ABS(G22)<=0.05),"OK","REVISAR") -> OK
A23: CRUSTAPESCA | B23: JULIO | C23: =SUM(_____CRUSTAPESCA!F6:F300) -> 1970.464 | D23: =SUM(_____CRUSTAPESCA!I9:I300) -> 1970.46 | E23: 1970.46 | F23: =IF(D23="","",ROUND(C23-D23,2)) -> 0 | G23: =IF(D23="",ROUND(C23-E23,2),ROUND(D23-E23,2)) -> 0 | H23: =IF(AND(ABS(N(F23))<=0.05,ABS(G23)<=0.05),"OK","REVISAR") -> OK
A24: CRUSTAPESCA | B24: AGOSTO | C24: =SUM(_____CRUSTAPESCA!P6:P300) -> 772 | D24: =SUM(_____CRUSTAPESCA!S9:S300) -> 772 | E24: =SUMIF('TOTAL AGOSTO'!$B$4:$B$2000,"CRUSTAPESCA",'TOTAL AGOSTO'!$D$4:$D$2000) -> 772 | F24: =IF(D24="","",ROUND(C24-D24,2)) -> 0 | G24: =IF(D24="",ROUND(C24-E24,2),ROUND(D24-E24,2)) -> 0 | H24: =IF(AND(ABS(N(F24))<=0.05,ABS(G24)<=0.05),"OK","REVISAR") -> OK
A25: DELIPAN | B25: JULIO | C25: =SUM(_____DELIPAN!F6:F300) -> 1032.66 | D25: =SUM(_____DELIPAN!I9:I300) -> 1032.66 | E25: 1032.66 | F25: =IF(D25="","",ROUND(C25-D25,2)) -> 0 | G25: =IF(D25="",ROUND(C25-E25,2),ROUND(D25-E25,2)) -> 0 | H25: =IF(AND(ABS(N(F25))<=0.05,ABS(G25)<=0.05),"OK","REVISAR") -> OK
A26: DELIPAN | B26: AGOSTO | C26: =SUM(_____DELIPAN!P6:P300) -> 381.21 | D26: =SUM(_____DELIPAN!S9:S300) -> 381.21 | E26: =SUMIF('TOTAL AGOSTO'!$B$4:$B$2000,"DELIPAN",'TOTAL AGOSTO'!$D$4:$D$2000) -> 381.21 | F26: =IF(D26="","",ROUND(C26-D26,2)) -> 0 | G26: =IF(D26="",ROUND(C26-E26,2),ROUND(D26-E26,2)) -> 0 | H26: =IF(AND(ABS(N(F26))<=0.05,ABS(G26)<=0.05),"OK","REVISAR") -> OK
A27: DISOLTRIGO | B27: JULIO | C27: =SUM(_____DISOLTRIGO!F6:F300) -> 1295.5 | D27: =SUM(_____DISOLTRIGO!I9:I300) -> 1295.5 | E27: 1295.5 | F27: =IF(D27="","",ROUND(C27-D27,2)) -> 0 | G27: =IF(D27="",ROUND(C27-E27,2),ROUND(D27-E27,2)) -> 0 | H27: =IF(AND(ABS(N(F27))<=0.05,ABS(G27)<=0.05),"OK","REVISAR") -> OK
A28: DISOLTRIGO | B28: AGOSTO | C28: =SUM(_____DISOLTRIGO!P6:P300) -> 318 | D28: =SUM(_____DISOLTRIGO!S9:S300) -> 318 | E28: =SUMIF('TOTAL AGOSTO'!$B$4:$B$2000,"DISOLTRIGO",'TOTAL AGOSTO'!$D$4:$D$2000) -> 318 | F28: =IF(D28="","",ROUND(C28-D28,2)) -> 0 | G28: =IF(D28="",ROUND(C28-E28,2),ROUND(D28-E28,2)) -> 0 | H28: =IF(AND(ABS(N(F28))<=0.05,ABS(G28)<=0.05),"OK","REVISAR") -> OK
A29: DIST. TENA MTNEZ | B29: JULIO | C29: =SUM('_____DIST. TENA'!F6:F300) -> 3131.64 | D29: =SUM('_____DIST. TENA'!I9:I300) -> 3131.64 | E29: 3131.64 | F29: =IF(D29="","",ROUND(C29-D29,2)) -> 0 | G29: =IF(D29="",ROUND(C29-E29,2),ROUND(D29-E29,2)) -> 0 | H29: =IF(AND(ABS(N(F29))<=0.05,ABS(G29)<=0.05),"OK","REVISAR") -> OK
A30: DIST. TENA MTNEZ | B30: AGOSTO | C30: =SUM('_____DIST. TENA'!P6:P300) -> 1320.36 | D30: =SUM('_____DIST. TENA'!S9:S300) -> 1320.36 | E30: =SUMIF('TOTAL AGOSTO'!$B$4:$B$2000,"DIST. TENA MTNEZ",'TOTAL AGOSTO'!$D$4:$D$2000) -> 1320.36 | F30: =IF(D30="","",ROUND(C30-D30,2)) -> 0 | G30: =IF(D30="",ROUND(C30-E30,2),ROUND(D30-E30,2)) -> 0 | H30: =IF(AND(ABS(N(F30))<=0.05,ABS(G30)<=0.05),"OK","REVISAR") -> OK
A31: EIF DISTRIBUCIONES | B31: JULIO | C31: =SUM('_____EIF DISTRIBUCIONES'!F6:F300) -> 646.5718 | D31: =SUM('_____EIF DISTRIBUCIONES'!I9:I300) -> 646.58 | E31: 646.58 | F31: =IF(D31="","",ROUND(C31-D31,2)) -> -0.01 | G31: =IF(D31="",ROUND(C31-E31,2),ROUND(D31-E31,2)) -> 0 | H31: =IF(AND(ABS(N(F31))<=0.05,ABS(G31)<=0.05),"OK","REVISAR") -> OK
A32: EIF DISTRIBUCIONES | B32: AGOSTO | C32: =SUM('_____EIF DISTRIBUCIONES'!P6:P300) -> 604.0463 | D32: =SUM('_____EIF DISTRIBUCIONES'!S9:S300) -> 604.05 | E32: =SUMIF('TOTAL AGOSTO'!$B$4:$B$2000,"EIF DISTRIBUCIONES",'TOTAL AGOSTO'!$D$4:$D$2000) -> 604.05 | F32: =IF(D32="","",ROUND(C32-D32,2)) -> 0 | G32: =IF(D32="",ROUND(C32-E32,2),ROUND(D32-E32,2)) -> 0 | H32: =IF(AND(ABS(N(F32))<=0.05,ABS(G32)<=0.05),"OK","REVISAR") -> OK
A33: ENRIQUE CAMPS | B33: JULIO | C33: =SUM('_____ENRIQUE CAMPS'!F6:F300) -> 1189 | D33: =SUM('_____ENRIQUE CAMPS'!I9:I300) -> 1189 | E33: 1189 | F33: =IF(D33="","",ROUND(C33-D33,2)) -> 0 | G33: =IF(D33="",ROUND(C33-E33,2),ROUND(D33-E33,2)) -> 0 | H33: =IF(AND(ABS(N(F33))<=0.05,ABS(G33)<=0.05),"OK","REVISAR") -> OK
A34: ENRIQUE CAMPS | B34: AGOSTO | C34: =SUM('_____ENRIQUE CAMPS'!P6:P300) -> 432 | D34: =SUM('_____ENRIQUE CAMPS'!S9:S300) -> 432 | E34: =SUMIF('TOTAL AGOSTO'!$B$4:$B$2000,"ENRIQUE CAMPS",'TOTAL AGOSTO'!$D$4:$D$2000) -> 432 | F34: =IF(D34="","",ROUND(C34-D34,2)) -> 0 | G34: =IF(D34="",ROUND(C34-E34,2),ROUND(D34-E34,2)) -> 0 | H34: =IF(AND(ABS(N(F34))<=0.05,ABS(G34)<=0.05),"OK","REVISAR") -> OK
A35: ESCRIBANO SANZ | B35: JULIO | C35: =SUM('_____ESCRIBANO SANZ'!F6:F300) -> 193.69 | D35: =SUM('_____ESCRIBANO SANZ'!I9:I300) -> 193.7 | E35: 193.7 | F35: =IF(D35="","",ROUND(C35-D35,2)) -> -0.01 | G35: =IF(D35="",ROUND(C35-E35,2),ROUND(D35-E35,2)) -> 0 | H35: =IF(AND(ABS(N(F35))<=0.05,ABS(G35)<=0.05),"OK","REVISAR") -> OK
A36: ESCRIBANO SANZ | B36: AGOSTO | C36: =SUM('_____ESCRIBANO SANZ'!P6:P300) -> 84.48 | D36: =SUM('_____ESCRIBANO SANZ'!S9:S300) -> 84.48 | E36: =SUMIF('TOTAL AGOSTO'!$B$4:$B$2000,"ESCRIBANO SANZ",'TOTAL AGOSTO'!$D$4:$D$2000) -> 84.48 | F36: =IF(D36="","",ROUND(C36-D36,2)) -> 0 | G36: =IF(D36="",ROUND(C36-E36,2),ROUND(D36-E36,2)) -> 0 | H36: =IF(AND(ABS(N(F36))<=0.05,ABS(G36)<=0.05),"OK","REVISAR") -> OK
A37: FCO JAVIER LABRADOR | B37: JULIO | C37: =SUM('_____FCO JAVIER LABRADOR'!F6:F300) -> 183.2 | D37: =SUM('_____FCO JAVIER LABRADOR'!I9:I300) -> 183.2 | E37: 183.2 | F37: =IF(D37="","",ROUND(C37-D37,2)) -> 0 | G37: =IF(D37="",ROUND(C37-E37,2),ROUND(D37-E37,2)) -> 0 | H37: =IF(AND(ABS(N(F37))<=0.05,ABS(G37)<=0.05),"OK","REVISAR") -> OK
A38: FCO JAVIER LABRADOR | B38: AGOSTO | C38: =SUM('_____FCO JAVIER LABRADOR'!P6:P300) -> 91.6 | D38: =SUM('_____FCO JAVIER LABRADOR'!S9:S300) -> 91.6 | E38: =SUMIF('TOTAL AGOSTO'!$B$4:$B$2000,"FCO JAVIER LABRADOR",'TOTAL AGOSTO'!$D$4:$D$2000) -> 91.6 | F38: =IF(D38="","",ROUND(C38-D38,2)) -> 0 | G38: =IF(D38="",ROUND(C38-E38,2),ROUND(D38-E38,2)) -> 0 | H38: =IF(AND(ABS(N(F38))<=0.05,ABS(G38)<=0.05),"OK","REVISAR") -> OK
A39: FRUTERIA D'ALISTE | B39: JULIO | C39: =SUM('_____FRUTERIA DALISTE'!F6:F300) -> 158.9995 | D39: =SUM('_____FRUTERIA DALISTE'!I9:I300) -> 158.99 | E39: 158.99 | F39: =IF(D39="","",ROUND(C39-D39,2)) -> 0.01 | G39: =IF(D39="",ROUND(C39-E39,2),ROUND(D39-E39,2)) -> 0 | H39: =IF(AND(ABS(N(F39))<=0.05,ABS(G39)<=0.05),"OK","REVISAR") -> OK
A40: JC MACKINTOSH | B40: AGOSTO | C40: =SUM('_____JC MACKINTOSH'!F6:F300) -> 516 | D40: =SUM('_____JC MACKINTOSH'!I9:I300) -> 516 | E40: =SUMIF('TOTAL AGOSTO'!$B$4:$B$2000,"JC MACKINTOSH",'TOTAL AGOSTO'!$D$4:$D$2000) -> 516 | F40: =IF(D40="","",ROUND(C40-D40,2)) -> 0 | G40: =IF(D40="",ROUND(C40-E40,2),ROUND(D40-E40,2)) -> 0 | H40: =IF(AND(ABS(N(F40))<=0.05,ABS(G40)<=0.05),"OK","REVISAR") -> OK
A41: JOSE PEÑA | B41: JULIO | C41: =SUM('_____JOSE PEÑA'!F6:F300) -> 748.5 | D41: =SUM('_____JOSE PEÑA'!I9:I300) -> 748.5 | E41: 748.5 | F41: =IF(D41="","",ROUND(C41-D41,2)) -> 0 | G41: =IF(D41="",ROUND(C41-E41,2),ROUND(D41-E41,2)) -> 0 | H41: =IF(AND(ABS(N(F41))<=0.05,ABS(G41)<=0.05),"OK","REVISAR") -> OK
A42: JOSE ROMERO PLAZA | B42: JULIO | C42: =SUM('_____JOSE ROMERO PLAZA'!F6:F300) -> 444.1 | D42: =SUM('_____JOSE ROMERO PLAZA'!I9:I300) -> 444.1 | E42: 444.1 | F42: =IF(D42="","",ROUND(C42-D42,2)) -> 0 | G42: =IF(D42="",ROUND(C42-E42,2),ROUND(D42-E42,2)) -> 0 | H42: =IF(AND(ABS(N(F42))<=0.05,ABS(G42)<=0.05),"OK","REVISAR") -> OK
A43: MAGOASE | B43: JULIO | C43: =SUM(_____MAGOASE!F6:F300) -> 1815.6 | D43: =SUM(_____MAGOASE!I9:I300) -> 1815.6 | E43: 1815.6 | F43: =IF(D43="","",ROUND(C43-D43,2)) -> 0 | G43: =IF(D43="",ROUND(C43-E43,2),ROUND(D43-E43,2)) -> 0 | H43: =IF(AND(ABS(N(F43))<=0.05,ABS(G43)<=0.05),"OK","REVISAR") -> OK
A44: MAGOASE | B44: AGOSTO | C44: =SUM(_____MAGOASE!P6:P300) -> 930.8 | D44: =SUM(_____MAGOASE!S9:S300) -> 930.8 | E44: =SUMIF('TOTAL AGOSTO'!$B$4:$B$2000,"MAGOASE",'TOTAL AGOSTO'!$D$4:$D$2000) -> 930.8 | F44: =IF(D44="","",ROUND(C44-D44,2)) -> 0 | G44: =IF(D44="",ROUND(C44-E44,2),ROUND(D44-E44,2)) -> 0 | H44: =IF(AND(ABS(N(F44))<=0.05,ABS(G44)<=0.05),"OK","REVISAR") -> OK
A45: MAKRO | B45: JULIO | C45: =SUM(_____MAKRO!F6:F300) -> 227.89 | D45: =SUM(_____MAKRO!I9:I300) -> 227.89 | E45: 227.89 | F45: =IF(D45="","",ROUND(C45-D45,2)) -> 0 | G45: =IF(D45="",ROUND(C45-E45,2),ROUND(D45-E45,2)) -> 0 | H45: =IF(AND(ABS(N(F45))<=0.05,ABS(G45)<=0.05),"OK","REVISAR") -> OK
A46: MANUEL AMBRES | B46: JULIO | C46: =SUM('_____MANU AMBRES'!F6:F300) -> 904.824 | D46: =SUM('_____MANU AMBRES'!I9:I300) -> 904.82 | E46: 904.82 | F46: =IF(D46="","",ROUND(C46-D46,2)) -> 0 | G46: =IF(D46="",ROUND(C46-E46,2),ROUND(D46-E46,2)) -> 0 | H46: =IF(AND(ABS(N(F46))<=0.05,ABS(G46)<=0.05),"OK","REVISAR") -> OK
A47: MANUEL AMBRES | B47: AGOSTO | C47: =SUM('_____MANU AMBRES'!P6:P300) -> 425 | D47: =SUM('_____MANU AMBRES'!S9:S300) -> 425 | E47: =SUMIF('TOTAL AGOSTO'!$B$4:$B$2000,"MANUEL AMBRES",'TOTAL AGOSTO'!$D$4:$D$2000) -> 425 | F47: =IF(D47="","",ROUND(C47-D47,2)) -> 0 | G47: =IF(D47="",ROUND(C47-E47,2),ROUND(D47-E47,2)) -> 0 | H47: =IF(AND(ABS(N(F47))<=0.05,ABS(G47)<=0.05),"OK","REVISAR") -> OK
A48: MARTIN CANEDA | B48: JULIO | C48: =SUM('_____MARTIN CANEDA'!F6:F300) -> 3561.4 | D48: =SUM('_____MARTIN CANEDA'!I9:I300) -> 3561.4 | E48: 3561.4 | F48: =IF(D48="","",ROUND(C48-D48,2)) -> 0 | G48: =IF(D48="",ROUND(C48-E48,2),ROUND(D48-E48,2)) -> 0 | H48: =IF(AND(ABS(N(F48))<=0.05,ABS(G48)<=0.05),"OK","REVISAR") -> OK
A49: MARTIN CANEDA | B49: AGOSTO | C49: =SUM('_____MARTIN CANEDA'!P6:P300) -> 1617.8 | D49: =SUM('_____MARTIN CANEDA'!S9:S300) -> 1617.8 | E49: =SUMIF('TOTAL AGOSTO'!$B$4:$B$2000,"MARTIN CANEDA",'TOTAL AGOSTO'!$D$4:$D$2000) -> 1617.8 | F49: =IF(D49="","",ROUND(C49-D49,2)) -> 0 | G49: =IF(D49="",ROUND(C49-E49,2),ROUND(D49-E49,2)) -> 0 | H49: =IF(AND(ABS(N(F49))<=0.05,ABS(G49)<=0.05),"OK","REVISAR") -> OK
A50: MONVA | B50: JULIO | C50: =SUM(_____MONVA!F6:F300) -> 171 | D50: =SUM(_____MONVA!I9:I300) -> 171 | E50: 171 | F50: =IF(D50="","",ROUND(C50-D50,2)) -> 0 | G50: =IF(D50="",ROUND(C50-E50,2),ROUND(D50-E50,2)) -> 0 | H50: =IF(AND(ABS(N(F50))<=0.05,ABS(G50)<=0.05),"OK","REVISAR") -> OK
A51: MUNDELA | B51: JULIO | C51: =SUM(_____MUNDELA!F6:F300) -> 5092.38 | D51: =SUM(_____MUNDELA!I9:I300) -> 5092.38 | E51: 5092.38 | F51: =IF(D51="","",ROUND(C51-D51,2)) -> 0 | G51: =IF(D51="",ROUND(C51-E51,2),ROUND(D51-E51,2)) -> 0 | H51: =IF(AND(ABS(N(F51))<=0.05,ABS(G51)<=0.05),"OK","REVISAR") -> OK
A52: MUNDELA | B52: AGOSTO | C52: =SUM(_____MUNDELA!P6:P300) -> 1920.54 | D52: =SUM(_____MUNDELA!S9:S300) -> 1920.54 | E52: =SUMIF('TOTAL AGOSTO'!$B$4:$B$2000,"MUNDELA",'TOTAL AGOSTO'!$D$4:$D$2000) -> 1920.54 | F52: =IF(D52="","",ROUND(C52-D52,2)) -> 0 | G52: =IF(D52="",ROUND(C52-E52,2),ROUND(D52-E52,2)) -> 0 | H52: =IF(AND(ABS(N(F52))<=0.05,ABS(G52)<=0.05),"OK","REVISAR") -> OK
A53: PATATAS YAGO | B53: JULIO | C53: =SUM('_____PATATAS YAGO'!F6:F300) -> 611.4 | D53: =SUM('_____PATATAS YAGO'!I9:I300) -> 611.4 | E53: 611.4 | F53: =IF(D53="","",ROUND(C53-D53,2)) -> 0 | G53: =IF(D53="",ROUND(C53-E53,2),ROUND(D53-E53,2)) -> 0 | H53: =IF(AND(ABS(N(F53))<=0.05,ABS(G53)<=0.05),"OK","REVISAR") -> OK
A54: PATATAS YAGO | B54: AGOSTO | C54: =SUM('_____PATATAS YAGO'!P6:P300) -> 358.9 | D54: =SUM('_____PATATAS YAGO'!S9:S300) -> 358.9 | E54: =SUMIF('TOTAL AGOSTO'!$B$4:$B$2000,"PATATAS YAGO",'TOTAL AGOSTO'!$D$4:$D$2000) -> 358.9 | F54: =IF(D54="","",ROUND(C54-D54,2)) -> 0 | G54: =IF(D54="",ROUND(C54-E54,2),ROUND(D54-E54,2)) -> 0 | H54: =IF(AND(ABS(N(F54))<=0.05,ABS(G54)<=0.05),"OK","REVISAR") -> OK
A55: PESCADERIA PALACIO | B55: JULIO | C55: =SUM('_____PESCADERIA PALACIO'!F6:F300) -> 1400.16 | D55: =SUM('_____PESCADERIA PALACIO'!I9:I300) -> 1400.16 | E55: 1400.16 | F55: =IF(D55="","",ROUND(C55-D55,2)) -> 0 | G55: =IF(D55="",ROUND(C55-E55,2),ROUND(D55-E55,2)) -> 0 | H55: =IF(AND(ABS(N(F55))<=0.05,ABS(G55)<=0.05),"OK","REVISAR") -> OK
A56: PESCADERIA PALACIO | B56: AGOSTO | C56: =SUM('_____PESCADERIA PALACIO'!P6:P300) -> 369.6 | D56: =SUM('_____PESCADERIA PALACIO'!S9:S300) -> 369.6 | E56: =SUMIF('TOTAL AGOSTO'!$B$4:$B$2000,"PESCADERIA PALACIO",'TOTAL AGOSTO'!$D$4:$D$2000) -> 369.6 | F56: =IF(D56="","",ROUND(C56-D56,2)) -> 0 | G56: =IF(D56="",ROUND(C56-E56,2),ROUND(D56-E56,2)) -> 0 | H56: =IF(AND(ABS(N(F56))<=0.05,ABS(G56)<=0.05),"OK","REVISAR") -> OK
A57: PESCARUM | B57: JULIO | C57: =SUM(_____PESCARUM!F6:F300) -> 10740.805 | D57: =SUM(_____PESCARUM!I9:I300) -> 10740.83 | E57: 10740.83 | F57: =IF(D57="","",ROUND(C57-D57,2)) -> -0.03 | G57: =IF(D57="",ROUND(C57-E57,2),ROUND(D57-E57,2)) -> 0 | H57: =IF(AND(ABS(N(F57))<=0.05,ABS(G57)<=0.05),"OK","REVISAR") -> OK
A58: PESCARUM | B58: AGOSTO | C58: =SUM(_____PESCARUM!P6:P300) -> 5182.885 | D58: =SUM(_____PESCARUM!S9:S300) -> 5112.89 | E58: =SUMIF('TOTAL AGOSTO'!$B$4:$B$2000,"PESCARUM",'TOTAL AGOSTO'!$D$4:$D$2000) -> 5112.89 | F58: =IF(D58="","",ROUND(C58-D58,2)) -> 69.99 | G58: =IF(D58="",ROUND(C58-E58,2),ROUND(D58-E58,2)) -> 0 | H58: =IF(AND(ABS(N(F58))<=0.05,ABS(G58)<=0.05),"OK","REVISAR") -> REVISAR | I58: Albarán 04/08: las líneas suman 992,87 € y el albarán dice 922,87 € (70 € de diferencia, ver incidencias).
A59: PEÑALASTALLAS | B59: JULIO | C59: =SUM(_____PEÑALASTALLAS!F6:F300) -> 1635.591 | D59: =SUM(_____PEÑALASTALLAS!I9:I300) -> 1635.61 | E59: 1568.32 | F59: =IF(D59="","",ROUND(C59-D59,2)) -> -0.02 | G59: =IF(D59="",ROUND(C59-E59,2),ROUND(D59-E59,2)) -> 67.29 | H59: =IF(AND(ABS(N(F59))<=0.05,ABS(G59)<=0.05),"OK","REVISAR") -> REVISAR | I59: Importe suelto de 67,29 € en la hoja sin nº de albarán ni reflejo en TOTAL JULIO (ver incidencias).
A60: PEÑALASTALLAS | B60: AGOSTO | C60: =SUM(_____PEÑALASTALLAS!P6:P300) -> 519.685 | D60: =SUM(_____PEÑALASTALLAS!S9:S300) -> 519.69 | E60: =SUMIF('TOTAL AGOSTO'!$B$4:$B$2000,"PEÑALASTALLAS",'TOTAL AGOSTO'!$D$4:$D$2000) -> 519.69 | F60: =IF(D60="","",ROUND(C60-D60,2)) -> -0.01 | G60: =IF(D60="",ROUND(C60-E60,2),ROUND(D60-E60,2)) -> 0 | H60: =IF(AND(ABS(N(F60))<=0.05,ABS(G60)<=0.05),"OK","REVISAR") -> OK
A61: ROMERO ALVAREZ | B61: JULIO | C61: =SUM('_____ROMERO ALVAREZ'!F6:F300) -> 533.736 | D61: =SUM('_____ROMERO ALVAREZ'!I9:I300) -> 533.74 | E61: 533.74 | F61: =IF(D61="","",ROUND(C61-D61,2)) -> 0 | G61: =IF(D61="",ROUND(C61-E61,2),ROUND(D61-E61,2)) -> 0 | H61: =IF(AND(ABS(N(F61))<=0.05,ABS(G61)<=0.05),"OK","REVISAR") -> OK
A62: ROMERO ALVAREZ | B62: AGOSTO | C62: =SUM('_____ROMERO ALVAREZ'!P6:P300) -> 654.192 | D62: =SUM('_____ROMERO ALVAREZ'!S9:S300) -> 654.19 | E62: =SUMIF('TOTAL AGOSTO'!$B$4:$B$2000,"ROMERO ALVAREZ",'TOTAL AGOSTO'!$D$4:$D$2000) -> 654.19 | F62: =IF(D62="","",ROUND(C62-D62,2)) -> 0 | G62: =IF(D62="",ROUND(C62-E62,2),ROUND(D62-E62,2)) -> 0 | H62: =IF(AND(ABS(N(F62))<=0.05,ABS(G62)<=0.05),"OK","REVISAR") -> OK
A63: SUBMARINER | B63: JULIO | C63: =SUM(_____SUBMARINER!F6:F300) -> 3291.3008 | D63: =SUM(_____SUBMARINER!I9:I300) -> 3291.32 | E63: 3291.32 | F63: =IF(D63="","",ROUND(C63-D63,2)) -> -0.02 | G63: =IF(D63="",ROUND(C63-E63,2),ROUND(D63-E63,2)) -> 0 | H63: =IF(AND(ABS(N(F63))<=0.05,ABS(G63)<=0.05),"OK","REVISAR") -> OK
A64: SUBMARINER | B64: AGOSTO | C64: =SUM(_____SUBMARINER!P6:P300) -> 712.9088 | D64: =SUM(_____SUBMARINER!S9:S300) -> 712.94 | E64: =SUMIF('TOTAL AGOSTO'!$B$4:$B$2000,"SUBMARINER",'TOTAL AGOSTO'!$D$4:$D$2000) -> 712.94 | F64: =IF(D64="","",ROUND(C64-D64,2)) -> -0.03 | G64: =IF(D64="",ROUND(C64-E64,2),ROUND(D64-E64,2)) -> 0 | H64: =IF(AND(ABS(N(F64))<=0.05,ABS(G64)<=0.05),"OK","REVISAR") -> OK
A65: TOMATERIA DE CEA | B65: JULIO | C65: =SUM('_____TOMATERIA CEA'!F6:F300) -> 584.97 | D65: =SUM('_____TOMATERIA CEA'!I9:I300) -> 584.97 | E65: 584.97 | F65: =IF(D65="","",ROUND(C65-D65,2)) -> 0 | G65: =IF(D65="",ROUND(C65-E65,2),ROUND(D65-E65,2)) -> 0 | H65: =IF(AND(ABS(N(F65))<=0.05,ABS(G65)<=0.05),"OK","REVISAR") -> OK
A66: TOMATERIA DE CEA | B66: AGOSTO | C66: =SUM('_____TOMATERIA CEA'!P6:P300) -> 319.995 | D66: =SUM('_____TOMATERIA CEA'!S9:S300) -> 320 | E66: =SUMIF('TOTAL AGOSTO'!$B$4:$B$2000,"TOMATERIA DE CEA",'TOTAL AGOSTO'!$D$4:$D$2000) -> 320 | F66: =IF(D66="","",ROUND(C66-D66,2)) -> 0 | G66: =IF(D66="",ROUND(C66-E66,2),ROUND(D66-E66,2)) -> 0 | H66: =IF(AND(ABS(N(F66))<=0.05,ABS(G66)<=0.05),"OK","REVISAR") -> OK
A67: VENERO CLARO | B67: JULIO | C67: =SUM('_____VENERO CLARO'!F6:F300) -> 270.4 | D67: =SUM('_____VENERO CLARO'!I9:I300) -> 270.4 | E67: 270.4 | F67: =IF(D67="","",ROUND(C67-D67,2)) -> 0 | G67: =IF(D67="",ROUND(C67-E67,2),ROUND(D67-E67,2)) -> 0 | H67: =IF(AND(ABS(N(F67))<=0.05,ABS(G67)<=0.05),"OK","REVISAR") -> OK
A68: VENERO CLARO | B68: AGOSTO | C68: =SUM('_____VENERO CLARO'!P6:P300) -> 271.18 | D68: =SUM('_____VENERO CLARO'!S9:S300) -> 271.18 | E68: =SUMIF('TOTAL AGOSTO'!$B$4:$B$2000,"VENERO CLARO",'TOTAL AGOSTO'!$D$4:$D$2000) -> 271.18 | F68: =IF(D68="","",ROUND(C68-D68,2)) -> 0 | G68: =IF(D68="",ROUND(C68-E68,2),ROUND(D68-E68,2)) -> 0 | H68: =IF(AND(ABS(N(F68))<=0.05,ABS(G68)<=0.05),"OK","REVISAR") -> OK
A69: VINS DES DIEUX | B69: JULIO | C69: =SUM('_____VINS DES DIEUX'!F6:F300) -> 202.8 | D69: =SUM('_____VINS DES DIEUX'!I9:I300) -> 202.8 | E69: 202.8 | F69: =IF(D69="","",ROUND(C69-D69,2)) -> 0 | G69: =IF(D69="",ROUND(C69-E69,2),ROUND(D69-E69,2)) -> 0 | H69: =IF(AND(ABS(N(F69))<=0.05,ABS(G69)<=0.05),"OK","REVISAR") -> OK
A70: VOLDIS | B70: JULIO | C70: =SUM(_____VOLDIS!F6:F300) -> 6546.456 | D70: =SUM(_____VOLDIS!I9:I300) -> 6546.46 | E70: 6546.46 | F70: =IF(D70="","",ROUND(C70-D70,2)) -> 0 | G70: =IF(D70="",ROUND(C70-E70,2),ROUND(D70-E70,2)) -> 0 | H70: =IF(AND(ABS(N(F70))<=0.05,ABS(G70)<=0.05),"OK","REVISAR") -> OK
A71: VOLDIS | B71: AGOSTO | C71: =SUM(_____VOLDIS!P6:P300) -> 780.87 | D71: =SUM(_____VOLDIS!S9:S300) -> 780.87 | E71: =SUMIF('TOTAL AGOSTO'!$B$4:$B$2000,"VOLDIS",'TOTAL AGOSTO'!$D$4:$D$2000) -> 780.87 | F71: =IF(D71="","",ROUND(C71-D71,2)) -> 0 | G71: =IF(D71="",ROUND(C71-E71,2),ROUND(D71-E71,2)) -> 0 | H71: =IF(AND(ABS(N(F71))<=0.05,ABS(G71)<=0.05),"OK","REVISAR") -> OK

Sheet _____AGMASFOOD
B2: 46204 | L2: 46235
H4: TOTAL | I4: =SUM(F6:F300) -> 1122.98 | R4: TOTAL | S4: =SUM(P6:P300) -> 1125.185
B5: PRODUCTO | C5: UNIDADES | D5: PRECIO | E5: DTO | F5: TOTAL | H5: ALBARANES | I5: =SUM(I9:I300) -> 1122.99 | L5: PRODUCTO | M5: UNIDADES | N5: PRECIO | O5: DTO | P5: TOTAL | R5: ALBARANES | S5: =SUM(S9:S300) -> 1125.19
B6: LOMO NEGRO SIN COLA LIMPIO | C6: =4.9+5+5.2 -> 15.1 | D6: 39.05 | E6: 0 | F6: =(C6*D6)-((C6*D6)*E6) -> 589.655 | H6: DIFERENCIA | I6: =I5-I4 -> 0.01 | L6: LOMO NEGRO SIN COLA LIMPIO | M6: =4.9+5.05+4.75 -> 14.7 | N6: 39.05 | O6: 0 | P6: =(M6*N6)-((M6*N6)*O6) -> 574.035 | R6: DIFERENCIA | S6: =S5-S4 -> 0.005
B7: GAMBA ROJA ALISTADA 15-20P | C7: =1.3+1.2 -> 2.5 | D7: 79 | E7: 0 | F7: =(C7*D7)-((C7*D7)*E7) -> 197.5 | L7: GAMBA ROJA ALISTADA 15-20P | M7: =1.3+1+1.2 -> 3.5 | N7: 84 | O7: 0 | P7: =(M7*N7)-((M7*N7)*O7) -> 294
B8: BOQUERON GORDO | C8: =3.5 -> 3.5 | D8: 11.95 | E8: 0 | F8: =(C8*D8)-((C8*D8)*E8) -> 41.825 | H8: Nº ALBARÁN | I8: BASE | J8: % IVA | L8: BOQUERON GORDO | M8: 3 | N8: 11.95 | O8: 0 | P8: =(M8*N8)-((M8*N8)*O8) -> 35.85 | R8: Nº ALBARÁN | S8: BASE | T8: % IVA
B9: GAMBA ROJA ALISTADA 15-20P | C9: =1.5+1+1 -> 3.5 | D9: 84 | E9: 0 | F9: =(C9*D9)-((C9*D9)*E9) -> 294 | H9: 26 6093 | I9: 191.35 | J9: 0.1 | L9: BOQUERON GORDO | M9: =3+3.5+3+4 -> 13.5 | N9: 9.8 | O9: 0 | P9: =(M9*N9)-((M9*N9)*O9) -> 132.3 | R9: 26 6717 | S9: 300.55 | T9: 0.1
H10: 26 6075 | I10: 102.7 | J10: 0.1 | L10: GAMBA ROJA ALISTADA 15-20P | M10: 1 | N10: 89 | O10: 0 | P10: =(M10*N10)-((M10*N10)*O10) -> 89 | R10: 26 6980 | S10: 35.85 | T10: 0.1
H11: 26 6029 | I11: 41.83 | J11: 0.1 | R11: 26 7006 | S11: 84 | T11: 0.1
H12: 26 5876 | I12: 195.25 | J12: 0.1 | R12: 26 7016 | S12: 226.6 | T12: 0.1
H13: 26 5951 | I13: 94.8 | J13: 0.1 | R13: 26 7048 | S13: 100.8 | T13: 0.1
H14: 26 6564 | I14: 203.06 | J14: 0.1 | R14: 26 7103 | S14: 34.3 | T14: 0.1
H15: 26 6530 | I15: 126 | J15: 0.1 | R15: 26 7151 | S15: 0 | T15: 0.1
H16: 26 6503 | I16: 84 | J16: 0.1 | R16: 26 7202 | S16: 29.4 | T16: 0.1
H17: 26 6629 | I17: 84 | J17: 0.1 | R17: 26 7226 | S17: 185.49 | T17: 0.1
R18: 26 7264 | S18: 128.2 | T18: 0.1

Sheet _____AGROFOOD
B2: 46204 | L2: 46235
H4: TOTAL | I4: =SUM(F6:F300) -> 4059.71 | R4: TOTAL | S4: =SUM(P6:P300) -> 1199.4617
B5: PRODUCTO | C5: UNIDADES | D5: PRECIO | E5: DTO | F5: TOTAL | H5: ALBARANES | I5: =SUM(I9:I300) -> 4059.72 | L5: PRODUCTO | M5: UNIDADES | N5: PRECIO | O5: DTO | P5: TOTAL | R5: ALBARANES | S5: =SUM(S9:S300) -> 1199.46
B6: ENTRECOT T. MORUCHA | C6: =6.95+3.4+7.12+3.42+15.16+10.41+3.21+8.21+13.51+3.29+7.16+3.57+13.04+10.45 -> 108.9 | D6: 27.5 | E6: 0 | F6: =(C6*D6)-((C6*D6)*E6) -> 2994.75 | H6: DIFERENCIA | I6: =I5-I4 -> 0.01 | L6: MEDALLON P. SOLOMILLO VACUNO (precio+MER 0,07) | M6: =6.17+4.19+4 -> 14.36 | N6: 36.97 | O6: 0 | P6: =(M6*N6)-((M6*N6)*O6) -> 530.8892 | R6: DIFERENCIA | S6: =S5-S4 -> -0.0017
B7: MEDALLON P. SOLOMILLO VACUNO | C7: =2.09+2.12+2.08+2+2.05+2.04+4.19+2.03+2.01+1.94+3.95+2.1 -> 28.6 | D7: 36.9 | E7: 0 | F7: =(C7*D7)-((C7*D7)*E7) -> 1055.34 | L7: ENTRECOT T. MORUCHA (precio+MER 0,07) | M7: =13.34+10.91 -> 24.25 | N7: 27.57 | O7: 0 | P7: =(M7*N7)-((M7*N7)*O7) -> 668.5725
B8: TASA DE ELIMINACION DE RESIDUOS | C8: 1 | D8: 1.02 | E8: 0 | F8: =(C8*D8)-((C8*D8)*E8) -> 1.02 | H8: Nº ALBARÁN | I8: BASE | J8: % IVA | R8: Nº ALBARÁN | S8: BASE | T8: % IVA
B9: TASA DE ELIMINACION DE RESIDUOS | C9: 1 | D9: 0.74 | E9: 0 | F9: =(C9*D9)-((C9*D9)*E9) -> 0.74 | H9: M26/810 | I9: 441 | J9: 0.1 | R9: M26/935 | S9: 228.11 | T9: 0.1
B10: TASA DE ELIMINACION DE RESIDUOS | C10: 1 | D10: 1.21 | E10: 0 | F10: =(C10*D10)-((C10*D10)*E10) -> 1.21 | H10: M26/787 | I10: 290.59 | J10: 0.1 | R10: M26/952 | S10: 522.68 | T10: 0.1
B11: TASA DE ELIMINACION DE RESIDUOS | C11: 1 | D11: 1.15 | E11: 0 | F11: =(C11*D11)-((C11*D11)*E11) -> 1.15 | H11: M26/776 | I11: 494.86 | J11: 0.1 | R11: M26/928 | S11: 448.67 | T11: 0.1
B12: TASA DE ELIMINACION DE RESIDUOS | C12: 1 | D12: 0.22 | E12: 0 | F12: =(C12*D12)-((C12*D12)*E12) -> 0.22 | H12: M26/865 | I12: 512.15 | J12: 0.1
B13: TASA DE ELIMINACION DE RESIDUOS | C13: 1 | D13: 0.57 | E13: 0 | F13: =(C13*D13)-((C13*D13)*E13) -> 0.57 | H13: M26/849 | I13: 88.5 | J13: 0.1
B14: TASA DE ELIMINACION DE RESIDUOS | C14: 1 | D14: 1.47 | E14: 0 | F14: =(C14*D14)-((C14*D14)*E14) -> 1.47 | H14: M26/844 | I14: 226.35 | J14: 0.1
B15: TASA DE ELIMINACION DE RESIDUOS | C15: 1 | D15: 1.03 | E15: 0 | F15: =(C15*D15)-((C15*D15)*E15) -> 1.03 | H15: M26/839 | I15: 618.08 | J15: 0.1
B16: TASA DE ELIMINACION DE RESIDUOS | C16: 1 | D16: 1.33 | E16: 0 | F16: =(C16*D16)-((C16*D16)*E16) -> 1.33 | H16: M26/817 | I16: 445.18 | J16: 0.1
B17: TASA DE ELIMINACION DE RESIDUOS | C17: 1 | D17: 0.88 | E17: 0 | F17: =(C17*D17)-((C17*D17)*E17) -> 0.88 | H17: M26/890 | I17: 577.26 | J17: 0.1
H18: M26/872 | I18: 365.75 | J18: 0.1

Sheet _____ANTONIO DE MIGUEL
B2: 46204
H4: TOTAL | I4: =SUM(F6:F300) -> 280.3
B5: PRODUCTO | C5: UNIDADES | D5: PRECIO | E5: DTO | F5: TOTAL | H5: ALBARANES | I5: =SUM(I9:I300) -> 280.3
B6: PATO CEBADO-FOIE RESTAURACION (400-900) | C6: 10 | D6: 28.03 | E6: 0 | F6: =(C6*D6)-((C6*D6)*E6) -> 280.3 | H6: DIFERENCIA | I6: =I5-I4 -> 0
H8: Nº ALBARÁN | I8: BASE | J8: % IVA
H9: A/2066113 | I9: 280.3 | J9: 0.1

Sheet _____CALIDOSCOPI
B2: 46204
H4: TOTAL | I4: =SUM(F6:F300) -> 339
B5: PRODUCTO | C5: UNIDADES | D5: PRECIO | E5: DTO | F5: TOTAL | H5: ALBARANES | I5: =SUM(I9:I300) -> 339
B6: PAGO DE CARRAOVEJAS 2023 | C6: 12 | D6: 28.25 | E6: 0 | F6: =(C6*D6)-((C6*D6)*E6) -> 339 | H6: DIFERENCIA | I6: =I5-I4 -> 0
H8: Nº ALBARÁN | I8: BASE | J8: % IVA
H9: AV-CV26-004508 | I9: 339 | J9: 0.21

Sheet _____CARNICAS MEAT
B2: 46204 | L2: 46235
H4: TOTAL | I4: =SUM(F6:F300) -> 1412.4078 | R4: TOTAL | S4: =SUM(P6:P300) -> 640.25
B5: PRODUCTO | C5: UNIDADES | D5: PRECIO | E5: DTO | F5: TOTAL | H5: ALBARANES | I5: =SUM(I9:I300) -> 1412.35 | L5: PRODUCTO | M5: UNIDADES | N5: PRECIO | O5: DTO | P5: TOTAL | R5: ALBARANES | S5: =SUM(S9:S300) -> 640.26
B6: CHULETA CORDERO LECHAL | C6: =8.86+6.715+4.685 -> 20.26 | D6: 25 | E6: 0 | F6: =(C6*D6)-((C6*D6)*E6) -> 506.5 | H6: DIFERENCIA | I6: =I5-I4 -> -0.05775 | L6: SOLOMILLO VACA | M6: =6.65+4.375 -> 11.025 | N6: 35 | O6: 0 | P6: =(M6*N6)-((M6*N6)*O6) -> 385.875 | R6: DIFERENCIA | S6: =S5-S4 -> 0.01
B7: TERNERA MIXTA | C7: =5.11 -> 5.11 | D7: 10.9 | E7: 0 | F7: =(C7*D7)-((C7*D7)*E7) -> 55.699 | L7: CHULETA CORDERO LECHAL | M7: =5.925+4.25 -> 10.175 | N7: 25 | O7: 0 | P7: =(M7*N7)-((M7*N7)*O7) -> 254.375
B8: SOLOMILLO VACA | C8: =5.445+6.48 -> 11.925 | D8: 34.55 | E8: 0 | F8: =(C8*D8)-((C8*D8)*E8) -> 412.00875 | H8: Nº ALBARÁN | I8: BASE | J8: % IVA | R8: Nº ALBARÁN | S8: BASE | T8: % IVA
B9: SOLOMILLO VACA | C9: =5.795+6.725 -> 12.52 | D9: 35 | E9: 0 | F9: =(C9*D9)-((C9*D9)*E9) -> 438.2 | H9: A1/195 | I9: 221.5 | J9: 0.1 | R9: A1/221 | S9: 380.88 | T9: 0.1
H10: A1/191 | I10: 243.8 | J10: 0.1 | R10: A1/227 | S10: 259.38 | T10: 0.1
H11: A1/188 | I11: 370.7 | J11: 0.1
H12: A1/209 | I12: 340.98 | J12: 0.1
H13: A1/202 | I13: 235.37 | J13: 0.1

Sheet _____CARNICAS OPC
B2: 46204
H4: TOTAL | I4: =SUM(F6:F300) -> 240.66
B5: PRODUCTO | C5: UNIDADES | D5: PRECIO | E5: DTO | F5: TOTAL | H5: ALBARANES | I5: =SUM(I9:I300) -> 240.66
B6: MEDIA CAJA HUEVO | C6: 1 | D6: 45 | E6: 0 | F6: =(C6*D6)-((C6*D6)*E6) -> 45 | H6: DIFERENCIA | I6: =I5-I4 -> 0
B7: PANCETA ADOBADA | C7: =4.2+4+3 -> 11.2 | D7: 8.8 | E7: 0 | F7: =(C7*D7)-((C7*D7)*E7) -> 98.56
B8: CAJA HUEVOS CORRAL | C8: 1 | D8: 52.5 | E8: 0 | F8: =(C8*D8)-((C8*D8)*E8) -> 52.5 | H8: Nº ALBARÁN | I8: BASE | J8: % IVA
B9: POLLO TROCEADO | C9: =5.2 -> 5.2 | D9: 3.5 | E9: 0 | F9: =(C9*D9)-((C9*D9)*E9) -> 18.2 | H9: A2607-0221 | I9: 81.96 | J9: 0.1
B10: OREJA DE CERDO | C10: =4.4 -> 4.4 | D10: 6 | E10: 0 | F10: =(C10*D10)-((C10*D10)*E10) -> 26.4 | H10: A2607-0169 | I10: 105.9 | J10: 0.21
H11: A2607-0092 | I11: 52.8 | J11: 0.1

Sheet _____COCA-COLA
B2: 46204 | L2: 46235
H4: TOTAL | I4: =SUM(F6:F300) -> 2124 | R4: TOTAL | S4: =SUM(P6:P300) -> 457.7196
B5: PRODUCTO | C5: UNIDADES | D5: PRECIO | E5: DTO | F5: TOTAL | H5: ALBARANES | I5: =SUM(I9:I300) -> 2124.02 | L5: PRODUCTO | M5: UNIDADES | N5: PRECIO | O5: DTO | P5: TOTAL | R5: ALBARANES | S5: =SUM(S9:S300) -> 457.72
B6: CAJA+BOTELLAS VR237 | C6: 20 | D6: 4.8 | E6: 0 | F6: =(C6*D6)-((C6*D6)*E6) -> 96 | H6: DIFERENCIA | I6: =I5-I4 -> 0.02 | L6: COCACOLA VR237 C24 (neto caja) | M6: 3 | N6: 20.28 | O6: 0 | P6: =(M6*N6)-((M6*N6)*O6) -> 60.84 | R6: DIFERENCIA | S6: =S5-S4 -> 0.0004
B7: COCACOLA PET2L C6 | C7: 36 | D7: 2.504 | E7: 0 | F7: =(C7*D7)-((C7*D7)*E7) -> 90.144 | L7: COCACOLA ZERO VR237 C24 (neto caja) | M7: 6 | N7: 20.2783 | O7: 0 | P7: =(M7*N7)-((M7*N7)*O7) -> 121.6698
B8: COCACOLA VR237 C24 | C8: =48+48+96+96+96+144 -> 528 | D8: 0.845 | E8: 0 | F8: =(C8*D8)-((C8*D8)*E8) -> 446.16 | H8: Nº ALBARÁN | I8: BASE | J8: % IVA | L8: COCACOLA ZERO ZERO VR237 C24 (neto caja) | M8: =2+1 -> 3 | N8: 20.28 | O8: 0 | P8: =(M8*N8)-((M8*N8)*O8) -> 60.84 | R8: Nº ALBARÁN | S8: BASE | T8: % IVA
B9: COCACOLA VR237 C24 | C9: 21 | D9: 4.8 | E9: 0 | F9: =(C9*D9)-((C9*D9)*E9) -> 100.8 | H9: 521604 | I9: 200.66 | J9: 0.21 | L9: COCACOLA PET 2L C6 (neto caja) | M9: 1 | N9: 15.02 | O9: 0 | P9: =(M9*N9)-((M9*N9)*O9) -> 15.02 | R9: 4536210096 | S9: 238.09 | T9: 0.21
B10: COCACOLA ZER VR237 C24 | C10: =144+120+168+216+144+360+288 -> 1440 | D10: 0.845 | E10: 0 | F10: =(C10*D10)-((C10*D10)*E10) -> 1216.8 | H10: 629349 | I10: 141.96 | J10: 0.21 | L10: COCACOLA VR237 C24 (neto caja) | M10: 6 | N10: 20.2783 | O10: 0 | P10: =(M10*N10)-((M10*N10)*O10) -> 121.6698 | R10: 4536386996 | S10: 223.07 | T10: 0.21
B11: COCACOLA ZER ZER VR237 C24 | C11: =48+24+72 -> 144 | D11: 0.845 | E11: 0 | F11: =(C11*D11)-((C11*D11)*E11) -> 121.68 | H11: 658014 | I11: 34.96 | J11: 0.1 | L11: COCACOLA ZERO VR237 C24 (neto caja) | M11: 4 | N11: 20.28 | O11: 0 | P11: =(M11*N11)-((M11*N11)*O11) -> 81.12 | R11: 4536386996 | S11: 34.96 | T11: 0.1
B12: MINUTE MAID TOM VNR20 C24 | C12: =48+24 -> 72 | D12: 0.728 | E12: 0 | F12: =(C12*D12)-((C12*D12)*E12) -> 52.416 | H12: 658014 | I12: 293.69 | J12: 0.21 | L12: MINUTE MAID TOMATE VNR20 C24 (neto caja) | M12: 2 | N12: 17.48 | O12: 0 | P12: =(M12*N12)-((M12*N12)*O12) -> 34.96 | R12: 4536386995 | S12: -38.4 | T12: 0.21
H13: 657975 | I13: 48 | J13: 0.21 | L13: DEVOLUCION CAJA+BOTELLAS VR237 | M13: -8 | N13: 4.8 | O13: 0 | P13: =(M13*N13)-((M13*N13)*O13) -> -38.4
H14: 874907 | I14: 17.48 | J14: 0.1
H15: 874907 | I15: 287.64 | J15: 0.21
H16: 970813 | I16: 232.84 | J16: 0.21
H17: 122492 | I17: 484.55 | J17: 0.21
H18: 366393 | I18: 334.24 | J18: 0.1
H19: 366398 | I19: 48 | J19: 0.21

Sheet _____CONS. SELEC. SANT
B2: 46204 | L2: 46235
H4: TOTAL | I4: =SUM(F6:F300) -> 705.24 | R4: TOTAL | S4: =SUM(P6:P300) -> 382.59
B5: PRODUCTO | C5: UNIDADES | D5: PRECIO | E5: DTO | F5: TOTAL | H5: ALBARANES | I5: =SUM(I9:I300) -> 705.24 | L5: PRODUCTO | M5: UNIDADES | N5: PRECIO | O5: DTO | P5: TOTAL | R5: ALBARANES | S5: =SUM(S9:S300) -> 382.59
B6: DON BOCARTE MEDIO PULPO 360-400 gr | C6: =12.88+13.24 -> 26.12 | D6: 27 | E6: 0 | F6: =(C6*D6)-((C6*D6)*E6) -> 705.24 | H6: DIFERENCIA | I6: =I5-I4 -> 0 | L6: DON BOCARTE MEDIO PULPO 360-400 gr | M6: 14.17 | N6: 27 | O6: 0 | P6: =(M6*N6)-((M6*N6)*O6) -> 382.59 | R6: DIFERENCIA | S6: =S5-S4 -> 0
H8: Nº ALBARÁN | I8: BASE | J8: % IVA | R8: Nº ALBARÁN | S8: BASE | T8: % IVA
H9: 4604 | I9: 347.76 | J9: 0.1 | R9: 5653 | S9: 382.59 | T9: 0.1
H10: 5016 | I10: 357.48 | J10: 0.1

Sheet _____CONS. Y SALAZONES
B2: 46204 | L2: 46235
H4: TOTAL | I4: =SUM(F6:F300) -> 3739.9387 | R4: TOTAL | S4: =SUM(P6:P300) -> 1061.5909
B5: PRODUCTO | C5: UNIDADES | D5: PRECIO | E5: DTO | F5: TOTAL | H5: ALBARANES | I5: =SUM(I9:I300) -> 3739.92 | L5: PRODUCTO | M5: UNIDADES | N5: PRECIO | O5: DTO | P5: TOTAL | R5: ALBARANES | S5: =SUM(S9:S300) -> 1061.59
B6: ANCHOAS CANTABRICO COSTERA | C6: =8+8+8+8+8+8 -> 48 | D6: 16.9 | E6: 0.02 | F6: =(C6*D6)-((C6*D6)*E6) -> 794.976 | H6: DIFERENCIA | I6: =I5-I4 -> -0.01872 | L6: ANCHOAS CANTABRICO COSTERA | M6: =8+8 -> 16 | N6: 16.9 | O6: 0.02 | P6: =(M6*N6)-((M6*N6)*O6) -> 264.992 | R6: DIFERENCIA | S6: =S5-S4 -> -0.00088
B7: ANCHOAS DEL CANTABRICO GRAN RESERVA | C7: =16+16+16+16 -> 64 | D7: 28.66 | E7: 0.02 | F7: =(C7*D7)-((C7*D7)*E7) -> 1797.5552 | L7: VENTRESCA DE BONITO EXTRA | M7: 24 | N7: 5.86 | O7: 0.02 | P7: =(M7*N7)-((M7*N7)*O7) -> 137.8272
B8: VENTRESCA DE BONITO EXTRA | C8: =24+24 -> 48 | D8: 5.86 | E8: 0.02 | F8: =(C8*D8)-((C8*D8)*E8) -> 275.6544 | H8: Nº ALBARÁN | I8: BASE | J8: % IVA | L8: ANCHOAS DEL CANTABRICO GRAN RESERVA | M8: 16 | N8: 28.66 | O8: 0.02 | P8: =(M8*N8)-((M8*N8)*O8) -> 449.3888 | R8: Nº ALBARÁN | S8: BASE | T8: % IVA
B9: MEJILLONES ESCABECHE RIAS GALLEGAS RR-125 | C9: 25 | D9: 5.86 | E9: 0.02 | F9: =(C9*D9)-((C9*D9)*E9) -> 143.57 | H9: 26A00878 | I9: 719.71 | J9: 0.1 | L9: MEJILLONES ESCABECHE RIAS GALLEGAS OL-120 6/8 | M9: 24 | N9: 5.96 | O9: 0.02 | P9: =(M9*N9)-((M9*N9)*O9) -> 140.1792 | R9: 26A01042 | S9: 859.89 | T9: 0.1
B10: BERBERECHOS RIAS GALLEGAS RO-120 30/40 | C10: 24 | D10: 11.4 | E10: 0.02 | F10: =(C10*D10)-((C10*D10)*E10) -> 268.128 | H10: 26A00831 | I10: 993.58 | J10: 0.1 | L10: MOJAMA EXTRA SUPERIOR LA CHANCA | M10: 1.94 | N10: 36.4 | O10: 0.02 | P10: =(M10*N10)-((M10*N10)*O10) -> 69.20368 | R10: 26A01059 | S10: 201.7 | T10: 0.1
B11: ANCHOAS CANTABRICO RO-550 ETIQUETA ROJA | C11: 18 | D11: 20.6 | E11: 0.02 | F11: =(C11*D11)-((C11*D11)*E11) -> 363.384 | H11: 26A00946 | I11: 270.32 | J11: 0.1
B12: MOJAMA EXTRA SUPERIOR LA CHANCA | C12: 2.71 | D12: 36.4 | E12: 0.02 | F12: =(C12*D12)-((C12*D12)*E12) -> 96.67112 | H12: 26A00922 | I12: 132.5 | J12: 0.1
H13: 26A00916 | I13: 812.77 | J13: 0.1
H14: 26A00903 | I14: 229.16 | J14: 0.1
H15: 26A00978 | I15: 581.88 | J15: 0.1

Sheet _____CRNAS SERVAN
B2: 46204 | L2: 46235
H4: TOTAL | I4: =SUM(F6:F300) -> 1086.025 | R4: TOTAL | S4: =SUM(P6:P300) -> 890.28
B5: PRODUCTO | C5: UNIDADES | D5: PRECIO | E5: DTO | F5: TOTAL | H5: ALBARANES | I5: =SUM(I9:I300) -> 1086.03 | L5: PRODUCTO | M5: UNIDADES | N5: PRECIO | O5: DTO | P5: TOTAL | R5: ALBARANES | S5: =SUM(S9:S300) -> 890.28
B6: MEDIA CAJA DE HUERVO | C6: =2+1 -> 3 | D6: 45 | E6: 0 | F6: =(C6*D6)-((C6*D6)*E6) -> 135 | H6: DIFERENCIA | I6: =I5-I4 -> 0.005 | L6: MEDIA CAJA DE HUERVO | M6: =1+1+1+1 -> 4 | N6: 45 | O6: 0 | P6: =(M6*N6)-((M6*N6)*O6) -> 180 | R6: DIFERENCIA | S6: =S5-S4 -> 0
B7: PANCETA ADOBADA | C7: =4.5+8.5+4.3+8.8+3.8+9.8+7.8 -> 47.5 | D7: 8.8 | E7: 0 | F7: =(C7*D7)-((C7*D7)*E7) -> 418 | L7: PANCETA ADOBADA | M7: =3.9+4.1+3.1+3.9+6.8+6.9+7.4 -> 36.1 | N7: 8.8 | O7: 0 | P7: =(M7*N7)-((M7*N7)*O7) -> 317.68
B8: CAJA HUEVOS DE CORRAL | C8: =1+1+1 -> 3 | D8: 52.5 | E8: 0 | F8: =(C8*D8)-((C8*D8)*E8) -> 157.5 | H8: Nº ALBARÁN | I8: BASE | J8: % IVA | L8: HUESO FRESCO | M8: 6 | N8: 2 | O8: 0 | P8: =(M8*N8)-((M8*N8)*O8) -> 12 | R8: Nº ALBARÁN | S8: BASE | T8: % IVA
B9: POLLO TROCEADO | C9: =5.5+5.5+6.5 -> 17.5 | D9: 3.5 | E9: 0 | F9: =(C9*D9)-((C9*D9)*E9) -> 61.25 | H9: A2607-0444 | I9: 84.6 | J9: 0.1 | L9: HUESO DE TUETANO | M9: 6 | N9: 3 | O9: 0 | P9: =(M9*N9)-((M9*N9)*O9) -> 18 | R9: A2608-0010 | S9: 45 | T9: 0.1
B10: PALETILLA IBERICA | C10: 3.8 | D10: 36 | E10: 0 | F10: =(C10*D10)-((C10*D10)*E10) -> 136.8 | H10: A2607-0048 | I10: 172.3 | J10: 0.1 | L10: MORCILLA ASTURIANA | M10: 8.6 | N10: 9 | O10: 0 | P10: =(M10*N10)-((M10*N10)*O10) -> 77.4 | R10: A2608-0213 | S10: 285.02 | T10: 0.1
B11: OREJA DE CERDO | C11: =4.4+5.1 -> 9.5 | D11: 6 | E11: 0 | F11: =(C11*D11)-((C11*D11)*E11) -> 57 | H11: A2607-0010 | I11: 57.09 | J11: 0.1 | L11: MORRO DE TERNERA | M11: 4 | N11: 8.5 | O11: 0 | P11: =(M11*N11)-((M11*N11)*O11) -> 34 | R11: A2608-0233 | S11: 111.68 | T11: 0.1
B12: POLLO ENTERO | C12: 5.9 | D12: 3.5 | E12: 0 | F12: =(C12*D12)-((C12*D12)*E12) -> 20.65 | H12: A2607-0507 | I12: 208.55 | J12: 0.1 | L12: FALDA DE TERNERA | M12: 6.4 | N12: 11.5 | O12: 0 | P12: =(M12*N12)-((M12*N12)*O12) -> 73.6 | R12: A2608-0257 | S12: 27.28 | T12: 0.1
B13: GALLINAS | C13: 4.9 | D13: 3.75 | E13: 0 | F13: =(C13*D13)-((C13*D13)*E13) -> 18.375 | H13: A2607-0519 | I13: 77.44 | J13: 0.1 | L13: PATAS DE TERNERA | M13: 4.2 | N13: 8.5 | O13: 0 | P13: =(M13*N13)-((M13*N13)*O13) -> 35.7 | R13: A2608-0274 | S13: 67.32 | T13: 0.1
B14: MORCILLO DE TERNERA | C14: 3 | D14: 12.5 | E14: 0 | F14: =(C14*D14)-((C14*D14)*E14) -> 37.5 | H14: A2607-0476 | I14: 71.4 | J14: 0.1 | L14: OREJA DE CERDO | M14: =5.1+5.5+4.3 -> 14.9 | N14: 6 | O14: 0 | P14: =(M14*N14)-((M14*N14)*O14) -> 89.4 | R14: A2608-0327 | S14: 45 | T14: 0.1
B15: PATAS DE TERNERA | C15: 2 | D15: 8.5 | E15: 0 | F15: =(C15*D15)-((C15*D15)*E15) -> 17 | H15: A2607-0335 | I15: 64.04 | J15: 0.1 | L15: CAJA HUEVOS DE CORRAL | M15: 1 | N15: 52.5 | O15: 0 | P15: =(M15*N15)-((M15*N15)*O15) -> 52.5 | R15: A2608-0351 | S15: 104.84 | T15: 0.1
B16: MANOS DE CERDO | C16: 2.1 | D16: 4.5 | E16: 0 | F16: =(C16*D16)-((C16*D16)*E16) -> 9.45 | H16: A2607-0309 | I16: 161.49 | J16: 0.1 | R16: A2608-0356 | S16: 60.72 | T16: 0.1
B17: MORRO DE TERNERA | C17: 1 | D17: 8.5 | E17: 0 | F17: =(C17*D17)-((C17*D17)*E17) -> 8.5 | H17: A2607-0239 | I17: 189.12 | J17: 0.1 | R17: A2608-0379 | S17: 143.42 | T17: 0.1
B18: CHORIZO ASTURIANO | C18: 1 | D18: 9 | E18: 0 | F18: =(C18*D18)-((C18*D18)*E18) -> 9

Sheet _____CRUSTAPESCA
B2: 46204 | L2: 46235
H4: TOTAL | I4: =SUM(F6:F300) -> 1970.464 | R4: TOTAL | S4: =SUM(P6:P300) -> 772
B5: PRODUCTO | C5: UNIDADES | D5: PRECIO | E5: DTO | F5: TOTAL | H5: ALBARANES | I5: =SUM(I9:I300) -> 1970.46 | L5: PRODUCTO | M5: UNIDADES | N5: PRECIO | O5: DTO | P5: TOTAL | R5: ALBARANES | S5: =SUM(S9:S300) -> 772
B6: GAMBA FR M | C6: =18+3+3+3+6+3+6+3+4+3 -> 52 | D6: 26 | E6: 0 | F6: =(C6*D6)-((C6*D6)*E6) -> 1352 | H6: DIFERENCIA | I6: =I5-I4 -> -0.004 | L6: COLA GAMBON (abono) | M6: -5 | N6: 22 | O6: 0 | P6: =(M6*N6)-((M6*N6)*O6) -> -110 | R6: DIFERENCIA | S6: =S5-S4 -> 0
B7: VENTRESCA | C7: 4.84 | D7: 59.6 | E7: 0 | F7: =(C7*D7)-((C7*D7)*E7) -> 288.464 | L7: VENTRESCA (abono) | M7: -2 | N7: 59.8 | O7: 0 | P7: =(M7*N7)-((M7*N7)*O7) -> -119.6
B8: COLA G | C8: =4.5+6+6 -> 16.5 | D8: 20 | E8: 0 | F8: =(C8*D8)-((C8*D8)*E8) -> 330 | H8: Nº ALBARÁN | I8: BASE | J8: % IVA | L8: VENTRESCA | M8: 2 | N8: 59.8 | O8: 0 | P8: =(M8*N8)-((M8*N8)*O8) -> 119.6 | R8: Nº ALBARÁN | S8: BASE | T8: % IVA
H9: 10073 | I9: 78 | J9: 0.1 | L9: GAMBA FR M | M9: =3+3+3+3+3+3+3+6 -> 27 | N9: 26 | O9: 0 | P9: =(M9*N9)-((M9*N9)*O9) -> 702 | R9: 20081 (ABONO) | S9: -229.6 | T9: 0.1
H10: 9071 | I10: 156 | J10: 0.1 | L10: COLA G | M10: =4.5+4.5 -> 9 | N10: 20 | O10: 0 | P10: =(M10*N10)-((M10*N10)*O10) -> 180 | R10: 25081 | S10: 119.6 | T10: 0.1
H11: 8074 | I11: 288.46 | J11: 0.1 | R11: 27084 | S11: 78 | T11: 0.1
H12: 2074 | I12: 156 | J12: 0.1 | R12: 5081 | S12: 78 | T12: 0.1
H13: 1074 | I13: 78 | J13: 0.1 | R13: 6083 | S13: 78 | T13: 0.1
H14: 31074 | I14: 90 | J14: 0.1 | R14: 18086 | S14: 78 | T14: 0.1
H15: 30076 | I15: 78 | J15: 0.1 | R15: 19083 | S15: 78 | T15: 0.1
H16: 29074 | I16: 78 | J16: 0.1 | R16: S/N 22-08 | S16: 168 | T16: 0.1
H17: 28071 | I17: 198 | J17: 0.1 | R17: 25085 | S17: 78 | T17: 0.1
H18: 18071 | I18: 156 | J18: 0.1 | R18: 29082 | S18: 246 | T18: 0.1
H19: S/N 16-07 | I19: 78 | J19: 0.1
H20: 150710 | I20: 120 | J20: 0.1
H21: 14071 | I21: 156 | J21: 0.1
H22: 23077 | I22: 78 | J22: 0.1
H23: S/N 21-07 | I23: 104 | J23: 0.1
H24: S/N 24-07 | I24: 78 | J24: 0.1

Sheet _____DELIPAN
B2: 46204 | L2: 46235
H4: TOTAL | I4: =SUM(F6:F300) -> 1032.66 | R4: TOTAL | S4: =SUM(P6:P300) -> 381.21
B5: PRODUCTO | C5: UNIDADES | D5: PRECIO | E5: DTO | F5: TOTAL | H5: ALBARANES | I5: =SUM(I9:I300) -> 1032.66 | L5: PRODUCTO | M5: UNIDADES | N5: PRECIO | O5: DTO | P5: TOTAL | R5: ALBARANES | S5: =SUM(S9:S300) -> 381.21
B6: DELIPAN | C6: 4 | D6: 17.73 | E6: 0 | F6: =(C6*D6)-((C6*D6)*E6) -> 70.92 | H6: DIFERENCIA | I6: =I5-I4 -> 0 | L6: PICOS ARTESANOS 500gr | M6: =2+2+3 -> 7 | N6: 11.48 | O6: 0 | P6: =(M6*N6)-((M6*N6)*O6) -> 80.36 | R6: DIFERENCIA | S6: =S5-S4 -> 0
B7: PICOS ARTESANOS 500gr | C7: =5+2+1+2+2+2 -> 14 | D7: 11.48 | E7: 0 | F7: =(C7*D7)-((C7*D7)*E7) -> 160.72 | L7: DELIFLAUTA 17 PERRITO 90 uds | M7: =1+2+3+3+3 -> 12 | N7: 17.73 | O7: 0 | P7: =(M7*N7)-((M7*N7)*O7) -> 212.76
B8: DELIFLAUTA 17 PERRITO 90 uds | C8: =3+4+3+2+4+4+5+4 -> 29 | D8: 17.73 | E8: 0 | F8: =(C8*D8)-((C8*D8)*E8) -> 514.17 | H8: Nº ALBARÁN | I8: BASE | J8: % IVA | L8: PAN MOLDE BRIOCHE (7 ud) | M8: 1 | N8: 88.09 | O8: 0 | P8: =(M8*N8)-((M8*N8)*O8) -> 88.09 | R8: Nº ALBARÁN | S8: BASE | T8: % IVA
B9: PAN MOLDE BRIOCHE (7 ud) | C9: =1+1+1 -> 3 | D9: 88.09 | E9: 0 | F9: =(C9*D9)-((C9*D9)*E9) -> 264.27 | H9: A2/8520 | I9: 105.36 | J9: 0.04 | R9: A2/9526 | S9: 88.09 | T9: 0.1
B10: PICOS SIN GLUTEN 20gr (25 uds) | C10: =1+1 -> 2 | D10: 11.29 | E10: 0 | F10: =(C10*D10)-((C10*D10)*E10) -> 22.58 | H10: A2/8358 | I10: 88.09 | J10: 0.1 | R10: A2/9526 | S10: 40.69 | T10: 0.04
H11: A2/8358 | I11: 76.15 | J11: 0.04 | R11: A2/9861 | S11: 35.46 | T11: 0.04
H12: A2/8248 | I12: 105.17 | J12: 0.04 | R12: A2/10002 | S12: 76.15 | T12: 0.04
H13: A2/9083 | I13: 88.09 | J13: 0.1 | R13: A2/10106 | S13: 53.19 | T13: 0.04
H14: A2/9083 | I14: 75.96 | J14: 0.04 | R14: A2/10260 | S14: 87.63 | T14: 0.04
H15: A2/8944 | I15: 35.46 | J15: 0.04
H16: A2/8841 | I16: 93.88 | J16: 0.04
H17: A2/8675 | I17: 88.09 | J17: 0.1
H18: A2/8675 | I18: 93.88 | J18: 0.04
H19: A2/9337 | I19: 88.65 | J19: 0.04
H20: A2/9201 | I20: 93.88 | J20: 0.04

Sheet _____DISOLTRIGO
B2: 46204 | L2: 46235
H4: TOTAL | I4: =SUM(F6:F300) -> 1295.5 | R4: TOTAL | S4: =SUM(P6:P300) -> 318
B5: PRODUCTO | C5: UNIDADES | D5: PRECIO | E5: DTO | F5: TOTAL | H5: ALBARANES | I5: =SUM(I9:I300) -> 1295.5 | L5: PRODUCTO | M5: UNIDADES | N5: PRECIO | O5: DTO | P5: TOTAL | R5: ALBARANES | S5: =SUM(S9:S300) -> 318
B6: BOQUERON EN VINAGRE PANDERETA | C6: =8+8+8+8 -> 32 | D6: 19 | E6: 0 | F6: =(C6*D6)-((C6*D6)*E6) -> 608 | H6: DIFERENCIA | I6: =I5-I4 -> 0 | L6: 24 PERLE NOIRE N.2 | M6: =2+2 -> 4 | N6: 41.5 | O6: 0 | P6: =(M6*N6)-((M6*N6)*O6) -> 166 | R6: DIFERENCIA | S6: =S5-S4 -> 0
B7: 24 PERLE NOIRE N.2 | C7: =2+4+1+3+3 -> 13 | D7: 41.5 | E7: 0 | F7: =(C7*D7)-((C7*D7)*E7) -> 539.5 | L7: BOQUERON EN VINAGRE PANDERETA | M7: 8 | N7: 19 | O7: 0 | P7: =(M7*N7)-((M7*N7)*O7) -> 152
B8: BOQUERON CASERO EN ACEITE 700g | C8: 8 | D8: 18.5 | E8: 0 | F8: =(C8*D8)-((C8*D8)*E8) -> 148 | H8: Nº ALBARÁN | I8: BASE | J8: % IVA | R8: Nº ALBARÁN | S8: BASE | T8: % IVA
H9: 134806 | I9: 152 | J9: 0.1 | R9: 135823 | S9: 83 | T9: 0.1
H10: 134789 | I10: 83 | J10: 0.1 | R10: 136005 | S10: 235 | T10: 0.1
H11: 134442 | I11: 314 | J11: 0.1
H12: 135177 | I12: 193.5 | J12: 0.1
H13: 135027 | I13: 276.5 | J13: 0.1
H14: 135362 | I14: 276.5 | J14: 0.1

Sheet _____DIST. TENA
B2: 46204 | L2: 46235
H4: TOTAL | I4: =SUM(F6:F300) -> 3131.64 | R4: TOTAL | S4: =SUM(P6:P300) -> 1320.36
B5: PRODUCTO | C5: UNIDADES | D5: PRECIO | E5: DTO | F5: TOTAL | H5: ALBARANES | I5: =SUM(I9:I300) -> 3131.64 | L5: PRODUCTO | M5: UNIDADES | N5: PRECIO | O5: DTO | P5: TOTAL | R5: ALBARANES | S5: =SUM(S9:S300) -> 1320.36
B6: ALBARIÑO MAR DE FRADES | C6: =(23)*6 -> 138 | D6: 11.42 | E6: 0 | F6: =(C6*D6)-((C6*D6)*E6) -> 1575.96 | H6: DIFERENCIA | I6: =I5-I4 -> 0 | L6: ALBARIÑO MAR DE FRADES | M6: =(8+2)*6 -> 60 | N6: 11.42 | O6: 0 | P6: =(M6*N6)-((M6*N6)*O6) -> 685.2 | R6: DIFERENCIA | S6: =S5-S4 -> 0
B7: CAVA BRUT NATURE GRAN CLAUSTRO | C7: =(2)*6 -> 12 | D7: 15.12 | E7: 0 | F7: =(C7*D7)-((C7*D7)*E7) -> 181.44 | L7: CHARDONAY LIAS ECOLOGICO F.ELEZ | M7: =(3)*6 -> 18 | N7: 9.02 | O7: 0 | P7: =(M7*N7)-((M7*N7)*O7) -> 162.36
B8: CHARDONAY LIAS ECOLOGICO F.ELEZ | C8: =(6)*6 -> 36 | D8: 9.02 | E8: 0 | F8: =(C8*D8)-((C8*D8)*E8) -> 324.72 | H8: Nº ALBARÁN | I8: BASE | J8: % IVA | L8: SEÑORIO DE FITERO ROBLE | M8: =(5+3)*6 -> 48 | N8: 2.82 | O8: 0 | P8: =(M8*N8)-((M8*N8)*O8) -> 135.36 | R8: Nº ALBARÁN | S8: BASE | T8: % IVA
B9: GINEBRA MARTIN MILLER 3/4 | C9: =(3)*6 -> 18 | D9: 16.1 | E9: 0 | F9: =(C9*D9)-((C9*D9)*E9) -> 289.8 | H9: FD 2221 | I9: 137.04 | J9: 0.21 | L9: GODELLO VIÑAREDO | M9: =(2+2)*12 -> 48 | N9: 7.03 | O9: 0 | P9: =(M9*N9)-((M9*N9)*O9) -> 337.44 | R9: FD 2485 | S9: 795.12 | T9: 0.21
B10: GODELLO VIÑAREDO | C10: =(7)*12 -> 84 | D10: 7.03 | E10: 0 | F10: =(C10*D10)-((C10*D10)*E10) -> 590.52 | H10: FD 2267 | I10: 488.88 | J10: 0.21 | R10: FD 2606 | S10: 356.52 | T10: 0.21
B11: SEÑORIO DE FITERO ROBLE | C11: =(10)*6 -> 60 | D11: 2.82 | E11: 0 | F11: =(C11*D11)-((C11*D11)*E11) -> 169.2 | H11: FD 2309 | I11: 799.08 | J11: 0.21 | R11: FD 2650 | S11: 168.72 | T11: 0.21
H12: FD 2334 | I12: 411.12 | J12: 0.21
H13: FD 2369 | I13: 765.48 | J13: 0.21
H14: FD 2419 | I14: 530.04 | J14: 0.21

Sheet _____EIF DISTRIBUCIONES
B2: 46204 | L2: 46235
H4: TOTAL | I4: =SUM(F6:F300) -> 646.5718 | R4: TOTAL | S4: =SUM(P6:P300) -> 604.0463
B5: PRODUCTO | C5: UNIDADES | D5: PRECIO | E5: DTO | F5: TOTAL | H5: ALBARANES | I5: =SUM(I9:I300) -> 646.58 | L5: PRODUCTO | M5: UNIDADES | N5: PRECIO | O5: DTO | P5: TOTAL | R5: ALBARANES | S5: =SUM(S9:S300) -> 604.05
B6: IZAGUIRRE BOX 20L | C6: 2 | D6: 120.15 | E6: 0.03 | F6: =(C6*D6)-((C6*D6)*E6) -> 233.091 | H6: DIFERENCIA | I6: =I5-I4 -> 0.0082 | L6: IZAGUIRRE BOX 20L | M6: 1 | N6: 120.15 | O6: 0.03 | P6: =(M6*N6)-((M6*N6)*O6) -> 116.5455 | R6: DIFERENCIA | S6: =S5-S4 -> 0.0037
B7: RED BULL | C7: 3 | D7: 20.88 | E7: 0 | F7: =(C7*D7)-((C7*D7)*E7) -> 62.64 | L7: ALBARAN | M7: =1+1 -> 2 | N7: 1 | O7: 0 | P7: =(M7*N7)-((M7*N7)*O7) -> 2
B8: ALBARAN | C8: 4 | D8: 1 | E8: 0 | F8: =(C8*D8)-((C8*D8)*E8) -> 4 | H8: Nº ALBARÁN | I8: BASE | J8: % IVA | L8: SCHWEPPES TONICA RET 28 UDS | M8: 5 | N8: 24.84 | O8: 0 | P8: =(M8*N8)-((M8*N8)*O8) -> 124.2 | R8: Nº ALBARÁN | S8: BASE | T8: % IVA
B9: SOLAN DE CABRAS CON GAS | C9: 5 | D9: 26.8 | E9: 0 | F9: =(C9*D9)-((C9*D9)*E9) -> 134 | H9: 2026/1/18961 | I9: 138.43 | J9: 0.21 | L9: COCA COLA ZERO NAC RET | M9: 4 | N9: 21.78 | O9: 0 | P9: =(M9*N9)-((M9*N9)*O9) -> 87.12 | R9: 2026/1/23727 | S9: 117.55 | T9: 0.21
B10: BARCELO AÑEJO | C10: 12 | D10: 12.72 | E10: 0.03 | F10: =(C10*D10)-((C10*D10)*E10) -> 148.0608 | H10: 2026/1/19030 | I10: 134 | J10: 0.1 | L10: MAHOU 0,0 TOSTADA | M10: 3 | N10: 23.85 | O10: 0 | P10: =(M10*N10)-((M10*N10)*O10) -> 71.55 | R10: 2026/1/24261 | S10: 283.84 | T10: 0.21
B11: RED BULL SIN AZUCAR | C11: 1 | D11: 20.88 | E11: 0 | F11: =(C11*D11)-((C11*D11)*E11) -> 20.88 | H11: 2026/1/19510 | I11: 149.06 | J11: 0.21 | L11: ALBARAN | M11: 1 | N11: 1 | O11: 0.03 | P11: =(M11*N11)-((M11*N11)*O11) -> 0.97 | R11: 2026/1/24376 | S11: 53.6 | T11: 0.1
B12: MAHOU SIN GLUTEN | C12: 2 | D12: 21.95 | E12: 0 | F12: =(C12*D12)-((C12*D12)*E12) -> 43.9 | H12: 2026/1/20194 | I12: 180.19 | J12: 0.21 | L12: SOLAN DE CABRAS CON GAS | M12: 2 | N12: 26.8 | O12: 0 | P12: =(M12*N12)-((M12*N12)*O12) -> 53.6 | R12: 2026/1/24376 | S12: 1 | T12: 0.21
H13: 2026/1/20864 | I13: 44.9 | J13: 0.21 | L13: BARCELO AÑEJO | M13: 12 | N13: 12.72 | O13: 0.03 | P13: =(M13*N13)-((M13*N13)*O13) -> 148.0608 | R13: 2026/1/24385 | S13: 148.06 | T13: 0.21

Sheet _____ENRIQUE CAMPS
B2: 46204 | L2: 46235
H4: TOTAL | I4: =SUM(F6:F300) -> 1189 | R4: TOTAL | S4: =SUM(P6:P300) -> 432
B5: PRODUCTO | C5: UNIDADES | D5: PRECIO | E5: DTO | F5: TOTAL | H5: ALBARANES | I5: =SUM(I9:I300) -> 1189 | L5: PRODUCTO | M5: UNIDADES | N5: PRECIO | O5: DTO | P5: TOTAL | R5: ALBARANES | S5: =SUM(S9:S300) -> 432
B6: TARTA CHOCOLATE | C6: =2+4+2+1+3+3+2 -> 17 | D6: 37 | E6: 0 | F6: =(C6*D6)-((C6*D6)*E6) -> 629 | H6: DIFERENCIA | I6: =I5-I4 -> 0 | L6: TARTA QUESO | M6: =3+3 -> 6 | N6: 35 | O6: 0 | P6: =(M6*N6)-((M6*N6)*O6) -> 210 | R6: DIFERENCIA | S6: =S5-S4 -> 0
B7: TARTA QUESO | C7: =1+4+2+1+3+3+2 -> 16 | D7: 35 | E7: 0 | F7: =(C7*D7)-((C7*D7)*E7) -> 560 | L7: TARTA CHOCOLATE | M7: =3+3 -> 6 | N7: 37 | O7: 0 | P7: =(M7*N7)-((M7*N7)*O7) -> 222
H8: Nº ALBARÁN | I8: BASE | J8: % IVA | R8: Nº ALBARÁN | S8: BASE | T8: % IVA
H9: A26/1816 | I9: 109 | J9: 0.1 | R9: A26/2164 | S9: 216 | T9: 0.1
H10: A26/1739 | I10: 288 | J10: 0.1 | R10: A26/2116 | S10: 216 | T10: 0.1
H11: A26/1957 | I11: 144 | J11: 0.1
H12: A26/2026 | I12: 72 | J12: 0.1
H13: A26/1984 | I13: 216 | J13: 0.1
H14: A26/1892 | I14: 216 | J14: 0.1
H15: A26/1840 | I15: 144 | J15: 0.1

Sheet _____ESCRIBANO SANZ
B2: 46204 | L2: 46235
H4: TOTAL | I4: =SUM(F6:F300) -> 193.69 | R4: TOTAL | S4: =SUM(P6:P300) -> 84.48
B5: PRODUCTO | C5: UNIDADES | D5: PRECIO | E5: DTO | F5: TOTAL | H5: ALBARANES | I5: =SUM(I9:I300) -> 193.7 | L5: PRODUCTO | M5: UNIDADES | N5: PRECIO | O5: DTO | P5: TOTAL | R5: ALBARANES | S5: =SUM(S9:S300) -> 84.48
B6: LOMO BELLOTA 100% | C6: =1.15 -> 1.15 | D6: 48.6 | E6: 0 | F6: =(C6*D6)-((C6*D6)*E6) -> 55.89 | H6: DIFERENCIA | I6: =I5-I4 -> 0.01 | L6: LOMO BELLOTA 100% | M6: 1.1 | N6: 51 | O6: 0 | P6: =(M6*N6)-((M6*N6)*O6) -> 56.1 | R6: DIFERENCIA | S6: =S5-S4 -> 0
B7: PAPADA IBERICA | C7: =10+15 -> 25 | D7: 2.3 | E7: 0 | F7: =(C7*D7)-((C7*D7)*E7) -> 57.5 | L7: SALCHICHON IBERICO | M7: 1.29 | N7: 22 | O7: 0 | P7: =(M7*N7)-((M7*N7)*O7) -> 28.38
B8: SALCHICHON IBERICO | C8: 1.1 | D8: 22 | E8: 0 | F8: =(C8*D8)-((C8*D8)*E8) -> 24.2 | H8: Nº ALBARÁN | I8: BASE | J8: % IVA | R8: Nº ALBARÁN | S8: BASE | T8: % IVA
B9: LOMO BELLOTA 100% | C9: 1.1 | D9: 51 | E9: 0 | F9: =(C9*D9)-((C9*D9)*E9) -> 56.1 | H9: 371 | I9: 78.9 | J9: 0.1 | R9: 0613 | S9: 84.48 | T9: 0.1
H10: 0465 | I10: 80.3 | J10: 0.1
H11: 0524 | I11: 34.5 | J11: 0.1

Sheet _____FCO JAVIER LABRADOR
B2: 46204 | L2: 46235
H4: TOTAL | I4: =SUM(F6:F300) -> 183.2 | R4: TOTAL | S4: =SUM(P6:P300) -> 91.6
B5: PRODUCTO | C5: UNIDADES | D5: PRECIO | E5: DTO | F5: TOTAL | H5: ALBARANES | I5: =SUM(I9:I300) -> 183.2 | L5: PRODUCTO | M5: UNIDADES | N5: PRECIO | O5: DTO | P5: TOTAL | R5: ALBARANES | S5: =SUM(S9:S300) -> 91.6
B6: FLOR DE ALCACHOFA CONFITADA A. ORUJO (20 uds) | C6: =4+4 -> 8 | D6: 22.9 | E6: 0 | F6: =(C6*D6)-((C6*D6)*E6) -> 183.2 | H6: DIFERENCIA | I6: =I5-I4 -> 0 | L6: FLOR DE ALCACHOFA CONFITADA A. ORUJO (20 uds) | M6: 4 | N6: 22.9 | O6: 0 | P6: =(M6*N6)-((M6*N6)*O6) -> 91.6 | R6: DIFERENCIA | S6: =S5-S4 -> 0
H8: Nº ALBARÁN | I8: BASE | J8: % IVA | R8: Nº ALBARÁN | S8: BASE | T8: % IVA
H9: 01-07/26 | I9: 91.6 | J9: 0.1 | R9: 01-08/26 | S9: 91.6 | T9: 0.1
H10: 02-07/26 | I10: 91.6 | J10: 0.1

Sheet _____FRUTERIA DALISTE
B2: 46204
H4: TOTAL | I4: =SUM(F6:F300) -> 158.9995
B5: PRODUCTO | C5: UNIDADES | D5: PRECIO | E5: DTO | F5: TOTAL | H5: ALBARANES | I5: =SUM(I9:I300) -> 158.99
B6: LIMON | C6: =9.18 -> 9.18 | D6: 3.6 | E6: 0 | F6: =(C6*D6)-((C6*D6)*E6) -> 33.048 | H6: DIFERENCIA | I6: =I5-I4 -> -0.0095
B7: PIMIENTO ROJO | C7: =3.115 -> 3.115 | D7: 4.3 | E7: 0 | F7: =(C7*D7)-((C7*D7)*E7) -> 13.3945
B8: CEBOLLETA CHINA | C8: 2 | D8: 2.2 | E8: 0 | F8: =(C8*D8)-((C8*D8)*E8) -> 4.4 | H8: Nº ALBARÁN | I8: BASE | J8: % IVA
B9: PEREJIL | C9: 1 | D9: 1.6 | E9: 0 | F9: =(C9*D9)-((C9*D9)*E9) -> 1.6 | H9: 08/07/2026 | I9: 91.2 | J9: 0.04
B10: TOMATE IBERICO | C10: =5.96+5.205 -> 11.165 | D10: 5.8 | E10: 0 | F10: =(C10*D10)-((C10*D10)*E10) -> 64.757 | H10: 03/07/2026 | I10: 67.79 | J10: 0.04
B11: LECHUGA BATAVIA | C11: 2 | D11: 2.1 | E11: 0 | F11: =(C11*D11)-((C11*D11)*E11) -> 4.2
B12: CEBOLLETAS | C12: 6 | D12: 2.1 | E12: 0 | F12: =(C12*D12)-((C12*D12)*E12) -> 12.6
B13: PATATAS CREMA (saco 25 kg) | C13: 1 | D13: 25 | E13: 0 | F13: =(C13*D13)-((C13*D13)*E13) -> 25

Sheet _____JC MACKINTOSH
B2: 46235
H4: TOTAL | I4: =SUM(F6:F300) -> 516
B5: PRODUCTO | C5: UNIDADES | D5: PRECIO | E5: DTO | F5: TOTAL | H5: ALBARANES | I5: =SUM(I9:I300) -> 516
B6: VENTRESCA ATUN ROJO AHUMADO LONCHEADO 1 KG | C6: 6 | D6: 83.5 | E6: 0 | F6: =(C6*D6)-((C6*D6)*E6) -> 501 | H6: DIFERENCIA | I6: =I5-I4 -> 0
B7: PORTES | C7: 1 | D7: 15 | E7: 0 | F7: =(C7*D7)-((C7*D7)*E7) -> 15
H8: Nº ALBARÁN | I8: BASE | J8: % IVA
H9: A3774 | I9: 501 | J9: 0.1
H10: A3774 | I10: 15 | J10: 0.21

Sheet _____JOSE PEÑA
B2: 46204
H4: TOTAL | I4: =SUM(F6:F300) -> 748.5
B5: PRODUCTO | C5: UNIDADES | D5: PRECIO | E5: DTO | F5: TOTAL | H5: ALBARANES | I5: =SUM(I9:I300) -> 748.5
B6: VENTRESCA ATUN CLARO OLIVA RO1030 (latas) | C6: 30 | D6: 24.95 | E6: 0 | F6: =(C6*D6)-((C6*D6)*E6) -> 748.5 | H6: DIFERENCIA | I6: =I5-I4 -> 0
H8: Nº ALBARÁN | I8: BASE | J8: % IVA
H9: 2026-260494 | I9: 748.5 | J9: 0.1

Sheet _____JOSE ROMERO PLAZA
B2: 46204
H4: TOTAL | I4: =SUM(F6:F300) -> 444.1
B5: PRODUCTO | C5: UNIDADES | D5: PRECIO | E5: DTO | F5: TOTAL | H5: ALBARANES | I5: =SUM(I9:I300) -> 444.1
B6: BOQUERON GORDO | C6: 5 | D6: 12 | E6: 0 | F6: =(C6*D6)-((C6*D6)*E6) -> 60 | H6: DIFERENCIA | I6: =I5-I4 -> 0
B7: BOQUERON GORDO | C7: =3+2+3+3+3+3 -> 17 | D7: 11 | E7: 0 | F7: =(C7*D7)-((C7*D7)*E7) -> 187
B8: PARROCHAS | C8: =2+1+1+1+1+1 -> 7 | D8: 7 | E8: 0 | F8: =(C8*D8)-((C8*D8)*E8) -> 49 | H8: Nº ALBARÁN | I8: BASE | J8: % IVA
B9: BOQUERON GORDO | C9: =2+3 -> 5 | D9: 10 | E9: 0 | F9: =(C9*D9)-((C9*D9)*E9) -> 50 | H9: 130 | I9: 24 | J9: 0.1
B10: PARROCHAS | C10: =1+1+1 -> 3 | D10: 7.8 | E10: 0 | F10: =(C10*D10)-((C10*D10)*E10) -> 23.4 | H10: 128 | I10: 33 | J10: 0.1
B11: BOQUERON GORDO | C11: 3 | D11: 9.5 | E11: 0 | F11: =(C11*D11)-((C11*D11)*E11) -> 28.5 | H11: 126 | I11: 43 | J11: 0.1
B12: BOQUERON GORDO (alb. 149 - ¿precio erróneo?) | C12: 1 | D12: 46.2 | E12: 0 | F12: =(C12*D12)-((C12*D12)*E12) -> 46.2 | H12: 121 | I12: 7 | J12: 0.1
H13: 113 | I13: 7 | J13: 0.1
H14: 114 | I14: 20 | J14: 0.1
H15: 119 | I15: 29 | J15: 0.1
H16: 145 | I16: 40.8 | J16: 0.1
H17: 141 | I17: 40 | J17: 0.1
H18: 136 | I18: 37 | J18: 0.1
H19: 133 | I19: 35.5 | J19: 0.1
H20: 150 | I20: 40.8 | J20: 0.1
H21: 149 | I21: 79.2 | J21: 0.1
H22: 146 | I22: 7.8 | J22: 0.1

Sheet _____MAGOASE
B2: 46204 | L2: 46235
H4: TOTAL | I4: =SUM(F6:F300) -> 1815.6 | R4: TOTAL | S4: =SUM(P6:P300) -> 930.8
B5: PRODUCTO | C5: UNIDADES | D5: PRECIO | E5: DTO | F5: TOTAL | H5: ALBARANES | I5: =SUM(I9:I300) -> 1815.6 | L5: PRODUCTO | M5: UNIDADES | N5: PRECIO | O5: DTO | P5: TOTAL | R5: ALBARANES | S5: =SUM(S9:S300) -> 930.8
B6: BID. PET CUAD. A.O. SUAVE GUADALIMAR 5L | C6: =(13)*3 -> 39 | D6: 23.95 | E6: 0 | F6: =(C6*D6)-((C6*D6)*E6) -> 934.05 | H6: DIFERENCIA | I6: =I5-I4 -> 0 | L6: BID. PET A.GIRASOL ALTO OLEICO | M6: =(2+1)*1 -> 3 | N6: 45.95 | O6: 0 | P6: =(M6*N6)-((M6*N6)*O6) -> 137.85 | R6: DIFERENCIA | S6: =S5-S4 -> 0
B7: LATA A.O.V.E. AU LINGOTE TEMPRANO | C7: =(4)*15 -> 60 | D7: 7.95 | E7: 0 | F7: =(C7*D7)-((C7*D7)*E7) -> 477 | L7: BID. PET CUAD. A.O. SUAVE GUADALIMAR 5L | M7: =(3)*3 -> 9 | N7: 24.95 | O7: 0 | P7: =(M7*N7)-((M7*N7)*O7) -> 224.55
B8: BID. PET A.GIRASOL ALTO OLEICO | C8: =(9)*1 -> 9 | D8: 44.95 | E8: 0 | F8: =(C8*D8)-((C8*D8)*E8) -> 404.55 | H8: Nº ALBARÁN | I8: BASE | J8: % IVA | L8: BID. PET A.GIRASOL ALTO OLEICO | M8: =(1+1)*1 -> 2 | N8: 44.95 | O8: 0 | P8: =(M8*N8)-((M8*N8)*O8) -> 89.9 | R8: Nº ALBARÁN | S8: BASE | T8: % IVA
H9: 17635 | I9: 262.95 | J9: 0.1 | L9: BID. PET CUAD. A.O. SUAVE GUADALIMAR 5L | M9: =(2+2+1)*3 -> 15 | N9: 23.95 | O9: 0 | P9: =(M9*N9)-((M9*N9)*O9) -> 359.25 | R9: 19624 | S9: 91.9 | T9: 0.1
H10: 17367 | I10: 89.9 | J10: 0.1 | L10: LATA A.O.V.E. AU LINGOTE TEMPRANO | M10: =(1)*15 -> 15 | N10: 7.95 | O10: 0 | P10: =(M10*N10)-((M10*N10)*O10) -> 119.25 | R10: 19624 | S10: 224.55 | T10: 0.04
H11: 17367 | I11: 262.95 | J11: 0.04 | R11: 20748 | S11: 44.95 | T11: 0.1
H12: 16850 | I12: 44.95 | J12: 0.1 | R12: 20748 | S12: 262.95 | T12: 0.04
H13: 16850 | I13: 71.85 | J13: 0.04 | R13: 21111 | S13: 44.95 | T13: 0.1
H14: 18972 | I14: 143.7 | J14: 0.04 | R14: 21111 | S14: 143.7 | T14: 0.04
H15: 18750 | I15: 89.9 | J15: 0.1 | R15: 21604 | S15: 45.95 | T15: 0.1
H16: 18750 | I16: 143.7 | J16: 0.04 | R16: 21604 | S16: 71.85 | T16: 0.04
H17: 18418 | I17: 262.95 | J17: 0.04
H18: 18035 | I18: 89.9 | J18: 0.1
H19: 18035 | I19: 143.7 | J19: 0.04
H20: 19317 | I20: 89.9 | J20: 0.1
H21: 19317 | I21: 119.25 | J21: 0.04

Sheet _____MAKRO
B2: 46204
H4: TOTAL | I4: =SUM(F6:F300) -> 227.89
B5: PRODUCTO | C5: UNIDADES | D5: PRECIO | E5: DTO | F5: TOTAL | H5: ALBARANES | I5: =SUM(I9:I300) -> 227.89
B6: MANTEQUILLA PRESIDENT BQ 1KG | C6: 2 | D6: 16.19 | E6: 0 | F6: =(C6*D6)-((C6*D6)*E6) -> 32.38 | H6: DIFERENCIA | I6: =I5-I4 -> 0
B7: LIMON 2A C-2/6 CJ 9KG | C7: 1 | D7: 17.92 | E7: 0 | F7: =(C7*D7)-((C7*D7)*E7) -> 17.92
B8: NARANJA ZUMO MC C-6/7 SC 5KG | C8: 2 | D8: 7.65 | E8: 0 | F8: =(C8*D8)-((C8*D8)*E8) -> 15.3 | H8: Nº ALBARÁN | I8: BASE | J8: % IVA
B9: ZANAHORIA MC C-35/45 MM 5KG | C9: 1 | D9: 6.11 | E9: 0 | F9: =(C9*D9)-((C9*D9)*E9) -> 6.11 | H9: 9-193072459 | I9: 85.32 | J9: 0.1
B10: CEBOLLINO MC MJ 125G | C10: 4 | D10: 2.81 | E10: 0 | F10: =(C10*D10)-((C10*D10)*E10) -> 11.24 | H10: 9-193072459 | I10: 142.57 | J10: 0.04
B11: CEBOLLA GUISOS MC C-60/80 SC 5KG | C11: 1 | D11: 4.68 | E11: 0 | F11: =(C11*D11)-((C11*D11)*E11) -> 4.68
B12: PATATA LAV AGRIA MC C60/80 12KG | C12: 5 | D12: 11.5 | E12: 0 | F12: =(C12*D12)-((C12*D12)*E12) -> 57.5
B13: CEBOLLETA CHINA MJ | C13: 4 | D13: 1.49 | E13: 0 | F13: =(C13*D13)-((C13*D13)*E13) -> 5.96
B14: PIMIENTO LAMYO VDE ARO 2ACJ5 K | C14: 1 | D14: 10.62 | E14: 0 | F14: =(C14*D14)-((C14*D14)*E14) -> 10.62
B15: CEBOLLETA BCA MJ | C15: 12 | D15: 2.04 | E15: 0 | F15: =(C15*D15)-((C15*D15)*E15) -> 24.48
B16: SAL MALDON 1.4 KG | C16: 1 | D16: 23.64 | E16: 0 | F16: =(C16*D16)-((C16*D16)*E16) -> 23.64
B17: SSA SOJA KIKKOMAN 1L | C17: 2 | D17: 9.03 | E17: 0 | F17: =(C17*D17)-((C17*D17)*E17) -> 18.06

Sheet _____MANU AMBRES
B2: 46204 | L2: 46235
H4: TOTAL | I4: =SUM(F6:F300) -> 904.824 | R4: TOTAL | S4: =SUM(P6:P300) -> 425
B5: PRODUCTO | C5: UNIDADES | D5: PRECIO | E5: DTO | F5: TOTAL | H5: ALBARANES | I5: =SUM(I9:I300) -> 904.82 | L5: PRODUCTO | M5: UNIDADES | N5: PRECIO | O5: DTO | P5: TOTAL | R5: ALBARANES | S5: =SUM(S9:S300) -> 425
B6: RACION CECINA PREMIUM 100gr | C6: =20+15 -> 35 | D6: 7.35 | E6: 0 | F6: =(C6*D6)-((C6*D6)*E6) -> 257.25 | H6: DIFERENCIA | I6: =I5-I4 -> -0.004 | L6: RACION J. BELLOTA 100% 100gr | M6: 20 | N6: 13.9 | O6: 0 | P6: =(M6*N6)-((M6*N6)*O6) -> 278 | R6: DIFERENCIA | S6: =S5-S4 -> 0
B7: CECINA PREMIUM EMBUCHADA | C7: =-1.34 -> -1.34 | D7: 58.9 | E7: 0 | F7: =(C7*D7)-((C7*D7)*E7) -> -78.926 | L7: RACION CECINA PREMIUM 100gr (BLACK ANGUS) | M7: 20 | N7: 7.35 | O7: 0 | P7: =(M7*N7)-((M7*N7)*O7) -> 147
B8: RACION J. BELLOTA 100% 100gr | C8: =15+20 -> 35 | D8: 13.9 | E8: 0 | F8: =(C8*D8)-((C8*D8)*E8) -> 486.5 | H8: Nº ALBARÁN | I8: BASE | J8: % IVA | R8: Nº ALBARÁN | S8: BASE | T8: % IVA
B9: RACION CECINA BLACK ANGUS WAGYU 100gr | C9: 15 | D9: 16 | E9: 0 | F9: =(C9*D9)-((C9*D9)*E9) -> 240 | H9: 26/10457 | I9: 68.07 | J9: 0.1 | R9: 26/11925 | S9: 425 | T9: 0.1
H10: 26/11141 | I10: 558.75 | J10: 0.1
H11: 26/10768 | I11: 278 | J11: 0.1

Sheet _____MARTIN CANEDA
B2: 46204 | L2: 46235
H4: TOTAL | I4: =SUM(F6:F300) -> 3561.4 | R4: TOTAL | S4: =SUM(P6:P300) -> 1617.8
B5: PRODUCTO | C5: UNIDADES | D5: PRECIO | E5: DTO | F5: TOTAL | H5: ALBARANES | I5: =SUM(I9:I300) -> 3561.4 | L5: PRODUCTO | M5: UNIDADES | N5: PRECIO | O5: DTO | P5: TOTAL | R5: ALBARANES | S5: =SUM(S9:S300) -> 1617.8
B6: BERBERECHO | C6: =6+2+2+2+2+2+2+2 -> 20 | D6: 25 | E6: 0 | F6: =(C6*D6)-((C6*D6)*E6) -> 500 | H6: DIFERENCIA | I6: =I5-I4 -> 0 | L6: MEJILLONES | M6: =5+5+5 -> 15 | N6: 2.7 | O6: 0 | P6: =(M6*N6)-((M6*N6)*O6) -> 40.5 | R6: DIFERENCIA | S6: =S5-S4 -> 0
B7: MEJILLONES | C7: =15+5+5+5+5+5+5 -> 45 | D7: 2.7 | E7: 0 | F7: =(C7*D7)-((C7*D7)*E7) -> 121.5 | L7: CHOCHAS GDA | M7: =2+3+2+2+2+2+2+4 -> 19 | N7: 50 | O7: 0 | P7: =(M7*N7)-((M7*N7)*O7) -> 950
B8: CAMARON | C8: =1+0.3+0.5+0.5+0.5 -> 2.8 | D8: 98 | E8: 0 | F8: =(C8*D8)-((C8*D8)*E8) -> 274.4 | H8: Nº ALBARÁN | I8: BASE | J8: % IVA | L8: BERBERECHO | M8: =2+1 -> 3 | N8: 22 | O8: 0 | P8: =(M8*N8)-((M8*N8)*O8) -> 66 | R8: Nº ALBARÁN | S8: BASE | T8: % IVA
B9: CHOCHAS GDA | C9: =10+4+2+2+4+2+2+4+4+4+2 -> 40 | D9: 50 | E9: 0 | F9: =(C9*D9)-((C9*D9)*E9) -> 2000 | H9: 35519 | I9: 63.5 | J9: 0.1 | L9: CHOCHAS TDA | M9: 2 | N9: 50 | O9: 0 | P9: =(M9*N9)-((M9*N9)*O9) -> 100 | R9: 35218 | S9: 13.5 | T9: 0.1
B10: PERCEBES GDO | C10: =1+0.5+0.65+0.5+0.75+0.5 -> 3.9 | D10: 95 | E10: 0 | F10: =(C10*D10)-((C10*D10)*E10) -> 370.5 | H10: 35508 | I10: 309 | J10: 0.1 | L10: CAMARON | M10: 0.5 | N10: 95 | O10: 0 | P10: =(M10*N10)-((M10*N10)*O10) -> 47.5 | R10: 35223 | S10: 113.5 | T10: 0.1
B11: CHOCHAS GDA (alb. 035186 sin precio) | C11: 2 | D11: 0 | E11: 0 | F11: =(C11*D11)-((C11*D11)*E11) -> 0 | H11: 27694 | I11: 250 | J11: 0.1 | L11: BERBERECHO | M11: =2+2+2 -> 6 | N11: 24 | O11: 0 | P11: =(M11*N11)-((M11*N11)*O11) -> 144 | R11: 35230 | S11: 144 | T11: 0.1
B12: BERBERECHO | C12: =2+1+2 -> 5 | D12: 24 | E12: 0 | F12: =(C12*D12)-((C12*D12)*E12) -> 120 | H12: 27677 | I12: 261 | J12: 0.1 | L12: CAMARON | M12: =0.6+0.5 -> 1.1 | N12: 98 | O12: 0 | P12: =(M12*N12)-((M12*N12)*O12) -> 107.8 | R12: 35237 | S12: 69.5 | T12: 0.1
B13: CHOCHAS TDA | C13: =1.5+2 -> 3.5 | D13: 50 | E13: 0 | F13: =(C13*D13)-((C13*D13)*E13) -> 175 | H13: 35535 | I13: 263.5 | J13: 0.1 | L13: PERCEBES GDO | M13: =0.7+0.5 -> 1.2 | N13: 95 | O13: 0 | P13: =(M13*N13)-((M13*N13)*O13) -> 114 | R13: 35250 | S13: 150 | T13: 0.1
H14: 35548 | I14: 42.9 | J14: 0.1 | L14: CAMARON | M14: 0.5 | N14: 96 | O14: 0 | P14: =(M14*N14)-((M14*N14)*O14) -> 48 | R14: 35194 | S14: 206.8 | T14: 0.1
H15: 27557 | I15: 197.5 | J15: 0.1 | R15: 35274 | S15: 149 | T15: 0.1
H16: 27565 | I16: 100 | J16: 0.1 | R16: 26913 | S16: 166.5 | T16: 0.1
H17: 27579 | I17: 249 | J17: 0.1 | R17: 35284 | S17: 209 | T17: 0.1
H18: 27523 | I18: 50 | J18: 0.1 | R18: 35287 | S18: 148 | T18: 0.1
H19: 27534 | I19: 100 | J19: 0.1 | R19: 35292 | S19: 48 | T19: 0.1
H20: 27547 | I20: 149 | J20: 0.1 | R20: 35204 | S20: 200 | T20: 0.1
H21: 27662 | I21: 250 | J21: 0.1
H22: 27591 | I22: 125.25 | J22: 0.1
H23: 35164 | I23: 297.5 | J23: 0.1
H24: 35186 | I24: 84.75 | J24: 0.1
H25: 35175 | I25: 63.5 | J25: 0.1
H26: 35590 | I26: 295.5 | J26: 0.1
H27: 35575 | I27: 75 | J27: 0.1
H28: 35565 | I28: 186.5 | J28: 0.1
H29: 35558 | I29: 148 | J29: 0.1

Sheet _____MONVA
B2: 46204
H4: TOTAL | I4: =SUM(F6:F300) -> 171
B5: PRODUCTO | C5: UNIDADES | D5: PRECIO | E5: DTO | F5: TOTAL | H5: ALBARANES | I5: =SUM(I9:I300) -> 171
B6: GARRAFA AOVE MONTABES 10 L | C6: =1+1+1 -> 3 | D6: 57 | E6: 0 | F6: =(C6*D6)-((C6*D6)*E6) -> 171 | H6: DIFERENCIA | I6: =I5-I4 -> 0
H8: Nº ALBARÁN | I8: BASE | J8: % IVA
H9: AL/5260619 | I9: 57 | J9: 0.04
H10: AL/5260649 | I10: 57 | J10: 0.04
H11: AL/5260627 | I11: 57 | J11: 0.04

Sheet _____MUNDELA
B2: 46204 | L2: 46235
H4: TOTAL | I4: =SUM(F6:F300) -> 5092.38 | R4: TOTAL | S4: =SUM(P6:P300) -> 1920.54
B5: PRODUCTO | C5: UNIDADES | D5: PRECIO | E5: DTO | F5: TOTAL | H5: ALBARANES | I5: =SUM(I9:I300) -> 5092.38 | L5: PRODUCTO | M5: UNIDADES | N5: PRECIO | O5: DTO | P5: TOTAL | R5: ALBARANES | S5: =SUM(S9:S300) -> 1920.54
B6: BARBADILLO VI MOSCATO FRIZZANTE | C6: =(3)*6 -> 18 | D6: 5.63 | E6: 0 | F6: =(C6*D6)-((C6*D6)*E6) -> 101.34 | H6: DIFERENCIA | I6: =I5-I4 -> 0 | L6: RAMON BILBAO BLANCO VERDEJO 3/4 | M6: =(8+3)*6 -> 66 | N6: 4.67 | O6: 0 | P6: =(M6*N6)-((M6*N6)*O6) -> 308.22 | R6: DIFERENCIA | S6: =S5-S4 -> 0
B7: CEPAS VELLAS GODEVAL | C7: =(36)*6 -> 216 | D7: 11.77 | E7: 0 | F7: =(C7*D7)-((C7*D7)*E7) -> 2542.32 | L7: RAMON BILBAO VIÑEDOS DE ALTURA 3/4 | M7: =(4)*6 -> 24 | N7: 8.78 | O7: 0 | P7: =(M7*N7)-((M7*N7)*O7) -> 210.72
B8: RAMON BILBAO BLANCO VERDEJO 3/4 | C8: =(27)*6 -> 162 | D8: 4.67 | E8: 0 | F8: =(C8*D8)-((C8*D8)*E8) -> 756.54 | H8: Nº ALBARÁN | I8: BASE | J8: % IVA | L8: CEPAS VELLAS GODEVAL | M8: =(7)*6 -> 42 | N8: 11.77 | O8: 0 | P8: =(M8*N8)-((M8*N8)*O8) -> 494.34 | R8: Nº ALBARÁN | S8: BASE | T8: % IVA
B9: RAMON BILBAO VIÑEDOS DE ALTURA 3/4 | C9: =(8)*6 -> 48 | D9: 8.78 | E9: 0 | F9: =(C9*D9)-((C9*D9)*E9) -> 421.44 | H9: FM 2547 | I9: 528.12 | J9: 0.21 | L9: PACO GARCIA CRIANZA 3/4 | M9: =(2+2)*12 -> 48 | N9: 5.3 | O9: 0 | P9: =(M9*N9)-((M9*N9)*O9) -> 254.4 | R9: FM 2789 | S9: 1306.8 | T9: 0.21
B10: R.B. EDI.LIM. EARLY HARVEST ROSADO | C10: =(5)*6 -> 30 | D10: 7.88 | E10: 0 | F10: =(C10*D10)-((C10*D10)*E10) -> 236.4 | H10: FM 2592 | I10: 746.52 | J10: 0.21 | L10: CORIMBO | M10: =(3+2+1)*6 -> 36 | N10: 13.91 | O10: 0 | P10: =(M10*N10)-((M10*N10)*O10) -> 500.76 | R10: FM 2789 | S10: 65.28 | T10: 0.1
B11: CORIMBO | C11: =(7)*6 -> 42 | D11: 13.91 | E11: 0 | F11: =(C11*D11)-((C11*D11)*E11) -> 584.22 | H11: FM 2659 | I11: 848.58 | J11: 0.21 | L11: VINAGRE DE JEREZ RESERVA AL MOSCATEL | M11: =(2)*6 -> 12 | N11: 5.44 | O11: 0 | P11: =(M11*N11)-((M11*N11)*O11) -> 65.28 | R11: FM 2940 | S11: 337.8 | T11: 0.21
B12: RODA RESERVA 3/4 | C12: =(3)*6 -> 18 | D12: 21.38 | E12: 0 | F12: =(C12*D12)-((C12*D12)*E12) -> 384.84 | H12: FM 2638 | I12: 1280.7 | J12: 0.21 | L12: BARBADILLO VI MOSCATO FRIZZANTE | M12: =(1)*6 -> 6 | N12: 5.63 | O12: 0 | P12: =(M12*N12)-((M12*N12)*O12) -> 33.78 | R12: FM 2902 | S12: 210.66 | T12: 0.21
B13: VINAGRE DE JEREZ RESERVA AL MOSCATEL | C13: =(2)*6 -> 12 | D13: 5.44 | E13: 0 | F13: =(C13*D13)-((C13*D13)*E13) -> 65.28 | H13: FM 2692 | I13: 1038.9 | J13: 0.21 | L13: MANZANILLA SOLEAR 3/8 | M13: =(1)*12 -> 12 | N13: 4.42 | O13: 0 | P13: =(M13*N13)-((M13*N13)*O13) -> 53.04
H14: FM 2737 | I14: 649.56 | J14: 0.21

Sheet _____PATATAS YAGO
B2: 46204 | L2: 46235
H4: TOTAL | I4: =SUM(F6:F300) -> 611.4 | R4: TOTAL | S4: =SUM(P6:P300) -> 358.9
B5: PRODUCTO | C5: UNIDADES | D5: PRECIO | E5: DTO | F5: TOTAL | H5: ALBARANES | I5: =SUM(I9:I300) -> 611.4 | L5: PRODUCTO | M5: UNIDADES | N5: PRECIO | O5: DTO | P5: TOTAL | R5: ALBARANES | S5: =SUM(S9:S300) -> 358.9
B6: SACO AGRIA NUEVA ALICANTE | C6: =(4+2+1+1)*25 -> 200 | D6: 0.89 | E6: 0 | F6: =(C6*D6)-((C6*D6)*E6) -> 178 | H6: DIFERENCIA | I6: =I5-I4 -> 0 | L6: SACO AGRIA NUEVA ALICANTE | M6: =(1+1+2+2+1+1+2+3)*25 -> 325 | N6: 0.88 | O6: 0 | P6: =(M6*N6)-((M6*N6)*O6) -> 286 | R6: DIFERENCIA | S6: =S5-S4 -> 0
B7: SACO MONALISA | C7: =(1+1+1+1)*25 -> 100 | D7: 0.93 | E7: 0 | F7: =(C7*D7)-((C7*D7)*E7) -> 93 | L7: SACO MONALISA | M7: =(1+1)*25 -> 50 | N7: 0.93 | O7: 0 | P7: =(M7*N7)-((M7*N7)*O7) -> 46.5
B8: SACO AGRIA NUEVA ALICANTE | C8: =(4)*25 -> 100 | D8: 0.95 | E8: 0 | F8: =(C8*D8)-((C8*D8)*E8) -> 95 | H8: Nº ALBARÁN | I8: BASE | J8: % IVA | L8: SACO MONALISA (alb. 696: 30 kg = 1,2 sacos) | M8: =(1.2)*25 -> 30 | N8: 0.88 | O8: 0 | P8: =(M8*N8)-((M8*N8)*O8) -> 26.4 | R8: Nº ALBARÁN | S8: BASE | T8: % IVA
B9: SACO MONALISA | C9: =(1)*25 -> 25 | D9: 0.9 | E9: 0 | F9: =(C9*D9)-((C9*D9)*E9) -> 22.5 | H9: 476 | I9: 44.5 | J9: 0.04 | R9: 637 | S9: 45.25 | T9: 0.04
B10: SACO AGRIA NUEVA ALICANTE | C10: =(1+1+2+1+1+1+1+1)*25 -> 225 | D10: 0.88 | E10: 0 | F10: =(C10*D10)-((C10*D10)*E10) -> 198 | H10: 468 | I10: 23.25 | J10: 0.04 | R10: 675 | S10: 22 | T10: 0.04
B11: SACO MONALISA (alb. 499: 30 kg = 1,2 sacos) | C11: =(1.2)*25 -> 30 | D11: 0.83 | E11: 0 | F11: =(C11*D11)-((C11*D11)*E11) -> 24.9 | H11: 463 | I11: 44.5 | J11: 0.04 | R11: 680 | S11: 67.25 | T11: 0.04
H12: 445 | I12: 46.25 | J12: 0.04 | R12: 689 | S12: 44 | T12: 0.04
H13: 435 | I13: 47.5 | J13: 0.04 | R13: 696 | S13: 48.4 | T13: 0.04
H14: 404 | I14: 23.75 | J14: 0.04 | R14: 709 | S14: 22 | T14: 0.04
H15: 601 | I15: 22 | J15: 0.04 | R15: 729 | S15: 44 | T15: 0.04
H16: 592 | I16: 22 | J16: 0.04 | R16: 737 | S16: 66 | T16: 0.04
H17: 584 | I17: 67.25 | J17: 0.04
H18: 555 | I18: 23.25 | J18: 0.04
H19: 548 | I19: 22 | J19: 0.04
H20: 541 | I20: 22 | J20: 0.04
H21: 529 | I21: 44.5 | J21: 0.04
H22: 518 | I22: 22.25 | J22: 0.04
H23: 499 | I23: 47.15 | J23: 0.04
H24: 630 | I24: 22 | J24: 0.04
H25: 626 | I25: 45.25 | J25: 0.04
H26: 608 | I26: 22 | J26: 0.04

Sheet _____PESCADERIA PALACIO
B2: 46204 | L2: 46235
H4: TOTAL | I4: =SUM(F6:F300) -> 1400.16 | R4: TOTAL | S4: =SUM(P6:P300) -> 369.6
B5: PRODUCTO | C5: UNIDADES | D5: PRECIO | E5: DTO | F5: TOTAL | H5: ALBARANES | I5: =SUM(I9:I300) -> 1400.16 | L5: PRODUCTO | M5: UNIDADES | N5: PRECIO | O5: DTO | P5: TOTAL | R5: ALBARANES | S5: =SUM(S9:S300) -> 369.6
B6: ALISTADO 15/20 PARAPENAEUS | C6: =4.15+1.2+4.2+6.4+3.8+5.1+4.32 -> 29.17 | D6: 48 | E6: 0 | F6: =(C6*D6)-((C6*D6)*E6) -> 1400.16 | H6: DIFERENCIA | I6: =I5-I4 -> 0 | L6: ALISTADO 15/20 PARAPENAEUS | M6: =4+3.7 -> 7.7 | N6: 48 | O6: 0 | P6: =(M6*N6)-((M6*N6)*O6) -> 369.6 | R6: DIFERENCIA | S6: =S5-S4 -> 0
H8: Nº ALBARÁN | I8: BASE | J8: % IVA | R8: Nº ALBARÁN | S8: BASE | T8: % IVA
H9: 140612 | I9: 199.2 | J9: 0.1 | R9: 143228 | S9: 192 | T9: 0.1
H10: 140395 | I10: 259.2 | J10: 0.1 | R10: 143673 | S10: 177.6 | T10: 0.1
H11: 139654 | I11: 307.2 | J11: 0.1
H12: 141763 | I12: 182.4 | J12: 0.1
H13: 140979 | I13: 244.8 | J13: 0.1
H14: 142088 | I14: 207.36 | J14: 0.1

Sheet _____PESCARUM
B2: 46204 | L2: 46235
H4: TOTAL | I4: =SUM(F6:F300) -> 10740.805 | R4: TOTAL | S4: =SUM(P6:P300) -> 5182.885
B5: PRODUCTO | C5: UNIDADES | D5: PRECIO | E5: DTO | F5: TOTAL | H5: ALBARANES | I5: =SUM(I9:I300) -> 10740.83 | L5: PRODUCTO | M5: UNIDADES | N5: PRECIO | O5: DTO | P5: TOTAL | R5: ALBARANES | S5: =SUM(S9:S300) -> 5112.89
B6: ALISTADOS | C6: 1 | D6: 78 | E6: 0 | F6: =(C6*D6)-((C6*D6)*E6) -> 78 | H6: DIFERENCIA | I6: =I5-I4 -> 0.02500015 | L6: CARABINEROS | M6: =1.1+1.1+1.1+2.2+1.2+1.1 -> 7.8 | N6: 98 | O6: 0 | P6: =(M6*N6)-((M6*N6)*O6) -> 764.4 | R6: DIFERENCIA | S6: =S5-S4 -> -69.995
B7: CALAMARES | C7: =5.8+5.8+6.8+7.5+4.2+10+8.6+9.2+6+8.3+6+6.5+9.5+5.9+3.9+7.2 -> 111.2 | D7: 21.5 | E7: 0 | F7: =(C7*D7)-((C7*D7)*E7) -> 2390.8 | L7: NAVAJA | M7: =1+1+1+1+1+1+1+1 -> 8 | N7: 25 | O7: 0 | P7: =(M7*N7)-((M7*N7)*O7) -> 200
B8: CARABINEROS | C8: =2.1+1+1+1.1+1+1.1+1.1+1 -> 9.4 | D8: 98 | E8: 0 | F8: =(C8*D8)-((C8*D8)*E8) -> 921.2 | H8: Nº ALBARÁN | I8: BASE | J8: % IVA | L8: PULPO | M8: =17.13+8.62+8.63+8.9+8.23+8.26+9.6 -> 69.37 | N8: 30.5 | O8: 0 | P8: =(M8*N8)-((M8*N8)*O8) -> 2115.785 | R8: Nº ALBARÁN | S8: BASE | T8: % IVA
B9: CARABINEROS | C9: 1 | D9: 98 | E9: 0 | F9: =(C9*D9)-((C9*D9)*E9) -> 98 | H9: 11/07/2026 | I9: 568.31 | J9: 0.1 | L9: CALAMARES | M9: =4.4+3+6.2+6+6+2.5+2.9+7 -> 38 | N9: 21.5 | O9: 0 | P9: =(M9*N9)-((M9*N9)*O9) -> 817 | R9: 01/08/2026 | S9: 132.8 | T9: 0.1
B10: COQUINAS | C10: =21+4+1+2+4+2+4+4 -> 42 | D10: 30 | E10: 0 | F10: =(C10*D10)-((C10*D10)*E10) -> 1260 | H10: 10/07/2026 | I10: 630.5 | J10: 0.1 | L10: ALISTADOS | M10: =1+1+1 -> 3 | N10: 88 | O10: 0 | P10: =(M10*N10)-((M10*N10)*O10) -> 264 | R10: 04/08/2026 | S10: 922.87 | T10: 0.1
B11: LANGOSTINO | C11: =1.2+1+1.2 -> 3.4 | D11: 35 | E11: 0 | F11: =(C11*D11)-((C11*D11)*E11) -> 119 | H11: 09/07/2026 | I11: 626.95 | J11: 0.1 | L11: ZAMBURIÑAS | M11: =10+8+10+10 -> 38 | N11: 15.5 | O11: 0 | P11: =(M11*N11)-((M11*N11)*O11) -> 589 | R11: 06/08/2026 | S11: 352.41 | T11: 0.1
B12: NAVAJA | C12: =5+1+1+1+1+1+1+2+2+1 -> 16 | D12: 25 | E12: 0 | F12: =(C12*D12)-((C12*D12)*E12) -> 400 | H12: 08/07/2026 | I12: 229.2 | J12: 0.1 | L12: PARRILLATO | M12: 2.3 | N12: 14 | O12: 0 | P12: =(M12*N12)-((M12*N12)*O12) -> 32.2 | R12: 07/08/2026 | S12: 195.8 | T12: 0.1
B13: NAVAJA | C13: 2 | D13: 23 | E13: 0 | F13: =(C13*D13)-((C13*D13)*E13) -> 46 | H13: 04/07/2026 | I13: 1212.78 | J13: 0.1 | L13: COQUINAS | M13: 4 | N13: 30 | O13: 0 | P13: =(M13*N13)-((M13*N13)*O13) -> 120 | R13: 18/08/2026 | S13: 190.5 | T13: 0.1
B14: NAVAJA | C14: 1 | D14: 25.5 | E14: 0 | F14: =(C14*D14)-((C14*D14)*E14) -> 25.5 | H14: 03/07/2026 | I14: 558.22 | J14: 0.1 | L14: COCOCHAS | M14: 1 | N14: 58 | O14: 0 | P14: =(M14*N14)-((M14*N14)*O14) -> 58 | R14: 19/08/2026 | S14: 602.81 | T14: 0.1
B15: PULPO | C15: =16.0757377+8.5+17.46+8.63+8.9+6.5+7.44+6.4+13.03+14.73+7.39+9.41 -> 124.46574 | D15: 30.5 | E15: 0 | F15: =(C15*D15)-((C15*D15)*E15) -> 3796.205 | H15: 02/07/2026 | I15: 175.8 | J15: 0.1 | L15: COQUINAS | M15: =2+3 -> 5 | N15: 32.5 | O15: 0 | P15: =(M15*N15)-((M15*N15)*O15) -> 162.5 | R15: 20/08/2026 | S15: 332 | T15: 0.1
B16: QUISQUILLA | C16: 3 | D16: 58 | E16: 0 | F16: =(C16*D16)-((C16*D16)*E16) -> 174 | H16: 01/07/2026 | I16: 497.5 | J16: 0.1 | L16: COCOCHAS | M16: 1 | N16: 60 | O16: 0 | P16: =(M16*N16)-((M16*N16)*O16) -> 60 | R16: 22/08/2026 | S16: 194 | T16: 0.1
B17: ZAMBURIÑAS | C17: =30+10+10+10+10+10 -> 80 | D17: 15.5 | E17: 0 | F17: =(C17*D17)-((C17*D17)*E17) -> 1240 | H17: 25/07/2026 | I17: 180 | J17: 0.1 | R17: 25/08/2026 | S17: 451.45 | T17: 0.1
B18: NAVAJA | C18: 1 | D18: 29.5 | E18: 0 | F18: =(C18*D18)-((C18*D18)*E18) -> 29.5 | H18: 24/07/2026 | I18: 456.35 | J18: 0.1 | R18: 26/08/2026 | S18: 304.77 | T18: 0.1
B19: CIGALA | C19: 1 | D19: 75 | E19: 0 | F19: =(C19*D19)-((C19*D19)*E19) -> 75 | H19: 23/07/2026 | I19: 614.05 | J19: 0.1 | R19: 27/08/2026 | S19: 147.35 | T19: 0.1
B20: PRODUCTO ILEGIBLE (alb. 22/07) | C20: 2.2 | D20: 13 | E20: 0 | F20: =(C20*D20)-((C20*D20)*E20) -> 28.6 | H20: 22/07/2026 | I20: 346.4 | J20: 0.1 | R20: 28/08/2026 | S20: 457.53 | T20: 0.1
B21: QUISQUILLA | C21: 1 | D21: 59 | E21: 0 | F21: =(C21*D21)-((C21*D21)*E21) -> 59 | H21: 21/07/2026 | I21: 440.92 | J21: 0.1 | R21: 29/08/2026 | S21: 828.6 | T21: 0.1
H22: 31/07/2026 | I22: 301.45 | J22: 0.1
H23: 30/07/2026 | I23: 284 | J23: 0.1
H24: 29/07/2026 | I24: 448 | J24: 0.1
H25: 28/07/2026 | I25: 562.17 | J25: 0.1
H26: 18/07/2026 | I26: 916.32 | J26: 0.1
H27: 17/07/2026 | I27: 110 | J27: 0.1
H28: 16/07/2026 | I28: 401.85 | J28: 0.1
H29: 15/07/2026 | I29: 671.25 | J29: 0.1
H30: 14/07/2026 | I30: 508.81 | J30: 0.1

Sheet _____PEÑALASTALLAS
B2: 46204 | L2: 46235
H4: TOTAL | I4: =SUM(F6:F300) -> 1635.591 | R4: TOTAL | S4: =SUM(P6:P300) -> 519.685
B5: PRODUCTO | C5: UNIDADES | D5: PRECIO | E5: DTO | F5: TOTAL | H5: ALBARANES | I5: =SUM(I9:I300) -> 1635.61 | L5: PRODUCTO | M5: UNIDADES | N5: PRECIO | O5: DTO | P5: TOTAL | R5: ALBARANES | S5: =SUM(S9:S300) -> 519.69
B6: PINCHO MORUNO DE POLLO | C6: =2.08+4.02+3.74+4.02+5.6+3.92+3.68 -> 27.06 | D6: 8.9 | E6: 0 | F6: =(C6*D6)-((C6*D6)*E6) -> 240.834 | H6: DIFERENCIA | I6: =I5-I4 -> 0.019 | L6: PINCHO MORUNO DE POLLO | M6: =3.64+4.07+2.01+1.9 -> 11.62 | N6: 8.9 | O6: 0 | P6: =(M6*N6)-((M6*N6)*O6) -> 103.418 | R6: DIFERENCIA | S6: =S5-S4 -> 0.005
B7: PINCHOS MORUNOS | C7: =1.98+3.82+1.99+2.05+2.04+3.46+3.86 -> 19.2 | D7: 8.9 | E7: 0 | F7: =(C7*D7)-((C7*D7)*E7) -> 170.88 | L7: PINCHOS MORUNOS | M7: =1.8+1.84+1.79+1.78 -> 7.21 | N7: 8.9 | O7: 0 | P7: =(M7*N7)-((M7*N7)*O7) -> 64.169
B8: MOLLEJAS DE CORDERO | C8: =6.3+8.14+6+8.44+8.2+6.3 -> 43.38 | D8: 27.9 | E8: 0 | F8: =(C8*D8)-((C8*D8)*E8) -> 1210.302 | H8: Nº ALBARÁN | I8: BASE | J8: % IVA | L8: MOLLEJAS DE CORDERO | M8: =6.32+6.3 -> 12.62 | N8: 27.9 | O8: 0 | P8: =(M8*N8)-((M8*N8)*O8) -> 352.098 | R8: Nº ALBARÁN | S8: BASE | T8: % IVA
B9: POLLOS ENTEROS | C9: 3.62 | D9: 3.75 | E9: 0 | F9: =(C9*D9)-((C9*D9)*E9) -> 13.575 | H9: 11957 | I9: 211.9 | J9: 0.1 | R9: 12129 | S9: 48.42 | T9: 0.1
H10: 11926 | I10: 262.89 | J10: 0.1 | R10: 12269 | S10: 228.93 | T10: 0.1
I11: 67.29 | J11: 0.1 | R11: 12312 | S11: 209.59 | T11: 0.1
H12: 11858 | I12: 220.89 | J12: 0.1 | R12: 12339 | S12: 32.75 | T12: 0.1
H13: 12056 | I13: 303.57 | J13: 0.1
H14: 12035 | I14: 53.05 | J14: 0.1
H15: 12011 | I15: 292.32 | J15: 0.1
H16: 12113 | I16: 223.7 | J16: 0.1

Sheet _____ROMERO ALVAREZ
B2: 46204 | L2: 46235
H4: TOTAL | I4: =SUM(F6:F300) -> 533.736 | R4: TOTAL | S4: =SUM(P6:P300) -> 654.192
B5: PRODUCTO | C5: UNIDADES | D5: PRECIO | E5: DTO | F5: TOTAL | H5: ALBARANES | I5: =SUM(I9:I300) -> 533.74 | L5: PRODUCTO | M5: UNIDADES | N5: PRECIO | O5: DTO | P5: TOTAL | R5: ALBARANES | S5: =SUM(S9:S300) -> 654.19
B6: PRESA 100% IBERICA | C6: =10.34+10.84 -> 21.18 | D6: 25.2 | E6: 0 | F6: =(C6*D6)-((C6*D6)*E6) -> 533.736 | H6: DIFERENCIA | I6: =I5-I4 -> 0.004 | L6: PRESA 100% IBERICA | M6: 10.46 | N6: 25.2 | O6: 0 | P6: =(M6*N6)-((M6*N6)*O6) -> 263.592 | R6: DIFERENCIA | S6: =S5-S4 -> -0.002
L7: PRESA IBERICA | M7: 15.5 | N7: 25.2 | O7: 0 | P7: =(M7*N7)-((M7*N7)*O7) -> 390.6
H8: Nº ALBARÁN | I8: BASE | J8: % IVA | R8: Nº ALBARÁN | S8: BASE | T8: % IVA
H9: SEC 6207 | I9: 260.57 | J9: 0.1 | R9: SEC 3 | S9: 263.59 | T9: 0.1
H10: SEC 6082 | I10: 273.17 | J10: 0.1 | R10: SEC 270 | S10: 390.6 | T10: 0.1

Sheet _____SUBMARINER
B2: 46204 | L2: 46235
H4: TOTAL | I4: =SUM(F6:F300) -> 3291.3008 | R4: TOTAL | S4: =SUM(P6:P300) -> 712.9088
B5: PRODUCTO | C5: UNIDADES | D5: PRECIO | E5: DTO | F5: TOTAL | H5: ALBARANES | I5: =SUM(I9:I300) -> 3291.32 | L5: PRODUCTO | M5: UNIDADES | N5: PRECIO | O5: DTO | P5: TOTAL | R5: ALBARANES | S5: =SUM(S9:S300) -> 712.94
B6: ABSOLUT 0,70L | C6: 18 | D6: 11.85 | E6: 0.04 | F6: =(C6*D6)-((C6*D6)*E6) -> 204.768 | H6: DIFERENCIA | I6: =I5-I4 -> 0.0192 | L6: GREY GOOSE VODKA 0,70L NR | M6: 2 | N6: 37.45 | O6: 0.04 | P6: =(M6*N6)-((M6*N6)*O6) -> 71.904 | R6: DIFERENCIA | S6: =S5-S4 -> 0.0312
B7: AGT 3L MOS DE PAS | C7: 1 | D7: 19.98 | E7: 0.04 | F7: =(C7*D7)-((C7*D7)*E7) -> 19.1808 | L7: MAESTRO DOBEL DIAMANTE REPOSADO 0.70 | M7: 2 | N7: 55.17 | O7: 0.04 | P7: =(M7*N7)-((M7*N7)*O7) -> 105.9264
B8: APEROL LITRO | C8: 8 | D8: 11.17 | E8: 0.04 | F8: =(C8*D8)-((C8*D8)*E8) -> 85.7856 | H8: Nº ALBARÁN | I8: BASE | J8: % IVA | L8: SEAGRAMS 0,0 0,70L | M8: 1 | N8: 12.99 | O8: 0.04 | P8: =(M8*N8)-((M8*N8)*O8) -> 12.4704 | R8: Nº ALBARÁN | S8: BASE | T8: % IVA
B9: BALLANTINES 0,70L NR | C9: 4 | D9: 11.55 | E9: 0.04 | F9: =(C9*D9)-((C9*D9)*E9) -> 44.352 | H9: SF 7559 | I9: 1389.49 | J9: 0.21 | L9: TANQUERAY 0,70L | M9: 1 | N9: 12.12 | O9: 0.04 | P9: =(M9*N9)-((M9*N9)*O9) -> 11.6352 | R9: SF 8750 | S9: 225.69 | T9: 0.21
B10: BEEFEATER 0,70L NR | C10: 18 | D10: 12.3 | E10: 0.04 | F10: =(C10*D10)-((C10*D10)*E10) -> 212.544 | H10: SF 7806 | I10: 963.55 | J10: 0.21 | L10: ABSOLUT 0,70L | M10: =2+3 -> 5 | N10: 11.85 | O10: 0.04 | P10: =(M10*N10)-((M10*N10)*O10) -> 56.88 | R10: SF 8939 | S10: 487.25 | T10: 0.21
B11: BOMBAY SAPHIRE 0,70 | C11: 4 | D11: 14.2 | E11: 0.04 | F11: =(C11*D11)-((C11*D11)*E11) -> 54.528 | H11: SF 7780 | I11: 152.52 | J11: 0.21 | L11: SERVICIOS LOGISTICOS | M11: =1+1 -> 2 | N11: 1 | O11: 0 | P11: =(M11*N11)-((M11*N11)*O11) -> 2
B12: BRUGAL 0,70L NR | C12: 10 | D12: 11.66 | E12: 0.04 | F12: =(C12*D12)-((C12*D12)*E12) -> 111.936 | H12: SF 8070 | I12: 456.92 | J12: 0.21 | L12: GIN NORDÉS 0,70L | M12: 2 | N12: 19.9 | O12: 0.04 | P12: =(M12*N12)-((M12*N12)*O12) -> 38.208
B13: BULLEIT BOURBON 0,70 | C13: 1 | D13: 19.93 | E13: 0.04 | F13: =(C13*D13)-((C13*D13)*E13) -> 19.1328 | H13: SF 8308 | I13: 328.84 | J13: 0.21 | L13: HENDRICKS 0,70L | M13: 1 | N13: 24.08 | O13: 0.04 | P13: =(M13*N13)-((M13*N13)*O13) -> 23.1168
B14: CHIVAS 12 AÑOS 0,7L NR | C14: 2 | D14: 23.03 | E14: 0.04 | F14: =(C14*D14)-((C14*D14)*E14) -> 44.2176 | L14: LARIOS 1L NR | M14: 1 | N14: 10.32 | O14: 0.04 | P14: =(M14*N14)-((M14*N14)*O14) -> 9.9072
B15: CINZANO PROSECCO SPRITZ | C15: 12 | D15: 5.03 | E15: 0.04 | F15: =(C15*D15)-((C15*D15)*E15) -> 57.9456 | L15: WHITE LABEL 0,70L NR | M15: 7 | N15: 11.09 | O15: 0.04 | P15: =(M15*N15)-((M15*N15)*O15) -> 74.5248
B16: CREMA ORUJO 3L MOS DE PAS | C16: 3 | D16: 15.6 | E16: 0.04 | F16: =(C16*D16)-((C16*D16)*E16) -> 44.928 | L16: JAMESON 0,70L | M16: 2 | N16: 14.48 | O16: 0.04 | P16: =(M16*N16)-((M16*N16)*O16) -> 27.8016
B17: DYC 1L | C17: 2 | D17: 11.13 | E17: 0.04 | F17: =(C17*D17)-((C17*D17)*E17) -> 21.3696 | L17: APEROL LITRO | M17: 3 | N17: 11.17 | O17: 0.04 | P17: =(M17*N17)-((M17*N17)*O17) -> 32.1696
B18: GIN NORDÉS 0,70L | C18: 3 | D18: 19.9 | E18: 0.04 | F18: =(C18*D18)-((C18*D18)*E18) -> 57.312 | L18: MARTINI ROJO 1L | M18: 3 | N18: 8.36 | O18: 0.04 | P18: =(M18*N18)-((M18*N18)*O18) -> 24.0768
B19: GIN PUERTO INDIAS FRESA 0,70 | C19: 3 | D19: 13.73 | E19: 0.04 | F19: =(C19*D19)-((C19*D19)*E19) -> 39.5424 | L19: MARTINI ROJO 1L (regalo) | M19: 1 | N19: 8.36 | O19: 1 | P19: =(M19*N19)-((M19*N19)*O19) -> 0
B20: HAVANA 7 AÑOS NR | C20: 6 | D20: 18.81 | E20: 0.04 | F20: =(C20*D20)-((C20*D20)*E20) -> 108.3456 | L20: MARTINI BLANCO 1L | M20: 2 | N20: 8.36 | O20: 0.04 | P20: =(M20*N20)-((M20*N20)*O20) -> 16.0512
B21: HIERBAS 3 LITROS BEREMOT | C21: 1 | D21: 15.1 | E21: 0.04 | F21: =(C21*D21)-((C21*D21)*E21) -> 14.496 | L21: CREMA ORUJO 3L MOS DE PAS | M21: 1 | N21: 15.6 | O21: 0.04 | P21: =(M21*N21)-((M21*N21)*O21) -> 14.976
B22: J. WALKER NEGRA 0,70L NR | C22: 12 | D22: 22.31 | E22: 0.04 | F22: =(C22*D22)-((C22*D22)*E22) -> 257.0112 | L22: PACHARAN 3L MOS DE PAS | M22: 1 | N22: 14.57 | O22: 0.04 | P22: =(M22*N22)-((M22*N22)*O22) -> 13.9872
B23: J. WALKER RED 0,70L NR | C23: 21 | D23: 11.96 | E23: 0.04 | F23: =(C23*D23)-((C23*D23)*E23) -> 241.1136 | L23: HIERBAS 3L MOS DE PAS | M23: 1 | N23: 15.1 | O23: 0.04 | P23: =(M23*N23)-((M23*N23)*O23) -> 14.496
B24: JOSE CUERVO ESPECIAL 0,7L NR | C24: 5 | D24: 13.66 | E24: 0.04 | F24: =(C24*D24)-((C24*D24)*E24) -> 65.568 | L24: LIMONCELO DE 3L BEREMOT | M24: 1 | N24: 15.96 | O24: 0.04 | P24: =(M24*N24)-((M24*N24)*O24) -> 15.3216
B25: JOSE CUERVO SILVER 0.7 | C25: 5 | D25: 12.68 | E25: 0.04 | F25: =(C25*D25)-((C25*D25)*E25) -> 60.864 | L25: RED BULL 24U | M25: 2 | N25: 38.4 | O25: 0.04 | P25: =(M25*N25)-((M25*N25)*O25) -> 73.728
... B28: LICOR CAFÉ QUEMEIRAS 3L | C28: 1 | D28: 14.57 | E28: 0.04 | F28: =(C28*D28)-((C28*D28)*E28) -> 13.9872 | L28: RED BULL LIGHT 24U (regalo) | M28: 1 | N28: 38.4 | O28: 1 | P28: =(M28*N28)-((M28*N28)*O28) -> 0
B29: MACALLAN 12 | C29: 3 | D29: 56.01 | E29: 0.04 | F29: =(C29*D29)-((C29*D29)*E29) -> 161.3088
B30: MAESTRO DOBEL DIAMANTE REPOSADO 0.70 | C30: 2 | D30: 55.17 | E30: 0.04 | F30: =(C30*D30)-((C30*D30)*E30) -> 105.9264
B31: RON BARCELO 0,70L NR | C31: 12 | D31: 12.1 | E31: 0.04 | F31: =(C31*D31)-((C31*D31)*E31) -> 139.392
B32: RUINART BLANC DE BLANC 0,75 | C32: 6 | D32: 72.48 | E32: 0.04 | F32: =(C32*D32)-((C32*D32)*E32) -> 417.4848
B33: SANTA TERESA G.RVA 0,70L | C33: 3 | D33: 11.35 | E33: 0.04 | F33: =(C33*D33)-((C33*D33)*E33) -> 32.688
B34: SEAGRAMS 0,70L NR | C34: =24+12 -> 36 | D34: 13.38 | E34: 0.04 | F34: =(C34*D34)-((C34*D34)*E34) -> 462.4128
B35: SERVICIOS LOGISTICOS | C35: 5 | D35: 1 | E35: 0 | F35: =(C35*D35)-((C35*D35)*E35) -> 5
B36: LIMONCELO DE 3L BEREMOT | C36: 2 | D36: 15.96 | E36: 0.04 | F36: =(C36*D36)-((C36*D36)*E36) -> 30.6432
B37: MARTINI ROJO 1L | C37: 2 | D37: 8.36 | E37: 0.04 | F37: =(C37*D37)-((C37*D37)*E37) -> 16.0512
B38: RON BARCELO IMPERIAL 0,70L | C38: 1 | D38: 24 | E38: 0.04 | F38: =(C38*D38)-((C38*D38)*E38) -> 23.04
B39: RED BULL 24U | C39: 1 | D39: 38.4 | E39: 0.25 | F39: =(C39*D39)-((C39*D39)*E39) -> 28.8

Sheet _____TOMATERIA CEA
B2: 46204 | L2: 46235
H4: TOTAL | I4: =SUM(F6:F300) -> 584.97 | R4: TOTAL | S4: =SUM(P6:P300) -> 319.995
B5: PRODUCTO | C5: UNIDADES | D5: PRECIO | E5: DTO | F5: TOTAL | H5: ALBARANES | I5: =SUM(I9:I300) -> 584.97 | L5: PRODUCTO | M5: UNIDADES | N5: PRECIO | O5: DTO | P5: TOTAL | R5: ALBARANES | S5: =SUM(S9:S300) -> 320
B6: RAF IBERICO | C6: =6+10.5+6.085+10+10.075+6+6.53+6.035+6+6+6.2+6+6+6.07 -> 97.495 | D6: 6 | E6: 0 | F6: =(C6*D6)-((C6*D6)*E6) -> 584.97 | H6: DIFERENCIA | I6: =I5-I4 -> 0 | L6: RAF IBERICO | M6: =11.025+8.085 -> 19.11 | N6: 6 | O6: 0 | P6: =(M6*N6)-((M6*N6)*O6) -> 114.66 | R6: DIFERENCIA | S6: =S5-S4 -> 0.005
L7: RAF IBERICO | M7: =8.16+3.13+8+6+6.3 -> 31.59 | N7: 6.5 | O7: 0 | P7: =(M7*N7)-((M7*N7)*O7) -> 205.335
H8: Nº ALBARÁN | I8: BASE | J8: % IVA | R8: Nº ALBARÁN | S8: BASE | T8: % IVA
H9: 11/07/2026 | I9: 36 | J9: 0.04 | R9: 01/08/2026 | S9: 66.15 | T9: 0.04
H10: 09/07/2026 | I10: 63 | J10: 0.04 | R10: 05/08/2026 | S10: 48.51 | T10: 0.04
H11: 08/07/2026 | I11: 36.51 | J11: 0.04 | R11: 18/08/2026 | S11: 53.04 | T11: 0.04
H12: 04/07/2026 | I12: 60 | J12: 0.04 | R12: 24/08/2026 | S12: 20.35 | T12: 0.04
H13: 03/07/2026 | I13: 60.45 | J13: 0.04 | R13: 25/08/2026 | S13: 52 | T13: 0.04
H14: 19/07/1902 | I14: 36 | J14: 0.04 | R14: 27/08/2026 | S14: 39 | T14: 0.04
H15: 24/07/2026 | I15: 39.18 | J15: 0.04 | R15: 29/08/2026 | S15: 40.95 | T15: 0.04
H16: 23/07/2026 | I16: 36.21 | J16: 0.04
H17: 21/07/2026 | I17: 36 | J17: 0.04
H18: 18/07/2026 | I18: 36 | J18: 0.04
H19: 16/07/2026 | I19: 37.2 | J19: 0.04
H20: 15/07/2026 | I20: 36 | J20: 0.04
H21: 14/07/2026 | I21: 36 | J21: 0.04
H22: 30/07/2026 | I22: 36.42 | J22: 0.04

Sheet _____VENERO CLARO
B2: 46204 | L2: 46235
H4: TOTAL | I4: =SUM(F6:F300) -> 270.4 | R4: TOTAL | S4: =SUM(P6:P300) -> 271.18
B5: PRODUCTO | C5: UNIDADES | D5: PRECIO | E5: DTO | F5: TOTAL | H5: ALBARANES | I5: =SUM(I9:I300) -> 270.4 | L5: PRODUCTO | M5: UNIDADES | N5: PRECIO | O5: DTO | P5: TOTAL | R5: ALBARANES | S5: =SUM(S9:S300) -> 271.18
B6: LOMO VACA VENERO CLARO C/H | C6: 10.4 | D6: 26 | E6: 0 | F6: =(C6*D6)-((C6*D6)*E6) -> 270.4 | H6: DIFERENCIA | I6: =I5-I4 -> 0 | L6: LOMO VACA VENERO CLARO C/H | M6: 10.43 | N6: 26 | O6: 0 | P6: =(M6*N6)-((M6*N6)*O6) -> 271.18 | R6: DIFERENCIA | S6: =S5-S4 -> 0
H8: Nº ALBARÁN | I8: BASE | J8: % IVA | R8: Nº ALBARÁN | S8: BASE | T8: % IVA
H9: 26VC-1657 | I9: 270.4 | J9: 0.1 | R9: 26VC-1939 | S9: 271.18 | T9: 0.1

Sheet _____VINS DES DIEUX
B2: 46204
H4: TOTAL | I4: =SUM(F6:F300) -> 202.8
B5: PRODUCTO | C5: UNIDADES | D5: PRECIO | E5: DTO | F5: TOTAL | H5: ALBARANES | I5: =SUM(I9:I300) -> 202.8
B6: CANTALAPIEDRA CHIVIRITERO 2024 | C6: 12 | D6: 16.9 | E6: 0 | F6: =(C6*D6)-((C6*D6)*E6) -> 202.8 | H6: DIFERENCIA | I6: =I5-I4 -> 0
H8: Nº ALBARÁN | I8: BASE | J8: % IVA
H9: A262464 | I9: 202.8 | J9: 0.21

Sheet _____VOLDIS
B2: 46204 | L2: 46235
H4: TOTAL | I4: =SUM(F6:F300) -> 6546.456 | R4: TOTAL | S4: =SUM(P6:P300) -> 780.87
B5: PRODUCTO | C5: UNIDADES | D5: PRECIO | E5: DTO | F5: TOTAL | H5: ALBARANES | I5: =SUM(I9:I300) -> 6546.46 | L5: PRODUCTO | M5: UNIDADES | N5: PRECIO | O5: DTO | P5: TOTAL | R5: ALBARANES | S5: =SUM(S9:S300) -> 780.87
B6: AGUA CON GAS SOLAN DE CABRAS VIDRIO RNR 33CL | C6: 41 | D6: 26.81 | E6: 0.4 | F6: =(C6*D6)-((C6*D6)*E6) -> 659.526 | H6: DIFERENCIA | I6: =I5-I4 -> 0.004 | L6: TICKET VOLDIS 25/08 (detalle ilegible) base 10% | M6: 1 | N6: 4.38 | O6: 0 | P6: =(M6*N6)-((M6*N6)*O6) -> 4.38 | R6: DIFERENCIA | S6: =S5-S4 -> 0
B7: AGUA SOLAN DE CABRAS VIDRIO RET 50CL 20U | C7: 49 | D7: 12.3 | E7: 0.4 | F7: =(C7*D7)-((C7*D7)*E7) -> 361.62 | L7: TICKET VOLDIS 25/08 (detalle ilegible) base 21% | M7: 1 | N7: 484.47 | O7: 0 | P7: =(M7*N7)-((M7*N7)*O7) -> 484.47
B8: ALHAMBRA RESERVA 1925 VIDRIO NR 33CL | C8: 14 | D8: 41.92 | E8: 0 | F8: =(C8*D8)-((C8*D8)*E8) -> 586.88 | H8: Nº ALBARÁN | I8: BASE | J8: % IVA | L8: TICKET VOLDIS 19/08 (detalle ilegible) base 10% | M8: 1 | N8: 29.52 | O8: 0 | P8: =(M8*N8)-((M8*N8)*O8) -> 29.52 | R8: Nº ALBARÁN | S8: BASE | T8: % IVA
B9: AQUARADE ZERO LIMON VIDRIO RET 35CL | C9: 3 | D9: 33.54 | E9: 0 | F9: =(C9*D9)-((C9*D9)*E9) -> 100.62 | H9: 26184 | I9: 75.45 | J9: 0.1 | L9: TICKET VOLDIS 19/08 (detalle ilegible) base 21% | M9: 1 | N9: 262.5 | O9: 0 | P9: =(M9*N9)-((M9*N9)*O9) -> 262.5 | R9: AP26-? (25/08) | S9: 4.38 | T9: 0.1
B10: AQUARADE ZERO NARANJA VIDRIO RET 35CL | C10: 2 | D10: 33.84 | E10: 0 | F10: =(C10*D10)-((C10*D10)*E10) -> 67.68 | H10: 26184 | I10: 68.41 | J10: 0.21 | R10: AP26-? (25/08) | S10: 484.47 | T10: 0.21
B11: ENVASES MAHOU CAJA RET 33CL 24U | C11: -6 | D11: 1 | E11: 0 | F11: =(C11*D11)-((C11*D11)*E11) -> -6 | H11: 23129 | I11: 156.75 | J11: 0.1 | R11: AP26-? (19/08) | S11: 29.52 | T11: 0.1
B12: ENVASES MAHOU VIDRIO RET 33CL | C12: -144 | D12: 0.070833333 | E12: 0 | F12: =(C12*D12)-((C12*D12)*E12) -> -10.2 | H12: 23129 | I12: 598.88 | J12: 0.21 | R12: AP26-? (19/08) | S12: 262.5 | T12: 0.21
B13: ENVASES MSM TANQUETA RET 10L | C13: 3 | D13: 20 | E13: 0 | F13: =(C13*D13)-((C13*D13)*E13) -> 60 | H13: 24440 | I13: 184.27 | J13: 0.21
B14: ENVASES PEPSI KAS CAJA RET 35CL 24U | C14: -8 | D14: 3.14 | E14: 0 | F14: =(C14*D14)-((C14*D14)*E14) -> -25.12 | H14: 24355 | I14: 180.34 | J14: 0.1
B15: ENVASES PEPSI KAS VIDRIO RET 35CL | C15: =-72-72-48 -> -192 | D15: 0.14 | E15: 0 | F15: =(C15*D15)-((C15*D15)*E15) -> -26.88 | H15: 24355 | I15: 1256.82 | J15: 0.21
B16: ENVASES SCH CAJA RET 20CL 28U | C16: -4 | D16: 2.4 | E16: 0 | F16: =(C16*D16)-((C16*D16)*E16) -> -9.6 | H16: 24723 | I16: 26.52 | J16: 0.1
B17: ENVASES SCHWEPPES VIDRIO RET 20CL | C17: =-224+56-56+112 -> -112 | D17: =0.1 -> 0.1 | E17: 0 | F17: =(C17*D17)-((C17*D17)*E17) -> -11.2 | H17: 24723 | I17: 547.04 | J17: 0.21
B18: ENVASES SEVEN UP CAJA RET 20CL | C18: 0 | D18: 2.4 | E18: 0 | F18: =(C18*D18)-((C18*D18)*E18) -> 0 | H18: 25203 | I18: 148.18 | J18: 0.1
B19: ENVASES SEVEN UP VIDRIO RET 30CL | C19: 0 | D19: 0.1 | E19: 0 | F19: =(C19*D19)-((C19*D19)*E19) -> 0 | H19: 25203 | I19: 994.47 | J19: 0.21
B20: ENVASES SOLAN DE CABRAS CAJA RET 50CL | C20: -7 | D20: 3.31 | E20: 0 | F20: =(C20*D20)-((C20*D20)*E20) -> -23.17 | H20: 23640 | I20: 202.48 | J20: 0.1
B21: ENVASES SOLAN DE CABRAS VIDRIO RET 50CL | C21: -140 | D21: 0.24 | E21: 0 | F21: =(C21*D21)-((C21*D21)*E21) -> -33.6 | H21: 23640 | I21: 677.79 | J21: 0.21
B22: LA CASERA GASEOSA PET 1L CAJA 12U | C22: 3 | D22: 21.48 | E22: 0 | F22: =(C22*D22)-((C22*D22)*E22) -> 64.44 | H22: 25801 | I22: 171.64 | J22: 0.1
B23: LA CASERA LIMON PET 1L CAJA 12U | C23: 17 | D23: 24.61 | E23: 0 | F23: =(C23*D23)-((C23*D23)*E23) -> 418.37 | H23: 25801 | I23: 1257.42 | J23: 0.21
B24: LIPTON ZERO LIMON VIDRIO RET 35CL CAJA 24U | C24: 5 | D24: 32.88 | E24: 0 | F24: =(C24*D24)-((C24*D24)*E24) -> 164.4
B25: MAHOU 0,0 TOSTADA VIDRIO RET 33CL | C25: 9 | D25: 38.3 | E25: 0 | F25: =(C25*D25)-((C25*D25)*E25) -> 344.7
B26: MAHOU 5 ESTRELLAS SIN GLUTEN VIDRIO NR 33CL | C26: 21 | D26: 45.52 | E26: 0 | F26: =(C26*D26)-((C26*D26)*E26) -> 955.92
B27: MAHOU 5 ESTRELLAS VIDRIO RET 33CL CAJA 24U | C27: 20 | D27: 31.26 | E27: 0 | F27: =(C27*D27)-((C27*D27)*E27) -> 625.2
B28: MAHOU SIN BARRIL RET 10L | C28: 15 | D28: 46.21 | E28: 0 | F28: =(C28*D28)-((C28*D28)*E28) -> 693.15
B29: SCHWEPPES LIMON LOW CAL VIDRIO RET 20CL | C29: 7 | D29: 26.04 | E29: 0 | F29: =(C29*D29)-((C29*D29)*E29) -> 182.28
B30: SCHWEPPES NARANJA LOW CAL VIDRIO RET 20CL | C30: 1 | D30: 26.04 | E30: 0 | F30: =(C30*D30)-((C30*D30)*E30) -> 26.04
B31: SCHWEPPES TONICA VIDRIO RET 20CL CAJA 28U | C31: 31 | D31: 31.92 | E31: 0 | F31: =(C31*D31)-((C31*D31)*E31) -> 989.52
B32: SEVEN UP ZERO AXL VIDRIO RET 20CL | C32: 12 | D32: 23.28 | E32: 0 | F32: =(C32*D32)-((C32*D32)*E32) -> 279.36
B33: ZUMO VIDA PIÑA VIDRIO NR 20CL | C33: 1 | D33: 29.91 | E33: 0 | F33: =(C33*D33)-((C33*D33)*E33) -> 29.91
B34: ZUMO VIDA RARANJA VIDRIO NR 20CL | C34: 1 | D34: 29.91 | E34: 0 | F34: =(C34*D34)-((C34*D34)*E34) -> 29.91
B35: SCHWEPPES GINGER ALE LOW CAL VIDRIO RET 20CL CAJA 28 U | C35: 1 | D35: 31.92 | E35: 0 | F35: =(C35*D35)-((C35*D35)*E35) -> 31.92
B36: IMPORTES SUELTOS SIN DESCRIPCIÓN (venían así en la hoja) | C36: 1 | D36: =2.95+2.04+3.95+2.98-0.38+3.31+2.95+2.98 -> 20.78 | E36: 0 | F36: =(C36*D36)-((C36*D36)*E36) -> 20.78
